date,day_of_week,month,year,week_of_year,Getränke_sales,Coffee_sales,Flat White auf Eis_sales,Hafer Flat White auf ice_sales,Decaf Flat White auf Ice_sales,Coldbrew_sales,Flat White auf Eis._sales,Cold Brew_sales,Hafer Flat White auf Eis_sales,Espresso Tonic_sales,Decaf Flat White auf Eis_sales,Nitro Americano_sales,_sales,Getränke_count,Coffee_count,Flat White auf Eis_count,Hafer Flat White auf ice_count,Decaf Flat White auf Ice_count,Coldbrew_count,Flat White auf Eis._count,Cold Brew_count,Hafer Flat White auf Eis_count,Espresso Tonic_count,Decaf Flat White auf Eis_count,Nitro Americano_count,_count
2021-03-29,Monday,March,2021,13,949.5,50.400000000000006,33.60,16.80,0.0,0.0,0.0,0.0,0.0,0.0,0.0,0.0,0.0,826,12.0,8,4,0.0,0.0,0.0,0.0,0.0,0.0,0.0,0.0,0.0
2021-03-30,Tuesday,March,2021,13,1106.2,113.39999999999999,100.80,12.60,0.0,0.0,0.0,0.0,0.0,0.0,0.0,0.0,0.0,837,27.0,24,3,0.0,0.0,0.0,0.0,0.0,0.0,0.0,0.0,0.0
2021-03-31,Wednesday,March,2021,13,1299.2,210.0,142.80,63.00,4.20,0.0,0.0,0.0,0.0,0.0,0.0,0.0,0.0,1033,50.0,34,15,1,0.0,0.0,0.0,0.0,0.0,0.0,0.0,0.0
2021-04-01,Thursday,April,2021,13,981.4,117.60000000000001,92.40,25.20,0.0,0.0,0.0,0.0,0.0,0.0,0.0,0.0,0.0,701,28.0,22,6,0.0,0.0,0.0,0.0,0.0,0.0,0.0,0.0,0.0
2021-04-02,Friday,April,2021,13,901.3,58.8,25.20,33.60,0.0,0.0,0.0,0.0,0.0,0.0,0.0,0.0,0.0,687,14.0,6,8,0.0,0.0,0.0,0.0,0.0,0.0,0.0,0.0,0.0
2021-04-03,Saturday,April,2021,13,1228.9,4.2,4.20,0.0,0.0,0.0,0.0,0.0,0.0,0.0,0.0,0.0,0.0,1056,1.0,1,0.0,0.0,0.0,0.0,0.0,0.0,0.0,0.0,0.0,0.0
2021-04-04,Sunday,April,2021,13,641.9,85.0,63.00,8.40,0.0,13.60,0.0,0.0,0.0,0.0,0.0,0.0,0.0,501,21.0,15,2,0.0,4,0.0,0.0,0.0,0.0,0.0,0.0,0.0
2021-04-05,Monday,April,2021,14,607.6,3.4,0.0,0.0,0.0,3.40,0.0,0.0,0.0,0.0,0.0,0.0,0.0,499,1.0,0.0,0.0,0.0,1,0.0,0.0,0.0,0.0,0.0,0.0,0.0
2021-04-06,Tuesday,April,2021,14,677.3,4.2,4.20,0.0,0.0,0.0,0.0,0.0,0.0,0.0,0.0,0.0,0.0,509,1.0,1,0.0,0.0,0.0,0.0,0.0,0.0,0.0,0.0,0.0,0.0
2021-04-08,Thursday,April,2021,14,732.9,11.0,4.20,0.0,0.0,6.80,0.0,0.0,0.0,0.0,0.0,0.0,0.0,746,3.0,1,0.0,0.0,2,0.0,0.0,0.0,0.0,0.0,0.0,0.0
2021-04-09,Friday,April,2021,14,1121.6,28.599999999999998,4.20,21.00,0.0,3.40,0.0,0.0,0.0,0.0,0.0,0.0,0.0,704,7.0,1,5,0.0,1,0.0,0.0,0.0,0.0,0.0,0.0,0.0
2021-04-10,Saturday,April,2021,14,1232.6,68.2,42.00,8.40,4.20,13.60,0.0,0.0,0.0,0.0,0.0,0.0,0.0,969,17.0,10,2,1,4,0.0,0.0,0.0,0.0,0.0,0.0,0.0
2021-04-11,Sunday,April,2021,14,1031.6,66.6,37.80,8.40,0.0,20.40,0.0,0.0,0.0,0.0,0.0,0.0,0.0,727,17.0,9,2,0.0,6,0.0,0.0,0.0,0.0,0.0,0.0,0.0
2021-04-12,Monday,April,2021,15,547.8,4.2,4.20,0.0,0.0,0.0,0.0,0.0,0.0,0.0,0.0,0.0,0.0,444,1.0,1,0.0,0.0,0.0,0.0,0.0,0.0,0.0,0.0,0.0,0.0
2021-04-13,Tuesday,April,2021,15,683.8,7.6,4.20,0.0,0.0,3.40,0.0,0.0,0.0,0.0,0.0,0.0,0.0,549,2.0,1,0.0,0.0,1,0.0,0.0,0.0,0.0,0.0,0.0,0.0
2021-04-15,Thursday,April,2021,15,762.8,16.0,12.60,0.0,0.0,3.40,0.0,0.0,0.0,0.0,0.0,0.0,0.0,591,4.0,3,0.0,0.0,1,0.0,0.0,0.0,0.0,0.0,0.0,0.0
2021-04-16,Friday,April,2021,15,1027.82,3.4,0.0,0.0,0.0,3.40,0.0,0.0,0.0,0.0,0.0,0.0,0.0,727,1.0,0.0,0.0,0.0,1,0.0,0.0,0.0,0.0,0.0,0.0,0.0
2021-04-17,Saturday,April,2021,15,1482.9,23.6,8.40,8.40,0.0,6.80,0.0,0.0,0.0,0.0,0.0,0.0,0.0,1198,6.0,2,2,0.0,2,0.0,0.0,0.0,0.0,0.0,0.0,0.0
2021-04-18,Sunday,April,2021,15,869.0,21.0,12.60,8.40,0.0,0.0,0.0,0.0,0.0,0.0,0.0,0.0,0.0,696,5.0,3,2,0.0,0.0,0.0,0.0,0.0,0.0,0.0,0.0,0.0
2021-04-19,Monday,April,2021,16,431.7,8.4,4.20,4.20,0.0,0.0,0.0,0.0,0.0,0.0,0.0,0.0,0.0,340,2.0,1,1,0.0,0.0,0.0,0.0,0.0,0.0,0.0,0.0,0.0
2021-04-20,Tuesday,April,2021,16,829.8,50.6,25.20,8.40,0.0,17.00,0.0,0.0,0.0,0.0,0.0,0.0,0.0,692,13.0,6,2,0.0,5,0.0,0.0,0.0,0.0,0.0,0.0,0.0
2021-04-21,Wednesday,April,2021,16,855.4,60.599999999999994,29.40,21.00,0.0,10.20,0.0,0.0,0.0,0.0,0.0,0.0,0.0,741,15.0,7,5,0.0,3,0.0,0.0,0.0,0.0,0.0,0.0,0.0
2021-04-22,Thursday,April,2021,16,917.92,55.6,42.00,0.0,0.0,13.60,0.0,0.0,0.0,0.0,0.0,0.0,0.0,713,14.0,10,0.0,0.0,4,0.0,0.0,0.0,0.0,0.0,0.0,0.0
2021-04-23,Friday,April,2021,16,1156.98,67.4,25.20,25.20,0.0,17.00,0.0,0.0,0.0,0.0,0.0,0.0,0.0,905,17.0,6,6,0.0,5,0.0,0.0,0.0,0.0,0.0,0.0,0.0
2021-04-24,Saturday,April,2021,16,1581.8,166.2,67.20,29.40,8.40,61.20,0.0,0.0,0.0,0.0,0.0,0.0,0.0,1224,43.0,16,7,2,18,0.0,0.0,0.0,0.0,0.0,0.0,0.0
2021-04-25,Sunday,April,2021,16,834.6,104.4,71.40,12.60,0.0,20.40,0.0,0.0,0.0,0.0,0.0,0.0,0.0,638,26.0,17,3,0.0,6,0.0,0.0,0.0,0.0,0.0,0.0,0.0
2021-04-26,Monday,April,2021,17,625.26,47.16,15.96,21.00,0.0,10.20,0.0,0.0,0.0,0.0,0.0,0.0,0.0,505,12.0,4,5,0.0,3,0.0,0.0,0.0,0.0,0.0,0.0,0.0
2021-04-27,Tuesday,April,2021,17,668.6,75.0,8.40,42.00,4.20,20.40,0.0,0.0,0.0,0.0,0.0,0.0,0.0,565,19.0,2,10,1,6,0.0,0.0,0.0,0.0,0.0,0.0,0.0
2021-04-28,Wednesday,April,2021,17,698.6,91.80000000000001,37.80,33.60,0.0,20.40,0.0,0.0,0.0,0.0,0.0,0.0,0.0,620,23.0,9,8,0.0,6,0.0,0.0,0.0,0.0,0.0,0.0,0.0
2021-04-29,Thursday,April,2021,17,767.9,59.0,12.60,29.40,0.0,17.00,0.0,0.0,0.0,0.0,0.0,0.0,0.0,642,15.0,3,7,0.0,5,0.0,0.0,0.0,0.0,0.0,0.0,0.0
2021-05-03,Monday,May,2021,18,783.6,24.4,12.60,8.40,0.0,3.40,0.0,0.0,0.0,0.0,0.0,0.0,0.0,682,6.0,3,2,0.0,1,0.0,0.0,0.0,0.0,0.0,0.0,0.0
2021-05-04,Tuesday,May,2021,18,635.65,6.3,3.15,3.15,0.0,0.0,0.0,0.0,0.0,0.0,0.0,0.0,0.0,516,2.0,1,1,0.0,0.0,0.0,0.0,0.0,0.0,0.0,0.0,0.0
2021-05-05,Wednesday,May,2021,18,543.2,16.8,12.60,4.20,0.0,0.0,0.0,0.0,0.0,0.0,0.0,0.0,0.0,452,4.0,3,1,0.0,0.0,0.0,0.0,0.0,0.0,0.0,0.0,0.0
2021-05-07,Friday,May,2021,18,857.52,23.6,12.60,4.20,0.0,6.80,0.0,0.0,0.0,0.0,0.0,0.0,0.0,713,6.0,3,1,0.0,2,0.0,0.0,0.0,0.0,0.0,0.0,0.0
2021-05-08,Saturday,May,2021,18,1506.7,110.4,58.80,16.80,0.0,27.20,4.20,3.40,0.0,0.0,0.0,0.0,0.0,1159,28.0,14,4,0.0,8,1,1,0.0,0.0,0.0,0.0,0.0
2021-05-09,Sunday,May,2021,18,754.3,305.6,134.40,113.40,0.0,10.20,0.0,47.60,0.0,0.0,0.0,0.0,0.0,578,76.0,32,27,0.0,3,0.0,14,0.0,0.0,0.0,0.0,0.0
2021-05-10,Monday,May,2021,19,621.24,38.8,12.60,12.60,0.0,6.80,0.0,6.80,0.0,0.0,0.0,0.0,0.0,492,10.0,3,3,0.0,2,0.0,2,0.0,0.0,0.0,0.0,0.0
2021-05-11,Tuesday,May,2021,19,629.5,31.2,12.60,0.0,0.0,0.0,8.40,10.20,0.0,0.0,0.0,0.0,0.0,518,8.0,3,0.0,0.0,0.0,2,3,0.0,0.0,0.0,0.0,0.0
2021-05-12,Wednesday,May,2021,19,623.6,4.2,0.0,4.20,0.0,0.0,0.0,0.0,0.0,0.0,0.0,0.0,0.0,525,1.0,0.0,1,0.0,0.0,0.0,0.0,0.0,0.0,0.0,0.0,0.0
2021-05-13,Thursday,May,2021,19,1117.4,44.599999999999994,25.20,4.20,0.0,6.80,8.40,0.0,0.0,0.0,0.0,0.0,0.0,908,11.0,6,1,0.0,2,2,0.0,0.0,0.0,0.0,0.0,0.0
2021-05-14,Friday,May,2021,19,1417.1,92.60000000000001,33.60,33.60,4.20,17.00,4.20,0.0,0.0,0.0,0.0,0.0,0.0,1059,23.0,8,8,1,5,1,0.0,0.0,0.0,0.0,0.0,0.0
2021-05-15,Saturday,May,2021,19,1460.8,40.4,25.20,8.40,0.0,6.80,0.0,0.0,0.0,0.0,0.0,0.0,0.0,1198,10.0,6,2,0.0,2,0.0,0.0,0.0,0.0,0.0,0.0,0.0
2021-05-16,Sunday,May,2021,19,1090.6,81.6,42.00,12.60,0.0,3.40,16.80,6.80,0.0,0.0,0.0,0.0,0.0,820,20.0,10,3,0.0,1,4,2,0.0,0.0,0.0,0.0,0.0
2021-05-17,Monday,May,2021,20,639.1,18.6,0.0,8.40,0.0,0.0,0.0,10.20,0.0,0.0,0.0,0.0,0.0,583,5.0,0.0,2,0.0,0.0,0.0,3,0.0,0.0,0.0,0.0,0.0
2021-05-18,Tuesday,May,2021,20,692.0,8.4,8.40,0.0,0.0,0.0,0.0,0.0,0.0,0.0,0.0,0.0,0.0,646,2.0,2,0.0,0.0,0.0,0.0,0.0,0.0,0.0,0.0,0.0,0.0
2021-05-19,Wednesday,May,2021,20,944.3,51.4,21.00,8.40,0.0,0.0,8.40,13.60,0.0,0.0,0.0,0.0,0.0,785,13.0,5,2,0.0,0.0,2,4,0.0,0.0,0.0,0.0,0.0
2021-05-20,Thursday,May,2021,20,777.1,59.800000000000004,29.40,0.0,0.0,0.0,16.80,13.60,0.0,0.0,0.0,0.0,0.0,674,15.0,7,0.0,0.0,0.0,4,4,0.0,0.0,0.0,0.0,0.0
2021-05-21,Friday,May,2021,20,794.2,13.6,0.0,0.0,0.0,0.0,0.0,13.60,0.0,0.0,0.0,0.0,0.0,660,4.0,0.0,0.0,0.0,0.0,0.0,4,0.0,0.0,0.0,0.0,0.0
2021-05-22,Saturday,May,2021,20,1892.26,200.60000000000002,92.40,0.0,0.0,38.00,21.00,11.40,29.40,8.40,0.0,0.0,0.0,1441,49.0,22,0.0,0.0,10,5,3,7,2,0.0,0.0,0.0
2021-05-23,Sunday,May,2021,20,1324.4,135.0,67.20,0.0,0.0,30.40,0.0,3.80,33.60,0.0,0.0,0.0,0.0,970,33.0,16,0.0,0.0,8,0.0,1,8,0.0,0.0,0.0,0.0
2021-05-24,Monday,May,2021,21,1049.6,66.8,33.60,0.0,0.0,0.0,0.0,3.80,16.80,8.40,4.20,0.0,0.0,845,16.0,8,0.0,0.0,0.0,0.0,1,4,2,1,0.0,0.0
2021-05-25,Tuesday,May,2021,21,815.6,37.4,12.60,0.0,0.0,3.80,4.20,0.0,4.20,12.60,0.0,0.0,0.0,603,9.0,3,0.0,0.0,1,1,0.0,1,3,0.0,0.0,0.0
2021-05-26,Wednesday,May,2021,21,606.2,8.4,8.40,0.0,0.0,0.0,0.0,0.0,0.0,0.0,0.0,0.0,0.0,477,2.0,2,0.0,0.0,0.0,0.0,0.0,0.0,0.0,0.0,0.0,0.0
2021-05-27,Thursday,May,2021,21,971.2,32.800000000000004,12.60,0.0,0.0,0.0,0.0,7.60,8.40,4.20,0.0,0.0,0.0,780,8.0,3,0.0,0.0,0.0,0.0,2,2,1,0.0,0.0,0.0
2021-05-28,Friday,May,2021,21,1057.8,102.2,16.80,0.0,0.0,11.40,0.0,15.20,33.60,21.00,4.20,0.0,0.0,839,25.0,4,0.0,0.0,3,0.0,4,8,5,1,0.0,0.0
2021-05-29,Saturday,May,2021,21,1432.26,215.58,25.20,0.0,0.0,19.00,54.60,83.60,12.18,21.00,0.0,0.0,0.0,1122,54.0,6,0.0,0.0,5,13,22,3,5,0.0,0.0,0.0
2021-05-30,Sunday,May,2021,21,1425.2,331.8,172.20,0.0,0.0,79.80,4.20,0.0,63.00,12.60,0.0,0.0,0.0,1033,81.0,41,0.0,0.0,21,1,0.0,15,3,0.0,0.0,0.0
2021-05-31,Monday,May,2021,22,1037.8,172.4,50.40,0.0,0.0,15.20,8.40,22.80,63.00,8.40,4.20,0.0,0.0,639,42.0,12,0.0,0.0,4,2,6,15,2,1,0.0,0.0
2021-06-01,Tuesday,June,2021,22,887.0,272.0,134.40,0.0,0.0,45.60,16.80,3.80,42.00,29.40,0.0,0.0,0.0,586,66.0,32,0.0,0.0,12,4,1,10,7,0.0,0.0,0.0
2021-06-02,Wednesday,June,2021,22,807.6,236.0,92.40,0.0,0.0,53.20,33.60,19.00,25.20,12.60,0.0,0.0,0.0,524,58.0,22,0.0,0.0,14,8,5,6,3,0.0,0.0,0.0
2021-06-03,Thursday,June,2021,22,1100.2,314.40000000000003,67.20,0.0,0.0,0.0,21.00,125.40,75.60,25.20,0.0,0.0,0.0,789,78.0,16,0.0,0.0,0.0,5,33,18,6,0.0,0.0,0.0
2021-06-04,Friday,June,2021,22,1098.2,236.00000000000003,71.40,0.0,0.0,68.40,4.20,3.80,58.80,21.00,8.40,0.0,0.0,704,58.0,17,0.0,0.0,18,1,1,14,5,2,0.0,0.0
2021-06-05,Saturday,June,2021,22,1208.8,102.60000000000001,33.60,0.0,0.0,19.00,12.60,3.80,25.20,8.40,0.0,0.0,0.0,792,25.0,8,0.0,0.0,5,3,1,6,2,0.0,0.0,0.0
2021-06-06,Sunday,June,2021,22,868.37,31.37,4.20,0.0,0.0,7.60,0.0,3.80,11.57,4.20,0.0,0.0,0.0,495,8.0,1,0.0,0.0,2,0.0,1,3,1,0.0,0.0,0.0
2021-06-07,Monday,June,2021,23,591.4,65.6,16.80,0.0,0.0,15.20,0.0,0.0,8.40,25.20,0.0,0.0,0.0,351,16.0,4,0.0,0.0,4,0.0,0.0,2,6,0.0,0.0,0.0
2021-06-08,Tuesday,June,2021,23,551.4,111.80000000000001,29.40,0.0,0.0,11.40,4.20,3.80,54.60,8.40,0.0,0.0,0.0,338,27.0,7,0.0,0.0,3,1,1,13,2,0.0,0.0,0.0
2021-06-09,Wednesday,June,2021,23,630.4,74.0,54.60,0.0,0.0,0.0,0.0,15.20,0.0,4.20,0.0,0.0,0.0,352,18.0,13,0.0,0.0,0.0,0.0,4,0.0,1,0.0,0.0,0.0
2021-06-10,Thursday,June,2021,23,653.8,101.80000000000001,54.60,0.0,0.0,11.40,8.40,19.00,8.40,0.0,0.0,0.0,0.0,308,25.0,13,0.0,0.0,3,2,5,2,0.0,0.0,0.0,0.0
2021-06-11,Friday,June,2021,23,1000.02,317.0,138.60,0.0,0.0,53.20,0.0,7.60,63.00,42.00,12.60,0.0,0.0,503,77.0,33,0.0,0.0,14,0.0,2,15,10,3,0.0,0.0
2021-06-12,Saturday,June,2021,23,1303.4,465.00000000000006,109.20,0.0,0.0,22.80,121.80,68.40,100.80,42.00,0.0,0.0,0.0,626,113.0,26,0.0,0.0,6,29,18,24,10,0.0,0.0,0.0
2021-06-13,Sunday,June,2021,23,931.6,400.0,147.00,0.0,0.0,87.40,8.40,22.80,113.40,21.00,0.0,0.0,0.0,409,98.0,35,0.0,0.0,23,2,6,27,5,0.0,0.0,0.0
2021-06-14,Monday,June,2021,24,651.6,188.8,50.40,0.0,0.0,22.80,25.20,19.00,46.20,25.20,0.0,0.0,0.0,298,46.0,12,0.0,0.0,6,6,5,11,6,0.0,0.0,0.0
2021-06-15,Tuesday,June,2021,24,625.6,209.79999999999998,88.20,0.0,0.0,26.60,12.60,15.20,58.80,8.40,0.0,0.0,0.0,355,51.0,21,0.0,0.0,7,3,4,14,2,0.0,0.0,0.0
2021-06-16,Wednesday,June,2021,24,668.0,245.6,109.20,0.0,0.0,7.60,16.80,53.20,33.60,25.20,0.0,0.0,0.0,324,60.0,26,0.0,0.0,2,4,14,8,6,0.0,0.0,0.0
2021-06-17,Thursday,June,2021,24,561.2,254.39999999999998,96.60,0.0,0.0,30.40,54.60,26.60,33.60,12.60,0.0,0.0,0.0,272,62.0,23,0.0,0.0,8,13,7,8,3,0.0,0.0,0.0
2021-06-18,Friday,June,2021,24,769.6,408.6,155.40,0.0,0.0,26.60,0.0,41.80,121.80,63.00,0.0,0.0,0.0,299,99.0,37,0.0,0.0,7,0.0,11,29,15,0.0,0.0,0.0
2021-06-19,Saturday,June,2021,24,923.6,384.0,151.20,0.0,0.0,3.80,105.00,19.00,54.60,50.40,0.0,0.0,0.0,440,92.0,36,0.0,0.0,1,25,5,13,12,0.0,0.0,0.0
2021-06-20,Sunday,June,2021,24,992.8,507.59999999999997,193.20,0.0,0.0,72.20,0.0,53.20,151.20,37.80,0.0,0.0,0.0,389,124.0,46,0.0,0.0,19,0.0,14,36,9,0.0,0.0,0.0
2021-06-21,Monday,June,2021,25,675.4,277.4,96.60,0.0,0.0,15.20,37.80,22.80,75.60,25.20,4.20,0.0,0.0,295,67.0,23,0.0,0.0,4,9,6,18,6,1,0.0,0.0
2021-06-22,Tuesday,June,2021,25,734.8,97.6,54.60,0.0,0.0,22.80,0.0,7.60,12.60,0.0,0.0,0.0,0.0,294,24.0,13,0.0,0.0,6,0.0,2,3,0.0,0.0,0.0,0.0
2021-06-23,Wednesday,June,2021,25,582.4,205.59999999999997,84.00,0.0,0.0,22.80,12.60,19.00,42.00,25.20,0.0,0.0,0.0,273,50.0,20,0.0,0.0,6,3,5,10,6,0.0,0.0,0.0
2021-06-24,Thursday,June,2021,25,732.8,156.8,92.40,0.0,0.0,15.20,0.0,11.40,21.00,16.80,0.0,0.0,0.0,364,38.0,22,0.0,0.0,4,0.0,3,5,4,0.0,0.0,0.0
2021-06-25,Friday,June,2021,25,804.8,85.39999999999999,8.40,0.0,0.0,22.80,4.20,3.80,29.40,16.80,0.0,0.0,0.0,366,21.0,2,0.0,0.0,6,1,1,7,4,0.0,0.0,0.0
2021-06-26,Saturday,June,2021,25,1309.0,474.79999999999995,151.20,0.0,0.0,45.60,92.40,72.20,71.40,42.00,0.0,0.0,0.0,587,116.0,36,0.0,0.0,12,22,19,17,10,0.0,0.0,0.0
2021-06-27,Sunday,June,2021,25,1073.4,486.4,184.80,0.0,0.0,72.20,29.40,15.20,142.80,42.00,0.0,0.0,0.0,400,118.0,44,0.0,0.0,19,7,4,34,10,0.0,0.0,0.0
2021-06-28,Monday,June,2021,26,768.6,318.0,79.80,0.0,0.0,68.40,33.60,22.80,92.40,12.60,8.40,0.0,0.0,324,78.0,19,0.0,0.0,18,8,6,22,3,2,0.0,0.0
2021-06-29,Tuesday,June,2021,26,556.4,119.40000000000002,50.40,0.0,0.0,11.40,0.0,11.40,33.60,8.40,4.20,0.0,0.0,226,29.0,12,0.0,0.0,3,0.0,3,8,2,1,0.0,0.0
2021-06-30,Wednesday,June,2021,26,857.0,111.0,29.40,0.0,0.0,0.0,4.20,22.80,33.60,21.00,0.0,0.0,0.0,304,27.0,7,0.0,0.0,0.0,1,6,8,5,0.0,0.0,0.0
2021-07-01,Thursday,July,2021,26,905.6,74.0,29.40,0.0,0.0,0.0,0.0,15.20,29.40,0.0,0.0,0.0,0.0,345,18.0,7,0.0,0.0,0.0,0.0,4,7,0.0,0.0,0.0,0.0
2021-07-02,Friday,July,2021,26,1306.2,375.2,168.00,0.0,0.0,7.60,12.60,19.00,142.80,25.20,0.0,0.0,0.0,488,90.0,40,0.0,0.0,2,3,5,34,6,0.0,0.0,0.0
2021-07-03,Saturday,July,2021,26,1412.2,449.0,201.60,0.0,0.0,11.40,0.0,72.20,151.20,12.60,0.0,0.0,0.0,636,109.0,48,0.0,0.0,3,0.0,19,36,3,0.0,0.0,0.0
2021-07-04,Sunday,July,2021,26,1053.2,274.2,109.20,0.0,0.0,57.00,12.60,11.40,79.80,0.0,4.20,0.0,0.0,350,67.0,26,0.0,0.0,15,3,3,19,0.0,1,0.0,0.0
2021-07-05,Monday,July,2021,27,761.2,102.6,4.20,0.0,0.0,3.80,75.60,19.00,0.0,0.0,0.0,0.0,0.0,285,25.0,1,0.0,0.0,1,18,5,0.0,0.0,0.0,0.0,0.0
2021-07-06,Tuesday,July,2021,27,841.6,138.0,29.40,0.0,0.0,34.20,8.40,11.40,42.00,12.60,0.0,0.0,0.0,315,34.0,7,0.0,0.0,9,2,3,10,3,0.0,0.0,0.0
2021-07-07,Wednesday,July,2021,27,624.0,45.4,25.20,0.0,0.0,3.80,8.40,3.80,0.0,4.20,0.0,0.0,0.0,244,11.0,6,0.0,0.0,1,2,1,0.0,1,0.0,0.0,0.0
2021-07-08,Thursday,July,2021,27,854.0,114.8,8.40,0.0,0.0,0.0,75.60,26.60,0.0,4.20,0.0,0.0,0.0,341,28.0,2,0.0,0.0,0.0,18,7,0.0,1,0.0,0.0,0.0
2021-07-09,Friday,July,2021,27,1056.6,198.0,37.80,0.0,0.0,15.20,37.80,19.00,71.40,16.80,0.0,0.0,0.0,522,48.0,9,0.0,0.0,4,9,5,17,4,0.0,0.0,0.0
2021-07-10,Saturday,July,2021,27,1288.0,312.6,109.20,0.0,0.0,3.80,100.80,19.00,54.60,25.20,0.0,0.0,0.0,437,75.0,26,0.0,0.0,1,24,5,13,6,0.0,0.0,0.0
2021-07-11,Sunday,July,2021,27,1221.2,234.2,117.60,0.0,0.0,34.20,12.60,15.20,46.20,4.20,4.20,0.0,0.0,434,57.0,28,0.0,0.0,9,3,4,11,1,1,0.0,0.0
2021-07-12,Monday,July,2021,28,672.4,210.6,16.80,0.0,0.0,0.0,105.00,34.20,50.40,4.20,0.0,0.0,0.0,276,51.0,4,0.0,0.0,0.0,25,9,12,1,0.0,0.0,0.0
2021-07-13,Tuesday,July,2021,28,644.4,33.2,8.40,0.0,0.0,3.80,4.20,0.0,16.80,0.0,0.0,0.0,0.0,282,8.0,2,0.0,0.0,1,1,0.0,4,0.0,0.0,0.0,0.0
2021-07-14,Wednesday,July,2021,28,925.6,214.4,75.60,0.0,0.0,11.40,0.0,26.60,88.20,12.60,0.0,0.0,0.0,353,52.0,18,0.0,0.0,3,0.0,7,21,3,0.0,0.0,0.0
2021-07-15,Thursday,July,2021,28,875.6,53.0,0.0,0.0,0.0,7.60,12.60,7.60,8.40,16.80,0.0,0.0,0.0,348,13.0,0.0,0.0,0.0,2,3,2,2,4,0.0,0.0,0.0
2021-07-16,Friday,July,2021,28,1036.8,144.2,50.40,0.0,0.0,7.60,8.40,19.00,42.00,12.60,4.20,0.0,0.0,377,35.0,12,0.0,0.0,2,2,5,10,3,1,0.0,0.0
2021-07-17,Saturday,July,2021,28,1407.4,174.6,67.20,0.0,0.0,0.0,21.00,57.00,21.00,8.40,0.0,0.0,0.0,598,43.0,16,0.0,0.0,0.0,5,15,5,2,0.0,0.0,0.0
2021-07-18,Sunday,July,2021,28,1295.2,506.8,298.20,0.0,0.0,7.60,8.40,45.60,109.20,37.80,0.0,0.0,0.0,514,122.0,71,0.0,0.0,2,2,12,26,9,0.0,0.0,0.0
2021-07-19,Monday,July,2021,29,831.6,235.79999999999998,121.80,0.0,0.0,3.80,12.60,30.40,42.00,25.20,0.0,0.0,0.0,350,57.0,29,0.0,0.0,1,3,8,10,6,0.0,0.0,0.0
2021-07-20,Tuesday,July,2021,29,901.8,229.8,126.00,0.0,0.0,0.0,0.0,11.40,54.60,37.80,0.0,0.0,0.0,377,55.0,30,0.0,0.0,0.0,0.0,3,13,9,0.0,0.0,0.0
2021-07-21,Wednesday,July,2021,29,848.6,296.40000000000003,113.40,0.0,0.0,19.00,16.80,38.00,96.60,12.60,0.0,0.0,0.0,301,72.0,27,0.0,0.0,5,4,10,23,3,0.0,0.0,0.0
2021-07-22,Thursday,July,2021,29,884.4,311.0,105.00,0.0,0.0,3.80,0.0,34.20,134.40,33.60,0.0,0.0,0.0,320,75.0,25,0.0,0.0,1,0.0,9,32,8,0.0,0.0,0.0
2021-07-23,Friday,July,2021,29,986.6,403.6,180.60,0.0,0.0,38.00,12.60,38.00,92.40,33.60,8.40,0.0,0.0,485,98.0,43,0.0,0.0,10,3,10,22,8,2,0.0,0.0
2021-07-24,Saturday,July,2021,29,1242.4,430.40000000000003,134.40,0.0,0.0,3.80,88.20,57.00,88.20,58.80,0.0,0.0,0.0,469,104.0,32,0.0,0.0,1,21,15,21,14,0.0,0.0,0.0
2021-07-25,Sunday,July,2021,29,1047.2,145.79999999999998,58.80,0.0,0.0,0.0,0.0,11.40,50.40,25.20,0.0,0.0,0.0,412,35.0,14,0.0,0.0,0.0,0.0,3,12,6,0.0,0.0,0.0
2021-07-26,Monday,July,2021,30,912.0,157.20000000000002,42.00,0.0,0.0,3.80,21.00,19.00,54.60,16.80,0.0,0.0,0.0,330,38.0,10,0.0,0.0,1,5,5,13,4,0.0,0.0,0.0
2021-07-27,Tuesday,July,2021,30,1157.8,291.8,100.80,0.0,0.0,11.40,0.0,49.40,96.60,33.60,0.0,0.0,0.0,399,71.0,24,0.0,0.0,3,0.0,13,23,8,0.0,0.0,0.0
2021-07-28,Wednesday,July,2021,30,884.0,160.99999999999997,63.00,0.0,0.0,3.80,21.00,22.80,37.80,12.60,0.0,0.0,0.0,334,39.0,15,0.0,0.0,1,5,6,9,3,0.0,0.0,0.0
2021-07-29,Thursday,July,2021,30,1080.6,363.0,180.60,0.0,0.0,0.0,25.20,22.80,92.40,42.00,0.0,0.0,0.0,399,87.0,43,0.0,0.0,0.0,6,6,22,10,0.0,0.0,0.0
2021-07-30,Friday,July,2021,30,1092.4,366.6,134.40,0.0,0.0,41.80,0.0,26.60,142.80,16.80,4.20,0.0,0.0,472,89.0,32,0.0,0.0,11,0.0,7,34,4,1,0.0,0.0
2021-07-31,Saturday,July,2021,30,1544.5056,350.2,176.40,0.0,0.0,19.00,16.80,45.60,75.60,16.80,0.0,0.0,0.0,1015,85.0,42,0.0,0.0,5,4,12,18,4,0.0,0.0,0.0
2021-08-02,Monday,August,2021,31,1000.4,169.8,67.20,0.0,0.0,3.80,8.40,19.00,50.40,21.00,0.0,0.0,0.0,394,41.0,16,0.0,0.0,1,2,5,12,5,0.0,0.0,0.0
2021-08-03,Tuesday,August,2021,31,869.2,36.6,8.40,0.0,0.0,0.0,12.60,11.40,4.20,0.0,0.0,0.0,0.0,321,9.0,2,0.0,0.0,0.0,3,3,1,0.0,0.0,0.0,0.0
2021-08-04,Wednesday,August,2021,31,1052.8,122.8,33.60,0.0,0.0,30.40,4.20,0.0,50.40,4.20,0.0,0.0,0.0,445,30.0,8,0.0,0.0,8,1,0.0,12,1,0.0,0.0,0.0
2021-08-05,Thursday,August,2021,31,852.8,159.0,21.00,0.0,0.0,3.80,25.20,41.80,42.00,21.00,4.20,0.0,0.0,351,39.0,5,0.0,0.0,1,6,11,10,5,1,0.0,0.0
2021-08-06,Friday,August,2021,31,1106.8,170.2,67.20,0.0,0.0,3.80,8.40,15.20,71.40,4.20,0.0,0.0,0.0,443,41.0,16,0.0,0.0,1,2,4,17,1,0.0,0.0,0.0
2021-08-07,Saturday,August,2021,31,1105.2,45.0,4.20,0.0,0.0,3.80,4.20,7.60,4.20,21.00,0.0,0.0,0.0,421,11.0,1,0.0,0.0,1,1,2,1,5,0.0,0.0,0.0
2021-08-08,Sunday,August,2021,31,1259.4,259.8,88.20,0.0,0.0,0.0,8.40,45.60,100.80,16.80,0.0,0.0,0.0,506,63.0,21,0.0,0.0,0.0,2,12,24,4,0.0,0.0,0.0
2021-08-09,Monday,August,2021,32,924.8,198.8,54.60,0.0,0.0,3.80,16.80,22.80,92.40,8.40,0.0,0.0,0.0,347,48.0,13,0.0,0.0,1,4,6,22,2,0.0,0.0,0.0
2021-08-10,Tuesday,August,2021,32,890.4,186.2,50.40,0.0,0.0,3.80,4.20,22.80,79.80,25.20,0.0,0.0,0.0,353,45.0,12,0.0,0.0,1,1,6,19,6,0.0,0.0,0.0
2021-08-11,Wednesday,August,2021,32,808.2,253.39999999999998,54.60,0.0,0.0,22.80,58.80,3.80,75.60,37.80,0.0,0.0,0.0,347,61.0,13,0.0,0.0,6,14,1,18,9,0.0,0.0,0.0
2021-08-12,Thursday,August,2021,32,818.2,354.00000000000006,50.40,0.0,0.0,19.00,63.00,49.40,113.40,46.20,12.60,0.0,0.0,308,86.0,12,0.0,0.0,5,15,13,27,11,3,0.0,0.0
2021-08-13,Friday,August,2021,32,799.8,267.8,58.80,0.0,0.0,15.20,25.20,34.20,92.40,37.80,4.20,0.0,0.0,302,65.0,14,0.0,0.0,4,6,9,22,9,1,0.0,0.0
2021-08-14,Saturday,August,2021,32,1090.2,459.4,193.20,0.0,0.0,30.40,8.40,34.20,163.80,25.20,4.20,0.0,0.0,376,111.0,46,0.0,0.0,8,2,9,39,6,1,0.0,0.0
2021-08-15,Sunday,August,2021,32,851.2,291.20000000000005,109.20,0.0,0.0,22.80,0.0,3.80,134.40,21.00,0.0,0.0,0.0,289,70.0,26,0.0,0.0,6,0.0,1,32,5,0.0,0.0,0.0
2021-08-16,Monday,August,2021,33,1015.8,162.8,37.80,0.0,0.0,7.60,4.20,41.80,63.00,8.40,0.0,0.0,0.0,387,40.0,9,0.0,0.0,2,1,11,15,2,0.0,0.0,0.0
2021-08-17,Tuesday,August,2021,33,963.6,49.2,12.60,0.0,0.0,0.0,16.80,11.40,4.20,4.20,0.0,0.0,0.0,379,12.0,3,0.0,0.0,0.0,4,3,1,1,0.0,0.0,0.0
2021-08-18,Wednesday,August,2021,33,1046.6,111.39999999999999,46.20,0.0,0.0,0.0,8.40,19.00,25.20,12.60,0.0,0.0,0.0,399,27.0,11,0.0,0.0,0.0,2,5,6,3,0.0,0.0,0.0
2021-08-19,Thursday,August,2021,33,965.6,103.0,37.80,0.0,0.0,11.40,8.40,7.60,29.40,4.20,4.20,0.0,0.0,351,25.0,9,0.0,0.0,3,2,2,7,1,1,0.0,0.0
2021-08-20,Friday,August,2021,33,1009.8,214.4,58.80,0.0,0.0,3.80,4.20,34.20,92.40,21.00,0.0,0.0,0.0,360,52.0,14,0.0,0.0,1,1,9,22,5,0.0,0.0,0.0
2021-08-21,Saturday,August,2021,33,1292.8,371.20000000000005,142.80,0.0,0.0,11.40,12.60,53.20,138.60,12.60,0.0,0.0,0.0,457,90.0,34,0.0,0.0,3,3,14,33,3,0.0,0.0,0.0
2021-08-22,Sunday,August,2021,33,882.0,61.0,16.80,0.0,0.0,0.0,0.0,19.00,25.20,0.0,0.0,0.0,0.0,307,15.0,4,0.0,0.0,0.0,0.0,5,6,0.0,0.0,0.0,0.0
2021-08-23,Monday,August,2021,34,891.6,66.0,25.20,0.0,0.0,0.0,4.20,11.40,21.00,4.20,0.0,0.0,0.0,332,16.0,6,0.0,0.0,0.0,1,3,5,1,0.0,0.0,0.0
2021-08-24,Tuesday,August,2021,34,994.0,91.6,58.80,0.0,0.0,3.80,0.0,3.80,16.80,8.40,0.0,0.0,0.0,352,22.0,14,0.0,0.0,1,0.0,1,4,2,0.0,0.0,0.0
2021-08-25,Wednesday,August,2021,34,1162.6,170.39999999999998,42.00,0.0,0.0,0.0,0.0,57.00,33.60,37.80,0.0,0.0,0.0,426,42.0,10,0.0,0.0,0.0,0.0,15,8,9,0.0,0.0,0.0
2021-08-26,Thursday,August,2021,34,697.4,12.2,0.0,0.0,0.0,0.0,4.20,3.80,0.0,4.20,0.0,0.0,0.0,257,3.0,0.0,0.0,0.0,0.0,1,1,0.0,1,0.0,0.0,0.0
2021-08-27,Friday,August,2021,34,1095.6,68.60000000000001,16.80,0.0,0.0,15.20,4.20,11.40,16.80,4.20,0.0,0.0,0.0,390,17.0,4,0.0,0.0,4,1,3,4,1,0.0,0.0,0.0
2021-08-28,Saturday,August,2021,34,1091.0,37.4,4.20,0.0,0.0,0.0,0.0,3.80,16.80,12.60,0.0,0.0,0.0,379,9.0,1,0.0,0.0,0.0,0.0,1,4,3,0.0,0.0,0.0
2021-08-30,Monday,August,2021,35,722.6,20.599999999999998,12.60,0.0,0.0,3.80,4.20,0.0,0.0,0.0,0.0,0.0,0.0,262,5.0,3,0.0,0.0,1,1,0.0,0.0,0.0,0.0,0.0,0.0
2021-08-31,Tuesday,August,2021,35,837.6,24.8,8.40,0.0,0.0,0.0,0.0,3.80,8.40,4.20,0.0,0.0,0.0,341,6.0,2,0.0,0.0,0.0,0.0,1,2,1,0.0,0.0,0.0
2021-09-01,Wednesday,September,2021,35,1004.2,185.0,92.40,0.0,0.0,26.60,0.0,11.40,25.20,29.40,0.0,0.0,0.0,386,45.0,22,0.0,0.0,7,0.0,3,6,7,0.0,0.0,0.0
2021-09-02,Thursday,September,2021,35,985.8,177.39999999999998,33.60,0.0,0.0,3.80,25.20,26.60,63.00,25.20,0.0,0.0,0.0,403,43.0,8,0.0,0.0,1,6,7,15,6,0.0,0.0,0.0
2021-09-03,Friday,September,2021,35,1075.6,166.0,42.00,0.0,0.0,3.80,21.00,15.20,67.20,16.80,0.0,0.0,0.0,405,40.0,10,0.0,0.0,1,5,4,16,4,0.0,0.0,0.0
2021-09-04,Saturday,September,2021,35,1423.4,277.8,134.40,0.0,0.0,3.80,4.20,30.40,84.00,21.00,0.0,0.0,0.0,560,67.0,32,0.0,0.0,1,1,8,20,5,0.0,0.0,0.0
2021-09-05,Sunday,September,2021,35,1212.8,368.2,193.20,0.0,0.0,3.80,8.40,49.40,105.00,8.40,0.0,0.0,0.0,465,89.0,46,0.0,0.0,1,2,13,25,2,0.0,0.0,0.0
2021-09-06,Monday,September,2021,36,1003.2,212.6,54.60,0.0,0.0,3.80,16.80,11.40,96.60,29.40,0.0,0.0,0.0,348,51.0,13,0.0,0.0,1,4,3,23,7,0.0,0.0,0.0
2021-09-07,Tuesday,September,2021,36,918.0,118.19999999999999,50.40,0.0,0.0,7.60,0.0,26.60,0.0,33.60,0.0,0.0,0.0,336,29.0,12,0.0,0.0,2,0.0,7,0.0,8,0.0,0.0,0.0
2021-09-08,Wednesday,September,2021,36,808.2,183.8,63.00,0.0,0.0,0.0,0.0,49.40,54.60,16.80,0.0,0.0,0.0,299,45.0,15,0.0,0.0,0.0,0.0,13,13,4,0.0,0.0,0.0
2021-09-09,Thursday,September,2021,36,926.4,145.79999999999998,29.40,0.0,0.0,3.80,16.80,7.60,75.60,12.60,0.0,0.0,0.0,328,35.0,7,0.0,0.0,1,4,2,18,3,0.0,0.0,0.0
2021-09-10,Friday,September,2021,36,900.0,148.0,54.60,0.0,0.0,0.0,0.0,30.40,54.60,8.40,0.0,0.0,0.0,340,36.0,13,0.0,0.0,0.0,0.0,8,13,2,0.0,0.0,0.0
2021-09-11,Saturday,September,2021,36,1359.0,128.60000000000002,67.20,0.0,0.0,0.0,0.0,15.20,29.40,16.80,0.0,0.0,0.0,562,31.0,16,0.0,0.0,0.0,0.0,4,7,4,0.0,0.0,0.0
2021-09-12,Sunday,September,2021,36,1372.0,304.4,109.20,0.0,0.0,11.40,8.40,49.40,105.00,21.00,0.0,0.0,0.0,585,74.0,26,0.0,0.0,3,2,13,25,5,0.0,0.0,0.0
2021-09-13,Monday,September,2021,37,878.4,153.4,79.80,0.0,0.0,15.20,0.0,3.80,54.60,0.0,0.0,0.0,0.0,328,37.0,19,0.0,0.0,4,0.0,1,13,0.0,0.0,0.0,0.0
2021-09-14,Tuesday,September,2021,37,656.0,93.4,21.00,0.0,0.0,11.40,0.0,19.00,33.60,8.40,0.0,0.0,0.0,267,23.0,5,0.0,0.0,3,0.0,5,8,2,0.0,0.0,0.0
2021-09-15,Wednesday,September,2021,37,698.6,20.2,12.60,0.0,0.0,0.0,0.0,7.60,0.0,0.0,0.0,0.0,0.0,312,5.0,3,0.0,0.0,0.0,0.0,2,0.0,0.0,0.0,0.0,0.0
2021-09-16,Thursday,September,2021,37,854.6,20.6,8.40,0.0,0.0,0.0,8.40,3.80,0.0,0.0,0.0,0.0,0.0,320,5.0,2,0.0,0.0,0.0,2,1,0.0,0.0,0.0,0.0,0.0
2021-09-17,Friday,September,2021,37,1196.8,79.8,33.60,0.0,0.0,0.0,0.0,0.0,25.20,12.60,8.40,0.0,0.0,477,19.0,8,0.0,0.0,0.0,0.0,0.0,6,3,2,0.0,0.0
2021-09-18,Saturday,September,2021,37,1839.2,297.20000000000005,163.80,0.0,0.0,15.20,29.40,34.20,16.80,37.80,0.0,0.0,0.0,702,72.0,39,0.0,0.0,4,7,9,4,9,0.0,0.0,0.0
2021-09-19,Sunday,September,2021,37,1430.0,149.2,67.20,0.0,0.0,0.0,0.0,19.00,50.40,12.60,0.0,0.0,0.0,548,36.0,16,0.0,0.0,0.0,0.0,5,12,3,0.0,0.0,0.0
2021-09-20,Monday,September,2021,38,814.8,53.8,25.20,0.0,0.0,0.0,4.20,7.60,16.80,0.0,0.0,0.0,0.0,325,13.0,6,0.0,0.0,0.0,1,2,4,0.0,0.0,0.0,0.0
2021-09-21,Tuesday,September,2021,38,905.0,20.6,8.40,0.0,0.0,0.0,0.0,3.80,8.40,0.0,0.0,0.0,0.0,385,5.0,2,0.0,0.0,0.0,0.0,1,2,0.0,0.0,0.0,0.0
2021-09-22,Wednesday,September,2021,38,1021.0,58.0,29.40,0.0,0.0,0.0,0.0,7.60,12.60,8.40,0.0,0.0,0.0,383,14.0,7,0.0,0.0,0.0,0.0,2,3,2,0.0,0.0,0.0
2021-09-23,Thursday,September,2021,38,1059.4,94.6,33.60,0.0,0.0,3.80,4.20,15.20,29.40,8.40,0.0,0.0,0.0,391,23.0,8,0.0,0.0,1,1,4,7,2,0.0,0.0,0.0
2021-09-24,Friday,September,2021,38,1181.2,201.8,84.00,0.0,0.0,3.80,0.0,34.20,63.00,16.80,0.0,0.0,0.0,449,49.0,20,0.0,0.0,1,0.0,9,15,4,0.0,0.0,0.0
2021-09-25,Saturday,September,2021,38,1665.2,342.59999999999997,130.20,0.0,0.0,0.0,0.0,57.00,126.00,29.40,0.0,0.0,0.0,661,83.0,31,0.0,0.0,0.0,0.0,15,30,7,0.0,0.0,0.0
2021-09-26,Sunday,September,2021,38,1022.4,86.2,33.60,0.0,0.0,0.0,0.0,19.00,8.40,25.20,0.0,0.0,0.0,416,21.0,8,0.0,0.0,0.0,0.0,5,2,6,0.0,0.0,0.0
2021-09-27,Monday,September,2021,39,885.6,87.0,33.60,0.0,0.0,3.80,4.20,7.60,37.80,0.0,0.0,0.0,0.0,344,21.0,8,0.0,0.0,1,1,2,9,0.0,0.0,0.0,0.0
2021-09-28,Tuesday,September,2021,39,1009.8,45.0,12.60,0.0,0.0,0.0,0.0,11.40,12.60,8.40,0.0,0.0,0.0,388,11.0,3,0.0,0.0,0.0,0.0,3,3,2,0.0,0.0,0.0
2021-09-29,Wednesday,September,2021,39,966.8,37.4,12.60,0.0,0.0,0.0,0.0,3.80,8.40,12.60,0.0,0.0,0.0,341,9.0,3,0.0,0.0,0.0,0.0,1,2,3,0.0,0.0,0.0
2021-09-30,Thursday,September,2021,39,1102.0,57.60000000000001,12.60,0.0,0.0,0.0,12.60,11.40,4.20,16.80,0.0,0.0,0.0,439,14.0,3,0.0,0.0,0.0,3,3,1,4,0.0,0.0,0.0
2021-10-01,Friday,October,2021,39,1201.0,73.2,25.20,0.0,0.0,3.80,0.0,19.00,21.00,4.20,0.0,0.0,0.0,456,18.0,6,0.0,0.0,1,0.0,5,5,1,0.0,0.0,0.0
2021-10-02,Saturday,October,2021,39,1741.6,190.40000000000003,37.80,0.0,0.0,0.0,0.0,26.60,67.20,58.80,0.0,0.0,0.0,634,46.0,9,0.0,0.0,0.0,0.0,7,16,14,0.0,0.0,0.0
2021-10-03,Sunday,October,2021,39,1133.8,49.6,16.80,0.0,0.0,7.60,4.20,0.0,16.80,4.20,0.0,0.0,0.0,489,12.0,4,0.0,0.0,2,1,0.0,4,1,0.0,0.0,0.0
2021-10-04,Monday,October,2021,40,755.4,12.2,4.20,0.0,0.0,0.0,0.0,3.80,0.0,4.20,0.0,0.0,0.0,297,3.0,1,0.0,0.0,0.0,0.0,1,0.0,1,0.0,0.0,0.0
2021-10-05,Tuesday,October,2021,40,821.4,29.0,0.0,0.0,0.0,0.0,4.20,3.80,12.60,8.40,0.0,0.0,0.0,333,7.0,0.0,0.0,0.0,0.0,1,1,3,2,0.0,0.0,0.0
2021-10-06,Wednesday,October,2021,40,848.8,21.0,0.0,0.0,0.0,0.0,0.0,0.0,0.0,21.00,0.0,0.0,0.0,334,5.0,0.0,0.0,0.0,0.0,0.0,0.0,0.0,5,0.0,0.0,0.0
2021-10-07,Thursday,October,2021,40,884.2,7.6,0.0,0.0,0.0,0.0,0.0,7.60,0.0,0.0,0.0,0.0,0.0,333,2.0,0.0,0.0,0.0,0.0,0.0,2,0.0,0.0,0.0,0.0,0.0
2021-10-08,Friday,October,2021,40,1072.2,16.4,8.40,0.0,0.0,3.80,0.0,0.0,4.20,0.0,0.0,0.0,0.0,400,4.0,2,0.0,0.0,1,0.0,0.0,1,0.0,0.0,0.0,0.0
2021-10-09,Saturday,October,2021,40,1709.8,32.0,4.20,0.0,0.0,3.80,0.0,11.40,4.20,8.40,0.0,0.0,0.0,646,8.0,1,0.0,0.0,1,0.0,3,1,2,0.0,0.0,0.0
2021-10-10,Sunday,October,2021,40,1586.2,50.4,33.60,0.0,0.0,0.0,0.0,0.0,8.40,8.40,0.0,0.0,0.0,674,12.0,8,0.0,0.0,0.0,0.0,0.0,2,2,0.0,0.0,0.0
2021-10-11,Monday,October,2021,41,922.4,8.4,4.20,0.0,0.0,0.0,0.0,0.0,0.0,4.20,0.0,0.0,0.0,374,2.0,1,0.0,0.0,0.0,0.0,0.0,0.0,1,0.0,0.0,0.0
2021-10-12,Tuesday,October,2021,41,553.0,4.2,0.0,0.0,0.0,0.0,0.0,0.0,0.0,4.20,0.0,0.0,0.0,197,1.0,0.0,0.0,0.0,0.0,0.0,0.0,0.0,1,0.0,0.0,0.0
2021-10-13,Wednesday,October,2021,41,887.2,8.4,8.40,0.0,0.0,0.0,0.0,0.0,0.0,0.0,0.0,0.0,0.0,337,2.0,2,0.0,0.0,0.0,0.0,0.0,0.0,0.0,0.0,0.0,0.0
2021-10-14,Thursday,October,2021,41,1126.0,37.400000000000006,16.80,0.0,0.0,0.0,0.0,3.80,12.60,4.20,0.0,0.0,0.0,467,9.0,4,0.0,0.0,0.0,0.0,1,3,1,0.0,0.0,0.0
2021-10-15,Friday,October,2021,41,1212.3,48.800000000000004,16.80,0.0,0.0,15.20,0.0,0.0,4.20,12.60,0.0,0.0,0.0,450,12.0,4,0.0,0.0,4,0.0,0.0,1,3,0.0,0.0,0.0
2021-10-16,Saturday,October,2021,41,1963.9959999999999,74.8,29.40,0.0,0.0,0.0,0.0,7.60,21.00,16.80,0.0,0.0,0.0,1427,18.0,7,0.0,0.0,0.0,0.0,2,5,4,0.0,0.0,0.0
2021-10-18,Monday,October,2021,42,1114.8,41.2,12.60,0.0,0.0,0.0,0.0,7.60,16.80,4.20,0.0,0.0,0.0,444,10.0,3,0.0,0.0,0.0,0.0,2,4,1,0.0,0.0,0.0
2021-10-19,Tuesday,October,2021,42,750.6,8.0,0.0,0.0,0.0,0.0,0.0,3.80,4.20,0.0,0.0,0.0,0.0,303,2.0,0.0,0.0,0.0,0.0,0.0,1,1,0.0,0.0,0.0,0.0
2021-10-20,Wednesday,October,2021,42,1045.8,20.599999999999998,8.40,0.0,0.0,0.0,0.0,3.80,4.20,4.20,0.0,0.0,0.0,418,5.0,2,0.0,0.0,0.0,0.0,1,1,1,0.0,0.0,0.0
2021-10-21,Thursday,October,2021,42,1031.6,25.200000000000003,8.40,0.0,0.0,0.0,0.0,0.0,8.40,8.40,0.0,0.0,0.0,461,6.0,2,0.0,0.0,0.0,0.0,0.0,2,2,0.0,0.0,0.0
2021-10-23,Saturday,October,2021,42,1799.6,16.8,0.0,0.0,0.0,0.0,0.0,0.0,4.20,12.60,0.0,0.0,0.0,730,4.0,0.0,0.0,0.0,0.0,0.0,0.0,1,3,0.0,0.0,0.0
2021-10-24,Sunday,October,2021,42,1499.8,20.6,8.40,0.0,0.0,0.0,0.0,3.80,0.0,8.40,0.0,0.0,0.0,656,5.0,2,0.0,0.0,0.0,0.0,1,0.0,2,0.0,0.0,0.0
2021-10-25,Monday,October,2021,43,868.4,12.600000000000001,4.20,0.0,0.0,0.0,0.0,0.0,0.0,8.40,0.0,0.0,0.0,315,3.0,1,0.0,0.0,0.0,0.0,0.0,0.0,2,0.0,0.0,0.0
2021-10-26,Tuesday,October,2021,43,839.6,4.2,0.0,0.0,0.0,0.0,0.0,0.0,0.0,4.20,0.0,0.0,0.0,356,1.0,0.0,0.0,0.0,0.0,0.0,0.0,0.0,1,0.0,0.0,0.0
2021-10-27,Wednesday,October,2021,43,990.6,8.4,0.0,0.0,0.0,0.0,0.0,0.0,0.0,8.40,0.0,0.0,0.0,404,2.0,0.0,0.0,0.0,0.0,0.0,0.0,0.0,2,0.0,0.0,0.0
2021-10-28,Thursday,October,2021,43,905.0,16.8,0.0,0.0,0.0,0.0,0.0,0.0,12.60,4.20,0.0,0.0,0.0,425,4.0,0.0,0.0,0.0,0.0,0.0,0.0,3,1,0.0,0.0,0.0
2021-10-29,Friday,October,2021,43,1358.4,4.2,0.0,0.0,0.0,0.0,0.0,0.0,0.0,4.20,0.0,0.0,0.0,525,1.0,0.0,0.0,0.0,0.0,0.0,0.0,0.0,1,0.0,0.0,0.0
2021-10-30,Saturday,October,2021,43,1352.4,4.2,0.0,0.0,0.0,0.0,0.0,0.0,0.0,4.20,0.0,0.0,0.0,548,1.0,0.0,0.0,0.0,0.0,0.0,0.0,0.0,1,0.0,0.0,0.0
2021-10-31,Sunday,October,2021,43,1239.6,21.0,8.40,0.0,0.0,0.0,0.0,0.0,4.20,8.40,0.0,0.0,0.0,509,5.0,2,0.0,0.0,0.0,0.0,0.0,1,2,0.0,0.0,0.0
2021-11-01,Monday,November,2021,44,912.4,4.2,4.20,0.0,0.0,0.0,0.0,0.0,0.0,0.0,0.0,0.0,0.0,347,1.0,1,0.0,0.0,0.0,0.0,0.0,0.0,0.0,0.0,0.0,0.0
2021-11-03,Wednesday,November,2021,44,684.0,4.2,0.0,0.0,0.0,0.0,0.0,0.0,0.0,4.20,0.0,0.0,0.0,259,1.0,0.0,0.0,0.0,0.0,0.0,0.0,0.0,1,0.0,0.0,0.0
2021-11-04,Thursday,November,2021,44,567.8,4.2,0.0,0.0,0.0,0.0,0.0,0.0,0.0,4.20,0.0,0.0,0.0,225,1.0,0.0,0.0,0.0,0.0,0.0,0.0,0.0,1,0.0,0.0,0.0
2021-11-05,Friday,November,2021,44,836.6,8.4,0.0,0.0,0.0,0.0,0.0,0.0,0.0,8.40,0.0,0.0,0.0,316,2.0,0.0,0.0,0.0,0.0,0.0,0.0,0.0,2,0.0,0.0,0.0
2021-11-06,Saturday,November,2021,44,1473.2,16.8,0.0,0.0,0.0,0.0,0.0,0.0,4.20,12.60,0.0,0.0,0.0,547,4.0,0.0,0.0,0.0,0.0,0.0,0.0,1,3,0.0,0.0,0.0
2021-11-07,Sunday,November,2021,44,1085.2,8.4,0.0,0.0,0.0,0.0,0.0,0.0,4.20,4.20,0.0,0.0,0.0,479,2.0,0.0,0.0,0.0,0.0,0.0,0.0,1,1,0.0,0.0,0.0
2021-11-11,Thursday,November,2021,45,765.0,4.2,0.0,0.0,0.0,0.0,0.0,0.0,0.0,4.20,0.0,0.0,0.0,316,1.0,0.0,0.0,0.0,0.0,0.0,0.0,0.0,1,0.0,0.0,0.0
2021-11-12,Friday,November,2021,45,1250.8,8.0,0.0,0.0,0.0,0.0,0.0,3.80,0.0,4.20,0.0,0.0,0.0,510,2.0,0.0,0.0,0.0,0.0,0.0,1,0.0,1,0.0,0.0,0.0
2021-11-13,Saturday,November,2021,45,1127.6,8.4,0.0,0.0,0.0,0.0,0.0,0.0,0.0,8.40,0.0,0.0,0.0,488,2.0,0.0,0.0,0.0,0.0,0.0,0.0,0.0,2,0.0,0.0,0.0
2021-11-14,Sunday,November,2021,45,1071.0,16.8,4.20,0.0,0.0,0.0,0.0,0.0,0.0,12.60,0.0,0.0,0.0,452,4.0,1,0.0,0.0,0.0,0.0,0.0,0.0,3,0.0,0.0,0.0
2021-11-19,Friday,November,2021,46,1050.2,8.4,0.0,0.0,0.0,0.0,0.0,0.0,0.0,8.40,0.0,0.0,0.0,419,2.0,0.0,0.0,0.0,0.0,0.0,0.0,0.0,2,0.0,0.0,0.0
2021-11-20,Saturday,November,2021,46,1385.2,8.4,0.0,0.0,0.0,0.0,0.0,0.0,0.0,8.40,0.0,0.0,0.0,594,2.0,0.0,0.0,0.0,0.0,0.0,0.0,0.0,2,0.0,0.0,0.0
2021-11-21,Sunday,November,2021,46,1029.8,8.4,0.0,0.0,0.0,0.0,0.0,0.0,0.0,8.40,0.0,0.0,0.0,439,2.0,0.0,0.0,0.0,0.0,0.0,0.0,0.0,2,0.0,0.0,0.0
2021-11-23,Tuesday,November,2021,47,728.2,4.2,4.20,0.0,0.0,0.0,0.0,0.0,0.0,0.0,0.0,0.0,0.0,291,1.0,1,0.0,0.0,0.0,0.0,0.0,0.0,0.0,0.0,0.0,0.0
2021-11-24,Wednesday,November,2021,47,641.8,8.4,8.40,0.0,0.0,0.0,0.0,0.0,0.0,0.0,0.0,0.0,0.0,249,2.0,2,0.0,0.0,0.0,0.0,0.0,0.0,0.0,0.0,0.0,0.0
2021-11-25,Thursday,November,2021,47,664.4,4.2,4.20,0.0,0.0,0.0,0.0,0.0,0.0,0.0,0.0,0.0,0.0,260,1.0,1,0.0,0.0,0.0,0.0,0.0,0.0,0.0,0.0,0.0,0.0
2021-11-27,Saturday,November,2021,47,1272.8,8.4,0.0,0.0,0.0,0.0,0.0,0.0,0.0,8.40,0.0,0.0,0.0,564,2.0,0.0,0.0,0.0,0.0,0.0,0.0,0.0,2,0.0,0.0,0.0
2021-11-28,Sunday,November,2021,47,1026.4,8.4,0.0,0.0,0.0,0.0,0.0,0.0,0.0,8.40,0.0,0.0,0.0,456,2.0,0.0,0.0,0.0,0.0,0.0,0.0,0.0,2,0.0,0.0,0.0
2021-12-01,Wednesday,December,2021,48,551.0,4.2,4.20,0.0,0.0,0.0,0.0,0.0,0.0,0.0,0.0,0.0,0.0,215,1.0,1,0.0,0.0,0.0,0.0,0.0,0.0,0.0,0.0,0.0,0.0
2021-12-03,Friday,December,2021,48,883.4,4.2,0.0,0.0,0.0,0.0,0.0,0.0,4.20,0.0,0.0,0.0,0.0,378,1.0,0.0,0.0,0.0,0.0,0.0,0.0,1,0.0,0.0,0.0,0.0
2021-12-04,Saturday,December,2021,48,1115.0,16.8,0.0,0.0,0.0,0.0,0.0,0.0,0.0,16.80,0.0,0.0,0.0,552,4.0,0.0,0.0,0.0,0.0,0.0,0.0,0.0,4,0.0,0.0,0.0
2021-12-05,Sunday,December,2021,48,1254.4,25.2,0.0,0.0,0.0,0.0,12.60,0.0,0.0,12.60,0.0,0.0,0.0,664,6.0,0.0,0.0,0.0,0.0,3,0.0,0.0,3,0.0,0.0,0.0
2021-12-06,Monday,December,2021,49,582.4,4.2,0.0,0.0,0.0,0.0,4.20,0.0,0.0,0.0,0.0,0.0,0.0,261,1.0,0.0,0.0,0.0,0.0,1,0.0,0.0,0.0,0.0,0.0,0.0
2021-12-07,Tuesday,December,2021,49,576.8,4.2,0.0,0.0,0.0,0.0,4.20,0.0,0.0,0.0,0.0,0.0,0.0,243,1.0,0.0,0.0,0.0,0.0,1,0.0,0.0,0.0,0.0,0.0,0.0
2021-12-10,Friday,December,2021,49,659.0,8.4,4.20,0.0,0.0,0.0,4.20,0.0,0.0,0.0,0.0,0.0,0.0,236,2.0,1,0.0,0.0,0.0,1,0.0,0.0,0.0,0.0,0.0,0.0
2021-12-11,Saturday,December,2021,49,1237.4,21.0,0.0,0.0,0.0,0.0,0.0,0.0,4.20,16.80,0.0,0.0,0.0,530,5.0,0.0,0.0,0.0,0.0,0.0,0.0,1,4,0.0,0.0,0.0
2021-12-12,Sunday,December,2021,49,1030.1,12.600000000000001,0.0,0.0,0.0,0.0,0.0,0.0,8.40,4.20,0.0,0.0,0.0,459,3.0,0.0,0.0,0.0,0.0,0.0,0.0,2,1,0.0,0.0,0.0
2021-12-13,Monday,December,2021,50,573.3837,25.200000000000003,4.20,0.0,0.0,0.0,4.20,0.0,0.0,16.80,0.0,0.0,0.0,900,6.0,1,0.0,0.0,0.0,1,0.0,0.0,4,0.0,0.0,0.0
2021-12-16,Thursday,December,2021,50,744.4,16.8,8.40,0.0,0.0,0.0,4.20,0.0,0.0,4.20,0.0,0.0,0.0,302,4.0,2,0.0,0.0,0.0,1,0.0,0.0,1,0.0,0.0,0.0
2021-12-19,Sunday,December,2021,50,1016.6,8.4,0.0,0.0,0.0,0.0,0.0,0.0,0.0,8.40,0.0,0.0,0.0,415,2.0,0.0,0.0,0.0,0.0,0.0,0.0,0.0,2,0.0,0.0,0.0
2021-12-21,Tuesday,December,2021,51,913.8,8.4,0.0,0.0,0.0,0.0,0.0,0.0,4.20,4.20,0.0,0.0,0.0,419,2.0,0.0,0.0,0.0,0.0,0.0,0.0,1,1,0.0,0.0,0.0
2021-12-22,Wednesday,December,2021,51,922.7112000000001,12.6,0.0,0.0,0.0,0.0,0.0,0.0,0.0,12.60,0.0,0.0,0.0,720,3.0,0.0,0.0,0.0,0.0,0.0,0.0,0.0,3,0.0,0.0,0.0
2021-12-24,Friday,December,2021,51,520.2,8.4,0.0,0.0,0.0,0.0,0.0,0.0,0.0,8.40,0.0,0.0,0.0,224,2.0,0.0,0.0,0.0,0.0,0.0,0.0,0.0,2,0.0,0.0,0.0
2021-12-27,Monday,December,2021,52,1229.32,12.600000000000001,0.0,0.0,0.0,0.0,8.40,0.0,0.0,4.20,0.0,0.0,0.0,532,3.0,0.0,0.0,0.0,0.0,2,0.0,0.0,1,0.0,0.0,0.0
2021-12-28,Tuesday,December,2021,52,994.2,12.6,0.0,0.0,0.0,0.0,0.0,0.0,0.0,12.60,0.0,0.0,0.0,398,3.0,0.0,0.0,0.0,0.0,0.0,0.0,0.0,3,0.0,0.0,0.0
2021-12-29,Wednesday,December,2021,52,1047.4,16.8,0.0,0.0,0.0,0.0,0.0,0.0,0.0,16.80,0.0,0.0,0.0,452,4.0,0.0,0.0,0.0,0.0,0.0,0.0,0.0,4,0.0,0.0,0.0
2021-12-30,Thursday,December,2021,52,1192.0,12.600000000000001,0.0,0.0,0.0,0.0,4.20,0.0,0.0,8.40,0.0,0.0,0.0,530,3.0,0.0,0.0,0.0,0.0,1,0.0,0.0,2,0.0,0.0,0.0
2021-12-31,Friday,December,2021,52,1555.4,21.0,4.20,0.0,0.0,0.0,4.20,0.0,0.0,12.60,0.0,0.0,0.0,673,5.0,1,0.0,0.0,0.0,1,0.0,0.0,3,0.0,0.0,0.0
2022-01-02,Sunday,January,2022,52,1528.8,4.2,0.0,0.0,0.0,0.0,0.0,0.0,0.0,4.20,0.0,0.0,0.0,705,1.0,0.0,0.0,0.0,0.0,0.0,0.0,0.0,1,0.0,0.0,0.0
2022-01-03,Monday,January,2022,1,1142.4,4.2,4.20,0.0,0.0,0.0,0.0,0.0,0.0,0.0,0.0,0.0,0.0,487,1.0,1,0.0,0.0,0.0,0.0,0.0,0.0,0.0,0.0,0.0,0.0
2022-01-04,Tuesday,January,2022,1,624.0,8.4,0.0,0.0,0.0,0.0,0.0,0.0,0.0,8.40,0.0,0.0,0.0,252,2.0,0.0,0.0,0.0,0.0,0.0,0.0,0.0,2,0.0,0.0,0.0
2022-01-08,Saturday,January,2022,1,1164.721,12.600000000000001,0.0,0.0,0.0,0.0,0.0,0.0,4.20,8.40,0.0,0.0,0.0,998,3.0,0.0,0.0,0.0,0.0,0.0,0.0,1,2,0.0,0.0,0.0
2022-01-12,Wednesday,January,2022,2,817.2,4.2,0.0,0.0,0.0,0.0,0.0,0.0,0.0,4.20,0.0,0.0,0.0,335,1.0,0.0,0.0,0.0,0.0,0.0,0.0,0.0,1,0.0,0.0,0.0
2022-01-14,Friday,January,2022,2,993.2,4.2,0.0,0.0,0.0,0.0,0.0,0.0,4.20,0.0,0.0,0.0,0.0,446,1.0,0.0,0.0,0.0,0.0,0.0,0.0,1,0.0,0.0,0.0,0.0
2022-01-15,Saturday,January,2022,2,1508.0,4.2,0.0,0.0,0.0,0.0,0.0,0.0,0.0,4.20,0.0,0.0,0.0,709,1.0,0.0,0.0,0.0,0.0,0.0,0.0,0.0,1,0.0,0.0,0.0
2022-01-16,Sunday,January,2022,2,1128.8,8.4,8.40,0.0,0.0,0.0,0.0,0.0,0.0,0.0,0.0,0.0,0.0,600,2.0,2,0.0,0.0,0.0,0.0,0.0,0.0,0.0,0.0,0.0,0.0
2022-01-17,Monday,January,2022,3,548.6,20.2,0.0,0.0,0.0,0.0,8.40,7.60,0.0,4.20,0.0,0.0,0.0,231,5.0,0.0,0.0,0.0,0.0,2,2,0.0,1,0.0,0.0,0.0
2022-01-18,Tuesday,January,2022,3,599.6,4.2,0.0,0.0,0.0,0.0,0.0,0.0,0.0,4.20,0.0,0.0,0.0,295,1.0,0.0,0.0,0.0,0.0,0.0,0.0,0.0,1,0.0,0.0,0.0
2022-01-20,Thursday,January,2022,3,547.8,8.4,4.20,0.0,0.0,0.0,0.0,0.0,0.0,4.20,0.0,0.0,0.0,206,2.0,1,0.0,0.0,0.0,0.0,0.0,0.0,1,0.0,0.0,0.0
2022-01-21,Friday,January,2022,3,718.0,12.600000000000001,0.0,0.0,0.0,0.0,4.20,0.0,0.0,8.40,0.0,0.0,0.0,282,3.0,0.0,0.0,0.0,0.0,1,0.0,0.0,2,0.0,0.0,0.0
2022-01-24,Monday,January,2022,4,745.8,4.2,0.0,0.0,0.0,0.0,0.0,0.0,0.0,4.20,0.0,0.0,0.0,343,1.0,0.0,0.0,0.0,0.0,0.0,0.0,0.0,1,0.0,0.0,0.0
2022-01-26,Wednesday,January,2022,4,597.8,4.2,0.0,0.0,0.0,0.0,4.20,0.0,0.0,0.0,0.0,0.0,0.0,258,1.0,0.0,0.0,0.0,0.0,1,0.0,0.0,0.0,0.0,0.0,0.0
2022-01-29,Saturday,January,2022,4,1227.6,8.4,0.0,0.0,0.0,0.0,0.0,0.0,0.0,8.40,0.0,0.0,0.0,498,2.0,0.0,0.0,0.0,0.0,0.0,0.0,0.0,2,0.0,0.0,0.0
2022-01-30,Sunday,January,2022,4,1544.0,4.2,4.20,0.0,0.0,0.0,0.0,0.0,0.0,0.0,0.0,0.0,0.0,670,1.0,1,0.0,0.0,0.0,0.0,0.0,0.0,0.0,0.0,0.0,0.0
2022-01-31,Monday,January,2022,5,575.2,4.2,0.0,0.0,0.0,0.0,0.0,0.0,4.20,0.0,0.0,0.0,0.0,224,1.0,0.0,0.0,0.0,0.0,0.0,0.0,1,0.0,0.0,0.0,0.0
2022-02-02,Wednesday,February,2022,5,542.4,4.2,0.0,0.0,0.0,0.0,0.0,0.0,0.0,4.20,0.0,0.0,0.0,248,1.0,0.0,0.0,0.0,0.0,0.0,0.0,0.0,1,0.0,0.0,0.0
2022-02-04,Friday,February,2022,5,868.8,4.2,0.0,0.0,0.0,0.0,0.0,0.0,4.20,0.0,0.0,0.0,0.0,382,1.0,0.0,0.0,0.0,0.0,0.0,0.0,1,0.0,0.0,0.0,0.0
2022-02-05,Saturday,February,2022,5,1896.2,8.4,0.0,0.0,0.0,0.0,0.0,0.0,0.0,8.40,0.0,0.0,0.0,984,2.0,0.0,0.0,0.0,0.0,0.0,0.0,0.0,2,0.0,0.0,0.0
2022-02-06,Sunday,February,2022,5,968.0,12.600000000000001,0.0,0.0,0.0,0.0,4.20,0.0,0.0,8.40,0.0,0.0,0.0,436,3.0,0.0,0.0,0.0,0.0,1,0.0,0.0,2,0.0,0.0,0.0
2022-02-08,Tuesday,February,2022,6,1002.2,21.0,0.0,0.0,0.0,0.0,0.0,0.0,16.80,4.20,0.0,0.0,0.0,434,5.0,0.0,0.0,0.0,0.0,0.0,0.0,4,1,0.0,0.0,0.0
2022-02-09,Wednesday,February,2022,6,1207.2,29.4,4.20,0.0,0.0,0.0,12.60,0.0,12.60,0.0,0.0,0.0,0.0,506,7.0,1,0.0,0.0,0.0,3,0.0,3,0.0,0.0,0.0,0.0
2022-02-12,Saturday,February,2022,6,1874.2,25.2,12.60,0.0,0.0,0.0,8.40,0.0,4.20,0.0,0.0,0.0,0.0,796,6.0,3,0.0,0.0,0.0,2,0.0,1,0.0,0.0,0.0,0.0
2022-02-13,Sunday,February,2022,6,1856.9592,46.2,8.40,0.0,0.0,0.0,4.20,0.0,12.60,21.00,0.0,0.0,0.0,1192,11.0,2,0.0,0.0,0.0,1,0.0,3,5,0.0,0.0,0.0
2022-02-15,Tuesday,February,2022,7,763.6,12.600000000000001,8.40,0.0,0.0,0.0,0.0,0.0,0.0,4.20,0.0,0.0,0.0,322,3.0,2,0.0,0.0,0.0,0.0,0.0,0.0,1,0.0,0.0,0.0
2022-02-16,Wednesday,February,2022,7,690.2,4.2,0.0,0.0,0.0,0.0,4.20,0.0,0.0,0.0,0.0,0.0,0.0,293,1.0,0.0,0.0,0.0,0.0,1,0.0,0.0,0.0,0.0,0.0,0.0
2022-02-17,Thursday,February,2022,7,955.6,8.4,8.40,0.0,0.0,0.0,0.0,0.0,0.0,0.0,0.0,0.0,0.0,364,2.0,2,0.0,0.0,0.0,0.0,0.0,0.0,0.0,0.0,0.0,0.0
2022-02-18,Friday,February,2022,7,1111.8,4.2,0.0,0.0,0.0,0.0,4.20,0.0,0.0,0.0,0.0,0.0,0.0,482,1.0,0.0,0.0,0.0,0.0,1,0.0,0.0,0.0,0.0,0.0,0.0
2022-02-19,Saturday,February,2022,7,1936.2,29.4,0.0,0.0,0.0,0.0,12.60,0.0,12.60,4.20,0.0,0.0,0.0,880,7.0,0.0,0.0,0.0,0.0,3,0.0,3,1,0.0,0.0,0.0
2022-02-20,Sunday,February,2022,7,1165.65,12.600000000000001,4.20,0.0,0.0,0.0,0.0,0.0,0.0,8.40,0.0,0.0,0.0,525,3.0,1,0.0,0.0,0.0,0.0,0.0,0.0,2,0.0,0.0,0.0
2022-02-21,Monday,February,2022,8,666.0,12.600000000000001,8.40,0.0,0.0,0.0,4.20,0.0,0.0,0.0,0.0,0.0,0.0,233,3.0,2,0.0,0.0,0.0,1,0.0,0.0,0.0,0.0,0.0,0.0
2022-02-22,Tuesday,February,2022,8,739.8,8.4,4.20,0.0,0.0,0.0,4.20,0.0,0.0,0.0,0.0,0.0,0.0,295,2.0,1,0.0,0.0,0.0,1,0.0,0.0,0.0,0.0,0.0,0.0
2022-02-23,Wednesday,February,2022,8,1234.2,37.800000000000004,12.60,0.0,0.0,0.0,0.0,0.0,12.60,8.40,4.20,0.0,0.0,520,9.0,3,0.0,0.0,0.0,0.0,0.0,3,2,1,0.0,0.0
2022-02-24,Thursday,February,2022,8,821.5,50.4,16.80,0.0,0.0,0.0,0.0,0.0,25.20,8.40,0.0,0.0,0.0,374,12.0,4,0.0,0.0,0.0,0.0,0.0,6,2,0.0,0.0,0.0
2022-02-25,Friday,February,2022,8,1034.8,12.600000000000001,8.40,0.0,0.0,0.0,0.0,0.0,4.20,0.0,0.0,0.0,0.0,371,3.0,2,0.0,0.0,0.0,0.0,0.0,1,0.0,0.0,0.0,0.0
2022-02-26,Saturday,February,2022,8,1659.4,33.6,16.80,0.0,0.0,0.0,0.0,0.0,4.20,12.60,0.0,0.0,0.0,767,8.0,4,0.0,0.0,0.0,0.0,0.0,1,3,0.0,0.0,0.0
2022-02-27,Sunday,February,2022,8,1642.6,12.600000000000001,0.0,0.0,0.0,0.0,0.0,0.0,4.20,8.40,0.0,0.0,0.0,762,3.0,0.0,0.0,0.0,0.0,0.0,0.0,1,2,0.0,0.0,0.0
2022-02-28,Monday,February,2022,9,1200.4,25.2,8.40,0.0,0.0,0.0,4.20,0.0,8.40,4.20,0.0,0.0,0.0,525,6.0,2,0.0,0.0,0.0,1,0.0,2,1,0.0,0.0,0.0
2022-03-01,Tuesday,March,2022,9,1065.4,29.4,0.0,0.0,0.0,0.0,4.20,0.0,16.80,8.40,0.0,0.0,0.0,414,7.0,0.0,0.0,0.0,0.0,1,0.0,4,2,0.0,0.0,0.0
2022-03-02,Wednesday,March,2022,9,800.4,4.2,0.0,0.0,0.0,0.0,0.0,0.0,4.20,0.0,0.0,0.0,0.0,326,1.0,0.0,0.0,0.0,0.0,0.0,0.0,1,0.0,0.0,0.0,0.0
2022-03-03,Thursday,March,2022,9,1543.4,63.0,12.60,0.0,0.0,0.0,0.0,0.0,29.40,21.00,0.0,0.0,0.0,724,15.0,3,0.0,0.0,0.0,0.0,0.0,7,5,0.0,0.0,0.0
2022-03-04,Friday,March,2022,9,1246.6,33.6,16.80,0.0,0.0,0.0,0.0,0.0,16.80,0.0,0.0,0.0,0.0,587,8.0,4,0.0,0.0,0.0,0.0,0.0,4,0.0,0.0,0.0,0.0
2022-03-05,Saturday,March,2022,9,1783.8,50.4,16.80,0.0,0.0,0.0,4.20,0.0,8.40,21.00,0.0,0.0,0.0,859,12.0,4,0.0,0.0,0.0,1,0.0,2,5,0.0,0.0,0.0
2022-03-06,Sunday,March,2022,9,1379.2,21.0,0.0,0.0,0.0,0.0,0.0,0.0,12.60,8.40,0.0,0.0,0.0,635,5.0,0.0,0.0,0.0,0.0,0.0,0.0,3,2,0.0,0.0,0.0
2022-03-08,Tuesday,March,2022,10,941.8,8.4,0.0,0.0,0.0,0.0,4.20,0.0,0.0,4.20,0.0,0.0,0.0,436,2.0,0.0,0.0,0.0,0.0,1,0.0,0.0,1,0.0,0.0,0.0
2022-03-09,Wednesday,March,2022,10,921.4,29.4,12.60,0.0,0.0,0.0,4.20,0.0,0.0,12.60,0.0,0.0,0.0,414,7.0,3,0.0,0.0,0.0,1,0.0,0.0,3,0.0,0.0,0.0
2022-03-10,Thursday,March,2022,10,953.0,33.6,16.80,0.0,0.0,0.0,4.20,0.0,8.40,4.20,0.0,0.0,0.0,473,8.0,4,0.0,0.0,0.0,1,0.0,2,1,0.0,0.0,0.0
2022-03-11,Friday,March,2022,10,1262.0,37.8,12.60,0.0,0.0,0.0,0.0,0.0,16.80,8.40,0.0,0.0,0.0,604,9.0,3,0.0,0.0,0.0,0.0,0.0,4,2,0.0,0.0,0.0
2022-03-12,Saturday,March,2022,10,1745.4,63.0,29.40,0.0,0.0,0.0,0.0,0.0,29.40,4.20,0.0,0.0,0.0,803,15.0,7,0.0,0.0,0.0,0.0,0.0,7,1,0.0,0.0,0.0
2022-03-13,Sunday,March,2022,10,1471.4,130.2,29.40,0.0,0.0,0.0,16.80,0.0,63.00,21.00,0.0,0.0,0.0,635,31.0,7,0.0,0.0,0.0,4,0.0,15,5,0.0,0.0,0.0
2022-03-14,Monday,March,2022,11,886.2,46.2,4.20,0.0,0.0,0.0,0.0,0.0,37.80,4.20,0.0,0.0,0.0,380,11.0,1,0.0,0.0,0.0,0.0,0.0,9,1,0.0,0.0,0.0
2022-03-15,Tuesday,March,2022,11,721.4,4.2,0.0,0.0,0.0,0.0,0.0,0.0,0.0,4.20,0.0,0.0,0.0,283,1.0,0.0,0.0,0.0,0.0,0.0,0.0,0.0,1,0.0,0.0,0.0
2022-03-16,Wednesday,March,2022,11,785.2,8.4,4.20,0.0,0.0,0.0,4.20,0.0,0.0,0.0,0.0,0.0,0.0,338,2.0,1,0.0,0.0,0.0,1,0.0,0.0,0.0,0.0,0.0,0.0
2022-03-18,Friday,March,2022,11,908.2,25.200000000000003,16.80,0.0,0.0,0.0,0.0,0.0,8.40,0.0,0.0,0.0,0.0,383,6.0,4,0.0,0.0,0.0,0.0,0.0,2,0.0,0.0,0.0,0.0
2022-03-19,Saturday,March,2022,11,1720.6,29.4,8.40,0.0,0.0,0.0,4.20,0.0,4.20,12.60,0.0,0.0,0.0,831,7.0,2,0.0,0.0,0.0,1,0.0,1,3,0.0,0.0,0.0
2022-03-20,Sunday,March,2022,11,1561.2,96.60000000000001,25.20,0.0,0.0,0.0,0.0,0.0,63.00,8.40,0.0,0.0,0.0,758,23.0,6,0.0,0.0,0.0,0.0,0.0,15,2,0.0,0.0,0.0
2022-03-21,Monday,March,2022,12,783.5,29.4,12.60,0.0,0.0,0.0,0.0,0.0,8.40,8.40,0.0,0.0,0.0,375,7.0,3,0.0,0.0,0.0,0.0,0.0,2,2,0.0,0.0,0.0
2022-03-22,Tuesday,March,2022,12,929.6,109.20000000000002,33.60,0.0,0.0,0.0,16.80,0.0,50.40,8.40,0.0,0.0,0.0,368,26.0,8,0.0,0.0,0.0,4,0.0,12,2,0.0,0.0,0.0
2022-03-23,Wednesday,March,2022,12,793.6,50.4,12.60,0.0,0.0,0.0,8.40,0.0,21.00,8.40,0.0,0.0,0.0,354,12.0,3,0.0,0.0,0.0,2,0.0,5,2,0.0,0.0,0.0
2022-03-24,Thursday,March,2022,12,942.2,63.0,29.40,0.0,0.0,0.0,0.0,0.0,16.80,16.80,0.0,0.0,0.0,387,15.0,7,0.0,0.0,0.0,0.0,0.0,4,4,0.0,0.0,0.0
2022-03-25,Friday,March,2022,12,1032.8,189.0,105.00,0.0,0.0,0.0,0.0,0.0,67.20,16.80,0.0,0.0,0.0,453,45.0,25,0.0,0.0,0.0,0.0,0.0,16,4,0.0,0.0,0.0
2022-03-26,Saturday,March,2022,12,1951.65,180.60000000000002,67.20,0.0,0.0,0.0,16.80,0.0,58.80,37.80,0.0,0.0,0.0,821,43.0,16,0.0,0.0,0.0,4,0.0,14,9,0.0,0.0,0.0
2022-03-27,Sunday,March,2022,12,1514.83,210.0,63.00,0.0,0.0,0.0,0.0,0.0,113.40,33.60,0.0,0.0,0.0,665,50.0,15,0.0,0.0,0.0,0.0,0.0,27,8,0.0,0.0,0.0
2022-03-28,Monday,March,2022,13,862.0,142.8,54.60,0.0,0.0,0.0,16.80,0.0,67.20,4.20,0.0,0.0,0.0,357,34.0,13,0.0,0.0,0.0,4,0.0,16,1,0.0,0.0,0.0
2022-03-29,Tuesday,March,2022,13,798.4,46.199999999999996,21.00,0.0,0.0,0.0,0.0,0.0,16.80,8.40,0.0,0.0,0.0,333,11.0,5,0.0,0.0,0.0,0.0,0.0,4,2,0.0,0.0,0.0
2022-03-30,Wednesday,March,2022,13,781.4,12.600000000000001,0.0,0.0,0.0,0.0,8.40,0.0,4.20,0.0,0.0,0.0,0.0,310,3.0,0.0,0.0,0.0,0.0,2,0.0,1,0.0,0.0,0.0,0.0
2022-03-31,Thursday,March,2022,13,719.1,16.8,4.20,0.0,0.0,0.0,0.0,0.0,0.0,12.60,0.0,0.0,0.0,264,4.0,1,0.0,0.0,0.0,0.0,0.0,0.0,3,0.0,0.0,0.0
2022-04-01,Friday,April,2022,13,561.2,12.6,0.0,0.0,0.0,0.0,0.0,0.0,12.60,0.0,0.0,0.0,0.0,185,3.0,0.0,0.0,0.0,0.0,0.0,0.0,3,0.0,0.0,0.0,0.0
2022-04-02,Saturday,April,2022,13,849.5,4.2,0.0,0.0,0.0,0.0,0.0,0.0,4.20,0.0,0.0,0.0,0.0,325,1.0,0.0,0.0,0.0,0.0,0.0,0.0,1,0.0,0.0,0.0,0.0
2022-04-04,Monday,April,2022,14,863.2,21.0,4.20,0.0,0.0,0.0,0.0,0.0,12.60,4.20,0.0,0.0,0.0,343,5.0,1,0.0,0.0,0.0,0.0,0.0,3,1,0.0,0.0,0.0
2022-04-05,Tuesday,April,2022,14,647.0,4.2,4.20,0.0,0.0,0.0,0.0,0.0,0.0,0.0,0.0,0.0,0.0,270,1.0,1,0.0,0.0,0.0,0.0,0.0,0.0,0.0,0.0,0.0,0.0
2022-04-06,Wednesday,April,2022,14,758.4,33.6,4.20,0.0,0.0,0.0,0.0,0.0,29.40,0.0,0.0,0.0,0.0,313,8.0,1,0.0,0.0,0.0,0.0,0.0,7,0.0,0.0,0.0,0.0
2022-04-07,Thursday,April,2022,14,672.7,25.2,12.60,0.0,0.0,0.0,0.0,0.0,12.60,0.0,0.0,0.0,0.0,248,6.0,3,0.0,0.0,0.0,0.0,0.0,3,0.0,0.0,0.0,0.0
2022-04-08,Friday,April,2022,14,556.9,4.2,4.20,0.0,0.0,0.0,0.0,0.0,0.0,0.0,0.0,0.0,0.0,202,1.0,1,0.0,0.0,0.0,0.0,0.0,0.0,0.0,0.0,0.0,0.0
2022-04-09,Saturday,April,2022,14,1334.6,33.6,16.80,0.0,0.0,0.0,0.0,0.0,12.60,4.20,0.0,0.0,0.0,538,8.0,4,0.0,0.0,0.0,0.0,0.0,3,1,0.0,0.0,0.0
2022-04-10,Sunday,April,2022,14,1263.5,4.2,0.0,0.0,0.0,0.0,0.0,0.0,0.0,4.20,0.0,0.0,0.0,509,1.0,0.0,0.0,0.0,0.0,0.0,0.0,0.0,1,0.0,0.0,0.0
2022-04-11,Monday,April,2022,15,1030.3,58.8,25.20,0.0,0.0,0.0,4.20,0.0,29.40,0.0,0.0,0.0,0.0,413,14.0,6,0.0,0.0,0.0,1,0.0,7,0.0,0.0,0.0,0.0
2022-04-12,Tuesday,April,2022,15,952.6,113.4,37.80,0.0,0.0,0.0,0.0,0.0,67.20,8.40,0.0,0.0,0.0,354,27.0,9,0.0,0.0,0.0,0.0,0.0,16,2,0.0,0.0,0.0
2022-04-13,Wednesday,April,2022,15,913.5,167.2,37.80,0.0,0.0,0.0,12.60,7.60,63.00,46.20,0.0,0.0,0.0,346,40.0,9,0.0,0.0,0.0,3,2,15,11,0.0,0.0,0.0
2022-04-14,Thursday,April,2022,15,972.6,79.4,12.60,0.0,0.0,0.0,0.0,0.0,54.60,8.40,0.0,3.80,0.0,368,19.0,3,0.0,0.0,0.0,0.0,0.0,13,2,0.0,1,0.0
2022-04-15,Friday,April,2022,15,1129.0,197.00000000000003,46.20,0.0,0.0,7.60,0.0,19.00,71.40,16.80,0.0,36.00,0.0,434,49.0,11,0.0,0.0,2,0.0,5,17,4,0.0,10,0.0
2022-04-16,Saturday,April,2022,15,1529.1,65.60000000000001,25.20,0.0,0.0,0.0,0.0,3.80,25.20,4.20,0.0,7.20,0.0,597,16.0,6,0.0,0.0,0.0,0.0,1,6,1,0.0,2,0.0
2022-04-17,Sunday,April,2022,15,859.8,78.4,21.00,0.0,0.0,7.60,0.0,0.0,8.40,12.60,0.0,28.80,0.0,329,20.0,5,0.0,0.0,2,0.0,0.0,2,3,0.0,8,0.0
2022-04-18,Monday,April,2022,16,1207.1,195.0,46.20,0.0,0.0,0.0,8.40,11.40,75.60,21.00,0.0,32.40,0.0,468,48.0,11,0.0,0.0,0.0,2,3,18,5,0.0,9,0.0
2022-04-19,Tuesday,April,2022,16,987.9,126.8,21.00,0.0,0.0,3.80,4.20,11.40,67.20,8.40,0.0,10.80,0.0,385,31.0,5,0.0,0.0,1,1,3,16,2,0.0,3,0.0
2022-04-20,Wednesday,April,2022,16,1232.8,217.79999999999998,79.80,0.0,0.0,22.80,0.0,0.0,96.60,4.20,0.0,14.40,0.0,461,53.0,19,0.0,0.0,6,0.0,0.0,23,1,0.0,4,0.0
2022-04-21,Thursday,April,2022,16,1165.6,197.20000000000002,50.40,0.0,0.0,7.60,0.0,34.20,71.40,8.40,0.0,25.20,0.0,446,49.0,12,0.0,0.0,2,0.0,9,17,2,0.0,7,0.0
2022-04-22,Friday,April,2022,16,1384.1,165.8,50.40,0.0,0.0,3.80,0.0,0.0,54.60,21.00,0.0,36.00,0.0,532,41.0,12,0.0,0.0,1,0.0,0.0,13,5,0.0,10,0.0
2022-04-23,Saturday,April,2022,16,1559.9,44.400000000000006,21.00,0.0,0.0,0.0,0.0,0.0,8.40,4.20,0.0,10.80,0.0,607,11.0,5,0.0,0.0,0.0,0.0,0.0,2,1,0.0,3,0.0
2022-04-24,Sunday,April,2022,16,760.8,16.8,8.40,0.0,0.0,0.0,0.0,0.0,0.0,8.40,0.0,0.0,0.0,302,4.0,2,0.0,0.0,0.0,0.0,0.0,0.0,2,0.0,0.0,0.0
2022-04-25,Monday,April,2022,17,837.9,36.6,8.40,0.0,0.0,0.0,0.0,0.0,12.60,8.40,0.0,7.20,0.0,292,9.0,2,0.0,0.0,0.0,0.0,0.0,3,2,0.0,2,0.0
2022-04-26,Tuesday,April,2022,17,761.0,36.800000000000004,4.20,0.0,0.0,0.0,4.20,3.80,16.80,4.20,0.0,3.60,0.0,292,9.0,1,0.0,0.0,0.0,1,1,4,1,0.0,1,0.0
2022-04-27,Wednesday,April,2022,17,769.24,62.4,25.20,0.0,0.0,0.0,0.0,0.0,29.40,4.20,0.0,3.60,0.0,317,15.0,6,0.0,0.0,0.0,0.0,0.0,7,1,0.0,1,0.0
2022-04-28,Thursday,April,2022,17,1178.8,223.59999999999997,58.80,0.0,0.0,15.20,0.0,3.80,121.80,4.20,12.60,7.20,0.0,436,54.0,14,0.0,0.0,4,0.0,1,29,1,3,2,0.0
2022-04-29,Friday,April,2022,17,1088.3,129.6,33.60,0.0,0.0,3.80,0.0,7.60,42.00,21.00,0.0,21.60,0.0,437,32.0,8,0.0,0.0,1,0.0,2,10,5,0.0,6,0.0
2022-04-30,Saturday,April,2022,17,1313.1,39.2,8.40,0.0,0.0,0.0,0.0,3.80,8.40,4.20,0.0,14.40,0.0,496,10.0,2,0.0,0.0,0.0,0.0,1,2,1,0.0,4,0.0
2022-05-01,Sunday,May,2022,17,1356.6,93.80000000000001,16.80,0.0,0.0,7.60,0.0,7.60,50.40,4.20,0.0,7.20,0.0,550,23.0,4,0.0,0.0,2,0.0,2,12,1,0.0,2,0.0
2022-05-02,Monday,May,2022,18,917.5,192.8,37.80,0.0,0.0,3.80,16.80,22.80,84.00,16.80,0.0,10.80,0.0,346,47.0,9,0.0,0.0,1,4,6,20,4,0.0,3,0.0
2022-05-03,Tuesday,May,2022,18,751.4,122.6,50.40,0.0,0.0,0.0,0.0,15.20,21.00,0.0,0.0,36.00,0.0,332,31.0,12,0.0,0.0,0.0,0.0,4,5,0.0,0.0,10,0.0
2022-05-04,Wednesday,May,2022,18,852.0,112.6,25.20,0.0,0.0,3.80,0.0,3.80,42.00,12.60,0.0,25.20,0.0,312,28.0,6,0.0,0.0,1,0.0,1,10,3,0.0,7,0.0
2022-05-05,Thursday,May,2022,18,887.16,96.6,37.80,0.0,0.0,0.0,0.0,22.80,16.80,8.40,0.0,10.80,0.0,337,24.0,9,0.0,0.0,0.0,0.0,6,4,2,0.0,3,0.0
2022-05-06,Friday,May,2022,18,1134.1,120.99999999999999,25.20,0.0,0.0,0.0,0.0,7.60,50.40,12.60,0.0,25.20,0.0,395,30.0,6,0.0,0.0,0.0,0.0,2,12,3,0.0,7,0.0
2022-05-07,Saturday,May,2022,18,1934.6,324.0,67.20,0.0,0.0,7.60,0.0,38.00,130.20,12.60,0.0,68.40,0.0,750,81.0,16,0.0,0.0,2,0.0,10,31,3,0.0,19,0.0
2022-05-08,Sunday,May,2022,18,1463.1,278.20000000000005,71.40,0.0,0.0,19.00,8.40,11.40,126.00,16.80,0.0,25.20,0.0,543,68.0,17,0.0,0.0,5,2,3,30,4,0.0,7,0.0
2022-05-09,Monday,May,2022,19,833.0,187.8,46.20,0.0,0.0,3.80,0.0,7.60,88.20,16.80,0.0,25.20,0.0,327,46.0,11,0.0,0.0,1,0.0,2,21,4,0.0,7,0.0
2022-05-10,Tuesday,May,2022,19,898.7,298.6,67.20,0.0,0.0,7.60,8.40,34.20,105.00,29.40,0.0,46.80,0.0,347,74.0,16,0.0,0.0,2,2,9,25,7,0.0,13,0.0
2022-05-11,Wednesday,May,2022,19,834.9,343.8,105.00,0.0,0.0,3.80,0.0,30.40,121.80,25.20,0.0,57.60,0.0,300,85.0,25,0.0,0.0,1,0.0,8,29,6,0.0,16,0.0
2022-05-12,Thursday,May,2022,19,921.8,232.2,71.40,0.0,0.0,3.80,0.0,19.00,100.80,4.20,4.20,28.80,0.0,355,57.0,17,0.0,0.0,1,0.0,5,24,1,1,8,0.0
2022-05-13,Friday,May,2022,19,1106.55,162.8,58.80,0.0,0.0,3.80,0.0,11.40,46.20,12.60,8.40,21.60,0.0,377,40.0,14,0.0,0.0,1,0.0,3,11,3,2,6,0.0
2022-05-14,Saturday,May,2022,19,1432.9,445.4,130.20,0.0,0.0,34.20,0.0,26.60,159.60,33.60,0.0,61.20,0.0,485,110.0,31,0.0,0.0,9,0.0,7,38,8,0.0,17,0.0
2022-05-15,Sunday,May,2022,19,1072.9,471.0,189.00,0.0,0.0,7.60,8.40,15.20,142.80,16.80,8.40,82.80,0.0,399,116.0,45,0.0,0.0,2,2,4,34,4,2,23,0.0
2022-05-16,Monday,May,2022,20,734.5,133.0,54.60,0.0,0.0,3.80,0.0,15.20,33.60,4.20,0.0,21.60,0.0,283,33.0,13,0.0,0.0,1,0.0,4,8,1,0.0,6,0.0
2022-05-17,Tuesday,May,2022,20,896.8,243.8,54.60,0.0,0.0,11.40,0.0,11.40,108.20,4.20,0.0,54.00,0.0,330,61.0,13,0.0,0.0,3,0.0,3,26,1,0.0,15,0.0
2022-05-18,Wednesday,May,2022,20,775.0,319.40000000000003,92.40,0.0,0.0,0.0,4.20,15.20,126.00,8.40,8.40,64.80,0.0,273,79.0,22,0.0,0.0,0.0,1,4,30,2,2,18,0.0
2022-05-19,Thursday,May,2022,20,862.4,366.09999999999997,71.40,0.0,0.0,26.60,0.0,3.80,165.90,29.40,4.20,64.80,0.0,305,91.0,17,0.0,0.0,7,0.0,1,40,7,1,18,0.0
2022-05-20,Friday,May,2022,20,969.6,486.6,168.00,0.0,0.0,3.80,0.0,41.80,176.40,21.00,0.0,75.60,0.0,332,120.0,40,0.0,0.0,1,0.0,11,42,5,0.0,21,0.0
2022-05-21,Saturday,May,2022,20,1526.8,490.6,151.20,0.0,0.0,22.80,0.0,30.40,163.80,46.20,4.20,72.00,0.0,546,121.0,36,0.0,0.0,6,0.0,8,39,11,1,20,0.0
2022-05-22,Sunday,May,2022,20,1295.8,453.19999999999993,126.00,0.0,0.0,11.40,0.0,60.80,180.60,42.00,0.0,32.40,0.0,479,111.0,30,0.0,0.0,3,0.0,16,43,10,0.0,9,0.0
2022-05-23,Monday,May,2022,21,781.8,123.60000000000001,25.20,0.0,0.0,0.0,0.0,11.40,54.60,25.20,0.0,7.20,0.0,260,30.0,6,0.0,0.0,0.0,0.0,3,13,6,0.0,2,0.0
2022-05-24,Tuesday,May,2022,21,1073.2,255.6,96.60,0.0,0.0,0.0,0.0,22.80,88.20,8.40,0.0,39.60,0.0,396,63.0,23,0.0,0.0,0.0,0.0,6,21,2,0.0,11,0.0
2022-05-25,Wednesday,May,2022,21,1077.7,255.2,71.40,0.0,0.0,0.0,0.0,26.60,109.20,8.40,0.0,39.60,0.0,391,63.0,17,0.0,0.0,0.0,0.0,7,26,2,0.0,11,0.0
2022-05-26,Thursday,May,2022,21,1395.95,270.2,100.80,0.0,0.0,0.0,0.0,15.20,117.60,4.20,0.0,32.40,0.0,503,66.0,24,0.0,0.0,0.0,0.0,4,28,1,0.0,9,0.0
2022-05-27,Friday,May,2022,21,1506.3,269.4,100.80,0.0,0.0,0.0,12.60,34.20,71.40,25.20,0.0,25.20,0.0,524,66.0,24,0.0,0.0,0.0,3,9,17,6,0.0,7,0.0
2022-05-28,Saturday,May,2022,21,1794.78,211.60000000000002,54.60,0.0,0.0,19.00,4.20,11.40,71.40,21.00,8.40,21.60,0.0,718,52.0,13,0.0,0.0,5,1,3,17,5,2,6,0.0
2022-05-29,Sunday,May,2022,21,1650.08,89.6,29.40,0.0,0.0,0.0,0.0,15.20,33.60,4.20,0.0,7.20,0.0,676,22.0,7,0.0,0.0,0.0,0.0,4,8,1,0.0,2,0.0
2022-05-30,Monday,May,2022,22,878.94,146.00000000000003,42.00,0.0,0.0,0.0,12.60,26.60,33.60,16.80,0.0,14.40,0.0,359,36.0,10,0.0,0.0,0.0,3,7,8,4,0.0,4,0.0
2022-05-31,Tuesday,May,2022,22,942.98,171.58,46.20,0.0,0.0,0.0,8.40,7.60,74.58,16.80,0.0,18.00,0.0,350,42.0,11,0.0,0.0,0.0,2,2,18,4,0.0,5,0.0
2022-06-01,Wednesday,June,2022,22,819.4,157.8,37.80,0.0,0.0,0.0,4.20,11.40,71.40,4.20,0.0,28.80,0.0,293,39.0,9,0.0,0.0,0.0,1,3,17,1,0.0,8,0.0
2022-06-02,Thursday,June,2022,22,1006.7,254.4,79.80,0.0,0.0,0.0,0.0,34.20,92.40,8.40,0.0,39.60,0.0,351,63.0,19,0.0,0.0,0.0,0.0,9,22,2,0.0,11,0.0
2022-06-03,Friday,June,2022,22,1027.4,201.39999999999998,63.00,0.0,0.0,7.60,0.0,0.0,50.40,33.60,0.0,46.80,0.0,362,50.0,15,0.0,0.0,2,0.0,0.0,12,8,0.0,13,0.0
2022-06-04,Saturday,June,2022,22,1358.65,395.40000000000003,67.20,0.0,0.0,22.80,184.80,22.80,37.80,42.00,0.0,18.00,0.0,491,96.0,16,0.0,0.0,6,44,6,9,10,0.0,5,0.0
2022-06-05,Sunday,June,2022,22,1203.1,203.20000000000002,50.40,0.0,0.0,30.40,0.0,11.40,54.60,16.80,0.0,39.60,0.0,424,51.0,12,0.0,0.0,8,0.0,3,13,4,0.0,11,0.0
2022-06-06,Monday,June,2022,23,1607.7,475.80000000000007,134.40,0.0,0.0,0.0,29.40,79.80,130.20,33.60,0.0,68.40,0.0,568,118.0,32,0.0,0.0,0.0,7,21,31,8,0.0,19,0.0
2022-06-07,Tuesday,June,2022,23,1005.3,164.0,50.40,0.0,0.0,3.80,0.0,11.40,75.60,8.40,0.0,14.40,0.0,369,40.0,12,0.0,0.0,1,0.0,3,18,2,0.0,4,0.0
2022-06-08,Wednesday,June,2022,23,870.8,155.4,46.20,0.0,0.0,3.80,0.0,7.60,58.80,21.00,0.0,18.00,0.0,348,38.0,11,0.0,0.0,1,0.0,2,14,5,0.0,5,0.0
2022-06-09,Thursday,June,2022,23,947.2,111.39999999999999,33.60,0.0,0.0,7.60,0.0,0.0,50.40,12.60,0.0,7.20,0.0,346,27.0,8,0.0,0.0,2,0.0,0.0,12,3,0.0,2,0.0
2022-06-10,Friday,June,2022,23,1106.2,240.79999999999998,99.80,0.0,0.0,7.60,0.0,15.20,63.00,33.60,0.0,21.60,0.0,450,59.0,24,0.0,0.0,2,0.0,4,15,8,0.0,6,0.0
2022-06-11,Saturday,June,2022,23,1158.7,395.79999999999995,205.80,0.0,0.0,0.0,0.0,30.40,96.60,8.40,4.20,50.40,0.0,406,97.0,49,0.0,0.0,0.0,0.0,8,23,2,1,14,0.0
2022-06-12,Sunday,June,2022,23,1090.7,485.2,159.60,0.0,0.0,7.60,0.0,57.00,147.00,67.20,0.0,46.80,0.0,409,119.0,38,0.0,0.0,2,0.0,15,35,16,0.0,13,0.0
2022-06-13,Monday,June,2022,24,796.0,161.6,50.40,0.0,0.0,0.0,0.0,15.20,54.60,12.60,0.0,28.80,0.0,288,40.0,12,0.0,0.0,0.0,0.0,4,13,3,0.0,8,0.0
2022-06-14,Tuesday,June,2022,24,994.8,342.0,75.60,0.0,0.0,7.60,0.0,26.60,155.40,33.60,0.0,43.20,0.0,357,84.0,18,0.0,0.0,2,0.0,7,37,8,0.0,12,0.0
2022-06-15,Wednesday,June,2022,24,847.7,302.2,75.60,0.0,0.0,0.0,4.20,7.60,151.20,16.80,0.0,46.80,0.0,287,74.0,18,0.0,0.0,0.0,1,2,36,4,0.0,13,0.0
2022-06-16,Thursday,June,2022,24,1110.25,538.8,134.40,0.0,0.0,15.20,0.0,41.80,180.60,84.00,0.0,82.80,0.0,387,133.0,32,0.0,0.0,4,0.0,11,43,20,0.0,23,0.0
2022-06-17,Friday,June,2022,24,1142.6,444.0,109.20,0.0,0.0,3.80,0.0,30.40,184.80,29.40,0.0,86.40,0.0,409,110.0,26,0.0,0.0,1,0.0,8,44,7,0.0,24,0.0
2022-06-18,Saturday,June,2022,24,1163.18,516.0,197.40,0.0,0.0,7.60,0.0,38.00,142.80,79.80,0.0,50.40,0.0,390,126.0,47,0.0,0.0,2,0.0,10,34,19,0.0,14,0.0
2022-06-19,Sunday,June,2022,24,779.0,455.8,134.40,0.0,0.0,30.40,0.0,34.20,210.00,0.0,0.0,46.80,0.0,255,112.0,32,0.0,0.0,8,0.0,9,50,0.0,0.0,13,0.0
2022-06-20,Monday,June,2022,25,758.9,267.6,109.20,0.0,0.0,0.0,29.40,22.80,50.40,12.60,0.0,43.20,0.0,281,66.0,26,0.0,0.0,0.0,7,6,12,3,0.0,12,0.0
2022-06-21,Tuesday,June,2022,25,805.1,220.9,63.00,0.0,0.0,3.80,8.40,15.20,71.40,23.10,0.0,36.00,0.0,278,55.0,15,0.0,0.0,1,2,4,17,6,0.0,10,0.0
2022-06-22,Wednesday,June,2022,25,811.4,133.20000000000002,50.40,0.0,0.0,0.0,0.0,22.80,33.60,8.40,0.0,18.00,0.0,275,33.0,12,0.0,0.0,0.0,0.0,6,8,2,0.0,5,0.0
2022-06-23,Thursday,June,2022,25,916.9,322.4,130.20,0.0,0.0,3.80,0.0,19.00,125.00,8.40,0.0,36.00,0.0,332,79.0,31,0.0,0.0,1,0.0,5,30,2,0.0,10,0.0
2022-06-24,Friday,June,2022,25,1031.1,229.4,92.40,0.0,0.0,3.80,0.0,22.80,79.80,8.40,4.20,18.00,0.0,385,56.0,22,0.0,0.0,1,0.0,6,19,2,1,5,0.0
2022-06-25,Saturday,June,2022,25,1750.6,677.0000000000001,264.60,0.0,0.0,7.60,0.0,64.60,201.60,63.00,0.0,75.60,0.0,642,166.0,63,0.0,0.0,2,0.0,17,48,15,0.0,21,0.0
2022-06-26,Sunday,June,2022,25,1451.4,682.2,252.00,0.0,0.0,0.0,0.0,57.00,239.40,42.00,12.60,79.20,0.0,479,167.0,60,0.0,0.0,0.0,0.0,15,57,10,3,22,0.0
2022-06-27,Monday,June,2022,26,1038.4,189.60000000000002,58.80,0.0,0.0,0.0,0.0,22.80,67.20,8.40,0.0,32.40,0.0,368,47.0,14,0.0,0.0,0.0,0.0,6,16,2,0.0,9,0.0
2022-06-28,Tuesday,June,2022,26,1006.65,199.4,63.00,0.0,0.0,0.0,0.0,15.20,84.00,8.40,0.0,28.80,0.0,349,49.0,15,0.0,0.0,0.0,0.0,4,20,2,0.0,8,0.0
2022-06-29,Wednesday,June,2022,26,954.3,294.25,79.80,0.0,0.0,0.0,0.0,33.25,155.40,4.20,0.0,21.60,0.0,356,72.0,19,0.0,0.0,0.0,0.0,9,37,1,0.0,6,0.0
2022-06-30,Thursday,June,2022,26,951.7,248.60000000000002,88.20,0.0,0.0,0.0,0.0,26.60,92.40,12.60,0.0,28.80,0.0,312,61.0,21,0.0,0.0,0.0,0.0,7,22,3,0.0,8,0.0
2022-07-01,Friday,July,2022,26,1046.9,111.4,42.00,0.0,0.0,3.80,4.20,3.80,33.60,16.80,0.0,7.20,0.0,467,27.0,10,0.0,0.0,1,1,1,8,4,0.0,2,0.0
2022-07-02,Saturday,July,2022,26,1584.3,643.4,256.20,0.0,0.0,0.0,0.0,3.80,247.80,42.00,0.0,93.60,0.0,616,157.0,61,0.0,0.0,0.0,0.0,1,59,10,0.0,26,0.0
2022-07-03,Sunday,July,2022,26,1146.0,567.3000000000001,184.80,0.0,0.0,0.0,0.0,45.60,224.70,54.60,0.0,57.60,0.0,400,139.0,44,0.0,0.0,0.0,0.0,12,54,13,0.0,16,0.0
2022-07-04,Monday,July,2022,27,941.1,292.8,121.80,0.0,0.0,0.0,4.20,34.20,100.80,21.00,0.0,10.80,0.0,323,71.0,29,0.0,0.0,0.0,1,9,24,5,0.0,3,0.0
2022-07-05,Tuesday,July,2022,27,1097.0,416.6,138.60,0.0,0.0,0.0,0.0,38.00,168.00,25.20,0.0,46.80,0.0,383,102.0,33,0.0,0.0,0.0,0.0,10,40,6,0.0,13,0.0
2022-07-06,Wednesday,July,2022,27,1108.2,263.5,58.80,0.0,0.0,0.0,4.20,30.40,96.60,23.10,0.0,50.40,0.0,396,66.0,14,0.0,0.0,0.0,1,8,23,6,0.0,14,0.0
2022-07-07,Thursday,July,2022,27,1154.88,146.4,42.00,0.0,0.0,11.40,16.80,0.0,42.00,12.60,0.0,21.60,0.0,433,36.0,10,0.0,0.0,3,4,0.0,10,3,0.0,6,0.0
2022-07-08,Friday,July,2022,27,1231.4,349.6,88.20,0.0,0.0,3.80,8.40,15.20,163.80,37.80,0.0,32.40,0.0,429,85.0,21,0.0,0.0,1,2,4,39,9,0.0,9,0.0
2022-07-09,Saturday,July,2022,27,1719.7,619.6,210.00,0.0,0.0,3.80,0.0,49.40,247.80,54.60,0.0,54.00,0.0,683,151.0,50,0.0,0.0,1,0.0,13,59,13,0.0,15,0.0
2022-07-10,Sunday,July,2022,27,1444.9,376.0,113.40,0.0,0.0,0.0,4.20,53.20,147.00,25.20,4.20,28.80,0.0,507,92.0,27,0.0,0.0,0.0,1,14,35,6,1,8,0.0
2022-07-11,Monday,July,2022,28,919.1,161.79999999999998,42.00,0.0,0.0,0.0,12.60,19.00,54.60,8.40,0.0,25.20,0.0,344,40.0,10,0.0,0.0,0.0,3,5,13,2,0.0,7,0.0
2022-07-12,Tuesday,July,2022,28,910.1,315.2,121.80,0.0,0.0,0.0,0.0,38.00,117.60,12.60,0.0,25.20,0.0,338,78.0,30,0.0,0.0,0.0,0.0,10,28,3,0.0,7,0.0
2022-07-13,Wednesday,July,2022,28,853.2,289.59999999999997,105.00,0.0,0.0,0.0,0.0,30.40,92.40,29.40,0.0,32.40,0.0,314,71.0,25,0.0,0.0,0.0,0.0,8,22,7,0.0,9,0.0
2022-07-14,Thursday,July,2022,28,981.6,405.8,176.40,0.0,0.0,7.60,0.0,41.80,100.80,21.00,4.20,54.00,0.0,358,100.0,42,0.0,0.0,2,0.0,11,24,5,1,15,0.0
2022-07-15,Friday,July,2022,28,943.47,243.79999999999998,50.40,0.0,0.0,11.40,0.0,49.40,67.20,29.40,0.0,36.00,0.0,346,61.0,12,0.0,0.0,3,0.0,13,16,7,0.0,10,0.0
2022-07-16,Saturday,July,2022,28,1736.8,660.6000000000001,226.80,0.0,0.0,11.40,0.0,11.40,243.60,33.60,4.20,129.60,0.0,687,163.0,54,0.0,0.0,3,0.0,3,58,8,1,36,0.0
2022-07-17,Sunday,July,2022,28,1542.8,711.3999999999999,193.20,0.0,0.0,30.40,0.0,22.80,252.00,113.40,16.80,82.80,0.0,558,174.0,46,0.0,0.0,8,0.0,6,60,27,4,23,0.0
2022-07-18,Monday,July,2022,29,701.2,279.20000000000005,100.80,0.0,0.0,0.0,0.0,26.60,117.60,12.60,0.0,21.60,0.0,239,68.0,24,0.0,0.0,0.0,0.0,7,28,3,0.0,6,0.0
2022-07-19,Tuesday,July,2022,29,754.9,363.4,113.40,0.0,0.0,0.0,0.0,19.00,159.60,37.80,8.40,25.20,0.0,263,88.0,27,0.0,0.0,0.0,0.0,5,38,9,2,7,0.0
2022-07-20,Wednesday,July,2022,29,829.92,360.4,130.20,0.0,0.0,15.20,0.0,26.60,138.60,21.00,0.0,28.80,0.0,292,88.0,31,0.0,0.0,4,0.0,7,33,5,0.0,8,0.0
2022-07-21,Thursday,July,2022,29,1071.7,367.20000000000005,79.80,0.0,0.0,3.80,109.20,41.80,75.60,21.00,0.0,36.00,0.0,339,90.0,19,0.0,0.0,1,26,11,18,5,0.0,10,0.0
2022-07-22,Friday,July,2022,29,1022.7,488.0,155.40,0.0,0.0,19.00,0.0,41.80,218.40,16.80,4.20,32.40,0.0,343,119.0,37,0.0,0.0,5,0.0,11,52,4,1,9,0.0
2022-07-23,Saturday,July,2022,29,1618.3,701.75,246.75,0.0,0.0,7.60,0.0,87.40,252.00,50.40,0.0,57.60,0.0,566,172.0,59,0.0,0.0,2,0.0,23,60,12,0.0,16,0.0
2022-07-24,Sunday,July,2022,29,1320.8,704.5999999999999,222.60,0.0,0.0,7.60,4.20,98.80,243.60,63.00,0.0,64.80,0.0,419,173.0,53,0.0,0.0,2,1,26,58,15,0.0,18,0.0
2022-07-25,Monday,July,2022,30,990.6687000000001,930.3,189.00,0.0,0.0,15.20,84.00,76.00,340.20,102.90,4.20,118.80,0.0,723,229.0,45,0.0,0.0,4,20,20,81,25,1,33,0.0
2022-07-27,Wednesday,July,2022,30,1276.2,471.40000000000003,130.20,0.0,0.0,3.80,0.0,26.60,252.00,33.60,0.0,25.20,0.0,466,114.0,31,0.0,0.0,1,0.0,7,60,8,0.0,7,0.0
2022-07-28,Thursday,July,2022,30,1092.0,406.8,75.60,0.0,0.0,0.0,42.00,11.40,184.80,46.20,0.0,46.80,0.0,394,99.0,18,0.0,0.0,0.0,10,3,44,11,0.0,13,0.0
2022-07-29,Friday,July,2022,30,1392.2,405.80000000000007,142.80,0.0,0.0,49.40,0.0,22.80,142.80,8.40,0.0,39.60,0.0,501,100.0,34,0.0,0.0,13,0.0,6,34,2,0.0,11,0.0
2022-07-30,Saturday,July,2022,30,1751.9,609.4,226.80,0.0,0.0,41.80,0.0,34.20,210.00,46.20,0.0,50.40,0.0,629,149.0,54,0.0,0.0,11,0.0,9,50,11,0.0,14,0.0
2022-07-31,Sunday,July,2022,30,1485.2,509.20000000000005,147.00,0.0,0.0,22.80,16.80,53.20,197.40,25.20,0.0,46.80,0.0,519,125.0,35,0.0,0.0,6,4,14,47,6,0.0,13,0.0
2022-08-01,Monday,August,2022,31,1142.5,379.4,75.60,0.0,0.0,7.60,12.60,41.80,176.40,29.40,0.0,36.00,0.0,506,93.0,18,0.0,0.0,2,3,11,42,7,0.0,10,0.0
2022-08-02,Tuesday,August,2022,31,1118.2,441.59999999999997,151.20,0.0,0.0,0.0,0.0,34.20,193.20,37.80,0.0,25.20,0.0,390,107.0,36,0.0,0.0,0.0,0.0,9,46,9,0.0,7,0.0
2022-08-03,Wednesday,August,2022,31,911.1,474.6000000000001,109.20,0.0,0.0,0.0,0.0,45.60,239.40,33.60,0.0,46.80,0.0,314,116.0,26,0.0,0.0,0.0,0.0,12,57,8,0.0,13,0.0
2022-08-04,Thursday,August,2022,31,809.8,402.2000000000001,142.80,0.0,0.0,3.80,8.40,22.80,159.60,12.60,12.60,39.60,0.0,345,98.0,34,0.0,0.0,1,2,6,38,3,3,11,0.0
2022-08-05,Friday,August,2022,31,1111.6,526.5,147.00,0.0,0.0,15.20,4.20,40.90,197.40,42.00,4.20,75.60,0.0,387,130.0,35,0.0,0.0,4,1,11,47,10,1,21,0.0
2022-08-06,Saturday,August,2022,31,1706.7,385.40000000000003,134.40,0.0,0.0,3.80,0.0,57.00,126.00,21.00,0.0,43.20,0.0,655,95.0,32,0.0,0.0,1,0.0,15,30,5,0.0,12,0.0
2022-08-07,Sunday,August,2022,31,1315.5,495.09999999999997,117.60,0.0,0.0,38.00,100.80,49.40,142.80,35.70,0.0,10.80,0.0,468,121.0,28,0.0,0.0,10,24,13,34,9,0.0,3,0.0
2022-08-08,Monday,August,2022,32,1015.8,313.4,100.80,0.0,0.0,3.80,0.0,34.20,121.80,8.40,8.40,36.00,0.0,360,77.0,24,0.0,0.0,1,0.0,9,29,2,2,10,0.0
2022-08-09,Tuesday,August,2022,32,1138.0,498.8,180.60,0.0,0.0,30.40,0.0,19.00,226.80,16.80,0.0,25.20,0.0,375,121.0,43,0.0,0.0,8,0.0,5,54,4,0.0,7,0.0
2022-08-10,Wednesday,August,2022,32,1078.5,398.6,163.80,0.0,0.0,0.0,0.0,49.40,134.40,29.40,0.0,21.60,0.0,414,97.0,39,0.0,0.0,0.0,0.0,13,32,7,0.0,6,0.0
2022-08-11,Thursday,August,2022,32,969.4242,737.2,243.60,0.0,0.0,19.00,0.0,45.60,298.20,58.80,0.0,72.00,0.0,685,180.0,58,0.0,0.0,5,0.0,12,71,14,0.0,20,0.0
2022-08-13,Saturday,August,2022,32,1694.57,707.4000000000001,193.20,0.0,0.0,49.40,0.0,53.20,306.60,54.60,0.0,50.40,0.0,573,173.0,46,0.0,0.0,13,0.0,14,73,13,0.0,14,0.0
2022-08-14,Sunday,August,2022,32,1298.6,565.6,184.80,0.0,0.0,22.80,8.40,41.80,210.00,29.40,0.0,68.40,0.0,422,139.0,44,0.0,0.0,6,2,11,50,7,0.0,19,0.0
2022-08-15,Monday,August,2022,33,1059.8,363.4,121.80,0.0,0.0,0.0,0.0,53.20,134.40,25.20,0.0,28.80,0.0,348,89.0,29,0.0,0.0,0.0,0.0,14,32,6,0.0,8,0.0
2022-08-16,Tuesday,August,2022,33,958.5,355.40000000000003,105.00,0.0,0.0,0.0,0.0,26.60,168.00,37.80,0.0,18.00,0.0,308,86.0,25,0.0,0.0,0.0,0.0,7,40,9,0.0,5,0.0
2022-08-17,Wednesday,August,2022,33,1129.2,363.0,96.60,0.0,0.0,0.0,0.0,34.20,168.00,46.20,0.0,18.00,0.0,416,88.0,23,0.0,0.0,0.0,0.0,9,40,11,0.0,5,0.0
2022-08-18,Thursday,August,2022,33,987.7,235.2,84.00,0.0,0.0,0.0,0.0,11.40,100.80,21.00,0.0,18.00,0.0,341,57.0,20,0.0,0.0,0.0,0.0,3,24,5,0.0,5,0.0
2022-08-19,Friday,August,2022,33,1013.3,88.6,12.60,0.0,0.0,0.0,4.20,30.40,21.00,16.80,0.0,3.60,0.0,340,22.0,3,0.0,0.0,0.0,1,8,5,4,0.0,1,0.0
2022-08-20,Saturday,August,2022,33,1583.3,219.0,58.80,0.0,0.0,0.0,0.0,22.80,71.40,33.60,0.0,32.40,0.0,536,54.0,14,0.0,0.0,0.0,0.0,6,17,8,0.0,9,0.0
2022-08-21,Sunday,August,2022,33,1429.6,474.20000000000005,168.00,0.0,0.0,3.80,0.0,68.40,147.00,29.40,0.0,57.60,0.0,514,117.0,40,0.0,0.0,1,0.0,18,35,7,0.0,16,0.0
2022-08-22,Monday,August,2022,34,927.8,281.79999999999995,96.60,0.0,0.0,41.80,8.40,11.40,96.60,12.60,0.0,14.40,0.0,330,69.0,23,0.0,0.0,11,2,3,23,3,0.0,4,0.0
2022-08-23,Tuesday,August,2022,34,929.9,340.0,109.20,0.0,0.0,0.0,0.0,30.40,134.40,33.60,0.0,32.40,0.0,346,83.0,26,0.0,0.0,0.0,0.0,8,32,8,0.0,9,0.0
2022-08-24,Wednesday,August,2022,34,1001.5,310.59999999999997,84.00,0.0,0.0,3.80,0.0,38.00,113.40,21.00,0.0,50.40,0.0,372,77.0,20,0.0,0.0,1,0.0,10,27,5,0.0,14,0.0
2022-08-25,Thursday,August,2022,34,867.6,296.40000000000003,117.60,0.0,0.0,22.80,0.0,11.40,79.80,21.00,4.20,39.60,0.0,287,73.0,28,0.0,0.0,6,0.0,3,19,5,1,11,0.0
2022-08-26,Friday,August,2022,34,821.5,311.59999999999997,75.60,0.0,0.0,3.80,0.0,22.80,147.00,29.40,4.20,28.80,0.0,267,76.0,18,0.0,0.0,1,0.0,6,35,7,1,8,0.0
2022-08-27,Saturday,August,2022,34,1308.4,91.6,12.60,0.0,0.0,7.60,0.0,11.40,21.00,21.00,0.0,18.00,0.0,433,23.0,3,0.0,0.0,2,0.0,3,5,5,0.0,5,0.0
2022-08-28,Sunday,August,2022,34,1569.1,433.4,163.80,0.0,0.0,0.0,12.60,15.20,155.40,50.40,0.0,36.00,0.0,545,105.0,39,0.0,0.0,0.0,3,4,37,12,0.0,10,0.0
2022-08-29,Monday,August,2022,35,1074.9,369.6,58.80,0.0,0.0,0.0,113.40,45.60,117.60,12.60,0.0,21.60,0.0,391,90.0,14,0.0,0.0,0.0,27,12,28,3,0.0,6,0.0
2022-08-30,Tuesday,August,2022,35,1010.6,351.0,113.40,0.0,0.0,0.0,0.0,45.60,159.60,25.20,0.0,7.20,0.0,377,85.0,27,0.0,0.0,0.0,0.0,12,38,6,0.0,2,0.0
2022-08-31,Wednesday,August,2022,35,935.4,117.0,12.60,0.0,0.0,3.80,0.0,19.00,50.40,16.80,0.0,14.40,0.0,313,29.0,3,0.0,0.0,1,0.0,5,12,4,0.0,4,0.0
2022-09-01,Thursday,September,2022,35,1038.9,201.8,88.20,0.0,0.0,7.60,0.0,7.60,71.40,12.60,0.0,14.40,0.0,359,49.0,21,0.0,0.0,2,0.0,2,17,3,0.0,4,0.0
2022-09-02,Friday,September,2022,35,1128.0,289.4,92.40,0.0,0.0,15.20,0.0,22.80,100.80,29.40,0.0,28.80,0.0,373,71.0,22,0.0,0.0,4,0.0,6,24,7,0.0,8,0.0
2022-09-03,Saturday,September,2022,35,1515.6,168.6,50.40,0.0,0.0,11.40,0.0,34.20,42.00,12.60,0.0,18.00,0.0,531,42.0,12,0.0,0.0,3,0.0,9,10,3,0.0,5,0.0
2022-09-04,Sunday,September,2022,35,1473.1,465.8,134.40,0.0,0.0,3.80,0.0,68.40,193.20,33.60,0.0,32.40,0.0,507,114.0,32,0.0,0.0,1,0.0,18,46,8,0.0,9,0.0
2022-09-05,Monday,September,2022,36,917.7,214.2,12.60,0.0,0.0,3.80,25.20,7.60,126.00,21.00,0.0,18.00,0.0,330,52.0,3,0.0,0.0,1,6,2,30,5,0.0,5,0.0
2022-09-06,Tuesday,September,2022,36,1129.3,263.0,79.80,0.0,0.0,38.00,0.0,0.0,113.40,21.00,0.0,10.80,0.0,378,64.0,19,0.0,0.0,10,0.0,0.0,27,5,0.0,3,0.0
2022-09-07,Wednesday,September,2022,36,1074.6,244.59999999999997,88.20,0.0,0.0,7.60,4.20,22.80,92.40,4.20,0.0,25.20,0.0,382,60.0,21,0.0,0.0,2,1,6,22,1,0.0,7,0.0
2022-09-08,Thursday,September,2022,36,1038.3,148.39999999999998,42.00,0.0,0.0,0.0,50.40,15.20,29.40,4.20,0.0,7.20,0.0,382,36.0,10,0.0,0.0,0.0,12,4,7,1,0.0,2,0.0
2022-09-09,Friday,September,2022,36,901.17,160.20000000000002,42.00,0.0,0.0,0.0,0.0,11.40,84.00,8.40,0.0,14.40,0.0,320,39.0,10,0.0,0.0,0.0,0.0,3,20,2,0.0,4,0.0
2022-09-10,Saturday,September,2022,36,1729.1,144.6,21.00,0.0,0.0,0.0,0.0,34.20,50.40,21.00,0.0,18.00,0.0,650,36.0,5,0.0,0.0,0.0,0.0,9,12,5,0.0,5,0.0
2022-09-11,Sunday,September,2022,36,1225.3,99.2,42.00,0.0,0.0,0.0,0.0,3.80,42.00,4.20,0.0,7.20,0.0,429,24.0,10,0.0,0.0,0.0,0.0,1,10,1,0.0,2,0.0
2022-09-12,Monday,September,2022,37,1032.7,217.09999999999997,79.80,0.0,0.0,14.30,0.0,22.80,84.00,12.60,0.0,3.60,0.0,366,53.0,19,0.0,0.0,4,0.0,6,20,3,0.0,1,0.0
2022-09-13,Tuesday,September,2022,37,1049.0,324.99999999999994,113.40,0.0,0.0,11.40,0.0,30.40,130.20,25.20,0.0,14.40,0.0,378,79.0,27,0.0,0.0,3,0.0,8,31,6,0.0,4,0.0
2022-09-14,Wednesday,September,2022,37,803.6,106.0,54.60,0.0,0.0,0.0,0.0,19.00,21.00,4.20,0.0,7.20,0.0,285,26.0,13,0.0,0.0,0.0,0.0,5,5,1,0.0,2,0.0
2022-09-15,Thursday,September,2022,37,981.9,48.6,4.20,0.0,0.0,7.60,0.0,3.80,21.00,8.40,0.0,3.60,0.0,329,12.0,1,0.0,0.0,2,0.0,1,5,2,0.0,1,0.0
2022-09-16,Friday,September,2022,37,964.4,45.400000000000006,4.20,0.0,0.0,0.0,0.0,7.60,29.40,4.20,0.0,0.0,0.0,377,11.0,1,0.0,0.0,0.0,0.0,2,7,1,0.0,0.0,0.0
2022-09-17,Saturday,September,2022,37,1766.8,27.799999999999997,4.20,0.0,0.0,0.0,0.0,15.20,4.20,4.20,0.0,0.0,0.0,732,7.0,1,0.0,0.0,0.0,0.0,4,1,1,0.0,0.0,0.0
2022-09-18,Sunday,September,2022,37,1648.9,41.4,16.80,0.0,0.0,0.0,0.0,0.0,21.00,0.0,0.0,3.60,0.0,626,10.0,4,0.0,0.0,0.0,0.0,0.0,5,0.0,0.0,1,0.0
2022-09-19,Monday,September,2022,38,853.5,24.6,12.60,0.0,0.0,0.0,0.0,0.0,4.20,4.20,0.0,3.60,0.0,321,6.0,3,0.0,0.0,0.0,0.0,0.0,1,1,0.0,1,0.0
2022-09-20,Tuesday,September,2022,38,898.86,35.4,4.20,0.0,0.0,0.0,0.0,0.0,12.60,4.20,0.0,14.40,0.0,373,9.0,1,0.0,0.0,0.0,0.0,0.0,3,1,0.0,4,0.0
2022-09-21,Wednesday,September,2022,38,1176.4,48.2,4.20,0.0,0.0,0.0,0.0,15.20,21.00,4.20,0.0,3.60,0.0,425,12.0,1,0.0,0.0,0.0,0.0,4,5,1,0.0,1,0.0
2022-09-22,Thursday,September,2022,38,1378.0,81.4,25.20,0.0,0.0,0.0,4.20,7.60,25.20,8.40,0.0,10.80,0.0,509,20.0,6,0.0,0.0,0.0,1,2,6,2,0.0,3,0.0
2022-09-23,Friday,September,2022,38,1171.8,85.6,29.40,0.0,0.0,3.80,0.0,3.80,29.40,8.40,0.0,10.80,0.0,401,21.0,7,0.0,0.0,1,0.0,1,7,2,0.0,3,0.0
2022-09-24,Saturday,September,2022,38,1277.7,24.200000000000003,0.0,0.0,0.0,0.0,4.20,3.80,12.60,0.0,0.0,3.60,0.0,488,6.0,0.0,0.0,0.0,0.0,1,1,3,0.0,0.0,1,0.0
2022-09-25,Sunday,September,2022,38,1411.2,56.4,12.60,0.0,0.0,0.0,12.60,0.0,12.60,4.20,0.0,14.40,0.0,564,14.0,3,0.0,0.0,0.0,3,0.0,3,1,0.0,4,0.0
2022-09-26,Monday,September,2022,39,882.0,16.200000000000003,4.20,0.0,0.0,0.0,0.0,0.0,8.40,0.0,0.0,3.60,0.0,338,4.0,1,0.0,0.0,0.0,0.0,0.0,2,0.0,0.0,1,0.0
2022-09-27,Tuesday,September,2022,39,817.1,31.999999999999996,0.0,0.0,0.0,0.0,0.0,3.80,8.40,12.60,0.0,7.20,0.0,327,8.0,0.0,0.0,0.0,0.0,0.0,1,2,3,0.0,2,0.0
2022-09-28,Wednesday,September,2022,39,847.2,11.4,0.0,0.0,0.0,0.0,0.0,0.0,4.20,0.0,0.0,7.20,0.0,373,3.0,0.0,0.0,0.0,0.0,0.0,0.0,1,0.0,0.0,2,0.0
2022-09-29,Thursday,September,2022,39,954.0,12.600000000000001,4.20,0.0,0.0,0.0,0.0,0.0,4.20,4.20,0.0,0.0,0.0,378,3.0,1,0.0,0.0,0.0,0.0,0.0,1,1,0.0,0.0,0.0
2022-09-30,Friday,September,2022,39,1192.2,56.0,25.20,0.0,0.0,0.0,0.0,3.80,4.20,8.40,0.0,14.40,0.0,433,14.0,6,0.0,0.0,0.0,0.0,1,1,2,0.0,4,0.0
2022-10-01,Saturday,October,2022,39,1559.7,35.6,4.20,0.0,0.0,0.0,4.20,3.80,8.40,4.20,0.0,10.80,0.0,596,9.0,1,0.0,0.0,0.0,1,1,2,1,0.0,3,0.0
2022-10-02,Sunday,October,2022,39,1213.1,41.400000000000006,8.40,0.0,0.0,0.0,0.0,0.0,25.20,4.20,0.0,3.60,0.0,434,10.0,2,0.0,0.0,0.0,0.0,0.0,6,1,0.0,1,0.0
2022-10-03,Monday,October,2022,40,1524.6,67.2,12.60,0.0,0.0,0.0,0.0,0.0,21.00,8.40,0.0,25.20,0.0,735,17.0,3,0.0,0.0,0.0,0.0,0.0,5,2,0.0,7,0.0
2022-10-04,Tuesday,October,2022,40,917.6,51.330000000000005,12.60,0.0,0.0,0.0,0.0,0.0,27.33,4.20,0.0,7.20,0.0,306,13.0,3,0.0,0.0,0.0,0.0,0.0,7,1,0.0,2,0.0
2022-10-05,Wednesday,October,2022,40,970.5,126.60000000000001,33.60,0.0,0.0,11.40,0.0,0.0,58.80,8.40,0.0,14.40,0.0,359,31.0,8,0.0,0.0,3,0.0,0.0,14,2,0.0,4,0.0
2022-10-06,Thursday,October,2022,40,881.9,49.800000000000004,8.40,0.0,0.0,0.0,0.0,0.0,25.20,12.60,0.0,3.60,0.0,351,12.0,2,0.0,0.0,0.0,0.0,0.0,6,3,0.0,1,0.0
2022-10-07,Friday,October,2022,40,1245.6,24.6,4.20,0.0,0.0,0.0,0.0,0.0,0.0,16.80,0.0,3.60,0.0,432,6.0,1,0.0,0.0,0.0,0.0,0.0,0.0,4,0.0,1,0.0
2022-10-08,Saturday,October,2022,40,1888.2,106.19999999999999,29.40,0.0,0.0,0.0,0.0,0.0,46.20,12.60,0.0,18.00,0.0,721,26.0,7,0.0,0.0,0.0,0.0,0.0,11,3,0.0,5,0.0
2022-10-09,Sunday,October,2022,40,1482.9,84.0,21.00,0.0,0.0,0.0,0.0,0.0,37.80,0.0,0.0,25.20,0.0,542,21.0,5,0.0,0.0,0.0,0.0,0.0,9,0.0,0.0,7,0.0
2022-10-10,Monday,October,2022,41,1029.7,108.60000000000001,33.60,0.0,0.0,0.0,0.0,0.0,46.20,0.0,0.0,28.80,0.0,378,27.0,8,0.0,0.0,0.0,0.0,0.0,11,0.0,0.0,8,0.0
2022-10-11,Tuesday,October,2022,41,870.7,16.8,0.0,0.0,0.0,0.0,0.0,0.0,16.80,0.0,0.0,0.0,0.0,302,4.0,0.0,0.0,0.0,0.0,0.0,0.0,4,0.0,0.0,0.0,0.0
2022-10-12,Wednesday,October,2022,41,1005.4,24.6,4.20,0.0,0.0,0.0,0.0,0.0,8.40,8.40,0.0,3.60,0.0,433,6.0,1,0.0,0.0,0.0,0.0,0.0,2,2,0.0,1,0.0
2022-10-13,Thursday,October,2022,41,981.8,33.6,4.20,0.0,0.0,0.0,0.0,0.0,29.40,0.0,0.0,0.0,0.0,384,8.0,1,0.0,0.0,0.0,0.0,0.0,7,0.0,0.0,0.0,0.0
2022-10-14,Friday,October,2022,41,1140.8,40.2,0.0,0.0,0.0,0.0,0.0,0.0,12.60,16.80,0.0,10.80,0.0,448,10.0,0.0,0.0,0.0,0.0,0.0,0.0,3,4,0.0,3,0.0
2022-10-15,Saturday,October,2022,41,1590.0,52.199999999999996,12.60,0.0,0.0,0.0,0.0,0.0,8.40,16.80,0.0,14.40,0.0,663,13.0,3,0.0,0.0,0.0,0.0,0.0,2,4,0.0,4,0.0
2022-10-16,Sunday,October,2022,41,1625.7,181.8,33.60,0.0,0.0,0.0,0.0,0.0,63.00,42.00,0.0,43.20,0.0,621,45.0,8,0.0,0.0,0.0,0.0,0.0,15,10,0.0,12,0.0
2022-10-17,Monday,October,2022,42,1114.5,124.2,25.20,0.0,0.0,0.0,0.0,0.0,79.80,8.40,0.0,10.80,0.0,476,30.0,6,0.0,0.0,0.0,0.0,0.0,19,2,0.0,3,0.0
2022-10-18,Tuesday,October,2022,42,1026.0,57.60000000000001,12.60,0.0,0.0,0.0,0.0,0.0,33.60,4.20,0.0,7.20,0.0,342,14.0,3,0.0,0.0,0.0,0.0,0.0,8,1,0.0,2,0.0
2022-10-19,Wednesday,October,2022,42,999.1,40.2,16.80,0.0,0.0,0.0,0.0,0.0,0.0,12.60,0.0,10.80,0.0,378,10.0,4,0.0,0.0,0.0,0.0,0.0,0.0,3,0.0,3,0.0
2022-10-20,Thursday,October,2022,42,993.3,19.200000000000003,4.20,0.0,0.0,0.0,0.0,0.0,0.0,4.20,0.0,10.80,0.0,389,5.0,1,0.0,0.0,0.0,0.0,0.0,0.0,1,0.0,3,0.0
2022-10-21,Friday,October,2022,42,1006.9,45.0,4.20,0.0,0.0,0.0,0.0,0.0,21.00,12.60,0.0,7.20,0.0,379,11.0,1,0.0,0.0,0.0,0.0,0.0,5,3,0.0,2,0.0
2022-10-22,Saturday,October,2022,42,2310.6,181.2,63.00,0.0,0.0,0.0,0.0,0.0,71.40,25.20,0.0,21.60,0.0,833,44.0,15,0.0,0.0,0.0,0.0,0.0,17,6,0.0,6,0.0
2022-10-23,Sunday,October,2022,42,1966.1,150.60000000000002,29.40,0.0,0.0,0.0,0.0,0.0,71.40,21.00,0.0,28.80,0.0,745,37.0,7,0.0,0.0,0.0,0.0,0.0,17,5,0.0,8,0.0
2022-10-24,Monday,October,2022,43,822.8,28.2,8.40,0.0,0.0,0.0,0.0,0.0,12.60,0.0,0.0,7.20,0.0,325,7.0,2,0.0,0.0,0.0,0.0,0.0,3,0.0,0.0,2,0.0
2022-10-25,Tuesday,October,2022,43,1191.8,45.00000000000001,16.80,0.0,0.0,0.0,0.0,0.0,16.80,4.20,0.0,7.20,0.0,429,11.0,4,0.0,0.0,0.0,0.0,0.0,4,1,0.0,2,0.0
2022-10-26,Wednesday,October,2022,43,1052.5,85.2,21.00,0.0,0.0,0.0,4.20,0.0,33.60,8.40,0.0,18.00,0.0,387,21.0,5,0.0,0.0,0.0,1,0.0,8,2,0.0,5,0.0
2022-10-27,Thursday,October,2022,43,1154.0,50.4,12.60,0.0,0.0,0.0,0.0,0.0,16.80,21.00,0.0,0.0,0.0,441,12.0,3,0.0,0.0,0.0,0.0,0.0,4,5,0.0,0.0,0.0
2022-10-28,Friday,October,2022,43,1192.3,67.80000000000001,8.40,0.0,0.0,0.0,0.0,0.0,21.00,16.80,0.0,21.60,0.0,460,17.0,2,0.0,0.0,0.0,0.0,0.0,5,4,0.0,6,0.0
2022-10-29,Saturday,October,2022,43,1902.8,166.20000000000002,42.00,0.0,0.0,0.0,0.0,0.0,84.00,29.40,0.0,10.80,0.0,731,40.0,10,0.0,0.0,0.0,0.0,0.0,20,7,0.0,3,0.0
2022-10-30,Sunday,October,2022,43,1745.3,160.8,33.60,0.0,0.0,0.0,12.60,0.0,71.40,25.20,0.0,18.00,0.0,622,39.0,8,0.0,0.0,0.0,3,0.0,17,6,0.0,5,0.0
2022-10-31,Monday,October,2022,44,1429.8,36.6,0.0,0.0,0.0,0.0,0.0,0.0,29.40,0.0,0.0,7.20,0.0,558,9.0,0.0,0.0,0.0,0.0,0.0,0.0,7,0.0,0.0,2,0.0
2022-11-01,Tuesday,November,2022,44,1643.3,95.2,30.80,0.0,0.0,0.0,0.0,0.0,30.80,26.40,0.0,7.20,0.0,591,22.0,7,0.0,0.0,0.0,0.0,0.0,7,6,0.0,2,0.0
2022-11-02,Wednesday,November,2022,44,1053.8,12.4,4.40,0.0,0.0,0.0,0.0,0.0,4.40,0.0,0.0,3.60,0.0,373,3.0,1,0.0,0.0,0.0,0.0,0.0,1,0.0,0.0,1,0.0
2022-11-03,Thursday,November,2022,44,1086.6,4.4,0.0,0.0,0.0,0.0,0.0,0.0,0.0,4.40,0.0,0.0,0.0,446,1.0,0.0,0.0,0.0,0.0,0.0,0.0,0.0,1,0.0,0.0,0.0
2022-11-04,Friday,November,2022,44,1162.8,55.60000000000001,17.60,0.0,0.0,0.0,4.40,0.0,8.80,17.60,0.0,7.20,0.0,412,13.0,4,0.0,0.0,0.0,1,0.0,2,4,0.0,2,0.0
2022-11-05,Saturday,November,2022,44,1740.8,4.4,0.0,0.0,0.0,0.0,4.40,0.0,0.0,0.0,0.0,0.0,0.0,621,1.0,0.0,0.0,0.0,0.0,1,0.0,0.0,0.0,0.0,0.0,0.0
2022-11-06,Sunday,November,2022,44,1424.7,13.200000000000001,8.80,0.0,0.0,0.0,0.0,0.0,4.40,0.0,0.0,0.0,0.0,559,3.0,2,0.0,0.0,0.0,0.0,0.0,1,0.0,0.0,0.0,0.0
2022-11-07,Monday,November,2022,45,1035.1,25.6,8.80,0.0,0.0,0.0,0.0,0.0,13.20,0.0,0.0,3.60,0.0,342,6.0,2,0.0,0.0,0.0,0.0,0.0,3,0.0,0.0,1,0.0
2022-11-08,Tuesday,November,2022,45,894.3,4.4,0.0,0.0,0.0,0.0,0.0,0.0,0.0,4.40,0.0,0.0,0.0,336,1.0,0.0,0.0,0.0,0.0,0.0,0.0,0.0,1,0.0,0.0,0.0
2022-11-09,Wednesday,November,2022,45,796.7,17.6,4.40,0.0,0.0,0.0,0.0,0.0,8.80,4.40,0.0,0.0,0.0,264,4.0,1,0.0,0.0,0.0,0.0,0.0,2,1,0.0,0.0,0.0
2022-11-10,Thursday,November,2022,45,914.1,22.0,0.0,0.0,0.0,0.0,0.0,0.0,8.80,13.20,0.0,0.0,0.0,342,5.0,0.0,0.0,0.0,0.0,0.0,0.0,2,3,0.0,0.0,0.0
2022-11-11,Friday,November,2022,45,1141.0,8.0,0.0,0.0,0.0,0.0,0.0,0.0,4.40,0.0,0.0,3.60,0.0,362,2.0,0.0,0.0,0.0,0.0,0.0,0.0,1,0.0,0.0,1,0.0
2022-11-13,Sunday,November,2022,45,1768.6,8.0,0.0,0.0,0.0,0.0,0.0,0.0,4.40,0.0,0.0,3.60,0.0,627,2.0,0.0,0.0,0.0,0.0,0.0,0.0,1,0.0,0.0,1,0.0
2022-11-14,Monday,November,2022,46,764.4,3.6,0.0,0.0,0.0,0.0,0.0,0.0,0.0,0.0,0.0,3.60,0.0,248,1.0,0.0,0.0,0.0,0.0,0.0,0.0,0.0,0.0,0.0,1,0.0
2022-11-15,Tuesday,November,2022,46,796.5,8.8,8.80,0.0,0.0,0.0,0.0,0.0,0.0,0.0,0.0,0.0,0.0,287,2.0,2,0.0,0.0,0.0,0.0,0.0,0.0,0.0,0.0,0.0,0.0
2022-11-16,Wednesday,November,2022,46,905.9,17.6,8.80,0.0,0.0,0.0,0.0,0.0,8.80,0.0,0.0,0.0,0.0,337,4.0,2,0.0,0.0,0.0,0.0,0.0,2,0.0,0.0,0.0,0.0
2022-11-17,Thursday,November,2022,46,902.5,13.200000000000001,4.40,0.0,0.0,0.0,8.80,0.0,0.0,0.0,0.0,0.0,0.0,351,3.0,1,0.0,0.0,0.0,2,0.0,0.0,0.0,0.0,0.0,0.0
2022-11-18,Friday,November,2022,46,911.2,17.6,0.0,0.0,0.0,0.0,0.0,0.0,0.0,17.60,0.0,0.0,0.0,371,4.0,0.0,0.0,0.0,0.0,0.0,0.0,0.0,4,0.0,0.0,0.0
2022-11-20,Sunday,November,2022,46,1340.7,30.000000000000004,4.40,0.0,0.0,0.0,4.40,0.0,0.0,17.60,0.0,3.60,0.0,517,7.0,1,0.0,0.0,0.0,1,0.0,0.0,4,0.0,1,0.0
2022-11-21,Monday,November,2022,47,787.9,4.4,4.40,0.0,0.0,0.0,0.0,0.0,0.0,0.0,0.0,0.0,0.0,329,1.0,1,0.0,0.0,0.0,0.0,0.0,0.0,0.0,0.0,0.0,0.0
2022-11-22,Tuesday,November,2022,47,783.2,26.400000000000002,4.40,0.0,0.0,0.0,8.80,0.0,4.40,8.80,0.0,0.0,0.0,332,6.0,1,0.0,0.0,0.0,2,0.0,1,2,0.0,0.0,0.0
2022-11-23,Wednesday,November,2022,47,953.1,8.8,0.0,0.0,0.0,0.0,0.0,0.0,0.0,8.80,0.0,0.0,0.0,830,2.0,0.0,0.0,0.0,0.0,0.0,0.0,0.0,2,0.0,0.0,0.0
2022-11-24,Thursday,November,2022,47,965.9,12.4,8.80,0.0,0.0,0.0,0.0,0.0,0.0,0.0,0.0,3.60,0.0,324,3.0,2,0.0,0.0,0.0,0.0,0.0,0.0,0.0,0.0,1,0.0
2022-11-25,Friday,November,2022,47,914.5,8.8,0.0,0.0,0.0,0.0,0.0,0.0,0.0,8.80,0.0,0.0,0.0,306,2.0,0.0,0.0,0.0,0.0,0.0,0.0,0.0,2,0.0,0.0,0.0
2022-11-26,Saturday,November,2022,47,1826.4,30.0,13.20,0.0,0.0,0.0,0.0,0.0,13.20,0.0,0.0,3.60,0.0,691,7.0,3,0.0,0.0,0.0,0.0,0.0,3,0.0,0.0,1,0.0
2022-11-27,Sunday,November,2022,47,1193.3,12.4,0.0,0.0,0.0,0.0,0.0,0.0,8.80,0.0,0.0,3.60,0.0,431,3.0,0.0,0.0,0.0,0.0,0.0,0.0,2,0.0,0.0,1,0.0
2022-11-28,Monday,November,2022,48,796.2,13.200000000000001,8.80,0.0,0.0,0.0,0.0,0.0,4.40,0.0,0.0,0.0,0.0,281,3.0,2,0.0,0.0,0.0,0.0,0.0,1,0.0,0.0,0.0,0.0
2022-11-29,Tuesday,November,2022,48,661.5,3.6,0.0,0.0,0.0,0.0,0.0,0.0,0.0,0.0,0.0,3.60,0.0,221,1.0,0.0,0.0,0.0,0.0,0.0,0.0,0.0,0.0,0.0,1,0.0
2022-12-01,Thursday,December,2022,48,775.5,15.200000000000001,0.0,0.0,0.0,0.0,0.0,0.0,4.40,0.0,0.0,10.80,0.0,276,4.0,0.0,0.0,0.0,0.0,0.0,0.0,1,0.0,0.0,3,0.0
2022-12-02,Friday,December,2022,48,847.1,3.6,0.0,0.0,0.0,0.0,0.0,0.0,0.0,0.0,0.0,3.60,0.0,322,1.0,0.0,0.0,0.0,0.0,0.0,0.0,0.0,0.0,0.0,1,0.0
2022-12-03,Saturday,December,2022,48,1580.3,3.6,0.0,0.0,0.0,0.0,0.0,0.0,0.0,0.0,0.0,3.60,0.0,547,1.0,0.0,0.0,0.0,0.0,0.0,0.0,0.0,0.0,0.0,1,0.0
2022-12-04,Sunday,December,2022,48,1312.5,8.8,4.40,0.0,0.0,0.0,0.0,0.0,0.0,4.40,0.0,0.0,0.0,439,2.0,1,0.0,0.0,0.0,0.0,0.0,0.0,1,0.0,0.0,0.0
2022-12-06,Tuesday,December,2022,49,594.3,4.4,0.0,0.0,0.0,0.0,0.0,0.0,0.0,4.40,0.0,0.0,0.0,210,1.0,0.0,0.0,0.0,0.0,0.0,0.0,0.0,1,0.0,0.0,0.0
2022-12-07,Wednesday,December,2022,49,755.0,10.8,0.0,0.0,0.0,0.0,0.0,0.0,0.0,0.0,0.0,10.80,0.0,276,3.0,0.0,0.0,0.0,0.0,0.0,0.0,0.0,0.0,0.0,3,0.0
2022-12-08,Thursday,December,2022,49,972.9,22.0,0.0,0.0,0.0,0.0,13.20,0.0,0.0,8.80,0.0,0.0,0.0,395,5.0,0.0,0.0,0.0,0.0,3,0.0,0.0,2,0.0,0.0,0.0
2022-12-09,Friday,December,2022,49,989.5,4.4,0.0,0.0,0.0,0.0,0.0,0.0,0.0,4.40,0.0,0.0,0.0,337,1.0,0.0,0.0,0.0,0.0,0.0,0.0,0.0,1,0.0,0.0,0.0
2022-12-10,Saturday,December,2022,49,1675.7,13.2,0.0,0.0,0.0,0.0,0.0,0.0,13.20,0.0,0.0,0.0,0.0,576,3.0,0.0,0.0,0.0,0.0,0.0,0.0,3,0.0,0.0,0.0,0.0
2022-12-12,Monday,December,2022,50,914.3,4.4,0.0,0.0,0.0,0.0,4.40,0.0,0.0,0.0,0.0,0.0,0.0,382,1.0,0.0,0.0,0.0,0.0,1,0.0,0.0,0.0,0.0,0.0,0.0
2022-12-13,Tuesday,December,2022,50,713.0,13.200000000000001,0.0,0.0,0.0,0.0,0.0,0.0,4.40,8.80,0.0,0.0,0.0,245,3.0,0.0,0.0,0.0,0.0,0.0,0.0,1,2,0.0,0.0,0.0
2022-12-15,Thursday,December,2022,50,655.0,4.4,0.0,0.0,0.0,0.0,4.40,0.0,0.0,0.0,0.0,0.0,0.0,220,1.0,0.0,0.0,0.0,0.0,1,0.0,0.0,0.0,0.0,0.0,0.0
