date,day_of_week,month,year,week_of_year,Getränke_sales,Getränke_count,Speisen_sales,Speisen_count,Sonstiges_sales,Sonstiges_count,Milchmischgetränke_sales,Milchmischgetränke_count,Hafer_sales,Hafer_count,Röstkaffee_sales,Röstkaffee_count,Kaffee_sales,Kaffee_count,Non Kaffee_sales,Non Kaffee_count,Equipment__sales,Equipment__count,Summer_sales,Summer_count,Decaf_sales,Decaf_count
2021-01-02,Saturday,January,2021,53,692.90,486,125.40,43,424.25,29,0,0,0,0,0,0,0,0,0,0,0,0,0,0,0,0
2021-01-04,Monday,January,2021,1,429.20,297,37.00,15,265.00,21,0,0,0,0,0,0,0,0,0,0,0,0,0,0,0,0
2021-01-05,Tuesday,January,2021,1,392.80,309,54.40,19,243.50,22,0,0,0,0,0,0,0,0,0,0,0,0,0,0,0,0
2021-01-07,Thursday,January,2021,1,493.20,290,34.60,12,445.75,31,0,0,0,0,0,0,0,0,0,0,0,0,0,0,0,0
2021-01-08,Friday,January,2021,1,557.50,350,50.60,16,280.50,21,0,0,0,0,0,0,0,0,0,0,0,0,0,0,0,0
2021-01-09,Saturday,January,2021,1,771.40,538,112.40,36,720.05,42,0,0,0,0,0,0,0,0,0,0,0,0,0,0,0,0
2021-01-11,Monday,January,2021,2,363.80,222,48.80,16,289.50,21,0,0,0,0,0,0,0,0,0,0,0,0,0,0,0,0
2021-01-12,Tuesday,January,2021,2,291.60,183,72.20,23,296.50,19,0,0,0,0,0,0,0,0,0,0,0,0,0,0,0,0
2021-01-13,Wednesday,January,2021,2,437.60,309,65.80,23,291.50,21,0,0,0,0,0,0,0,0,0,0,0,0,0,0,0,0
2021-01-14,Thursday,January,2021,2,438.00,313,81.40,29,262.50,19,0,0,0,0,0,0,0,0,0,0,0,0,0,0,0,0
2021-01-15,Friday,January,2021,2,668.60,439,57.40,18,379.00,30,0,0,0,0,0,0,0,0,0,0,0,0,0,0,0,0
2021-01-16,Saturday,January,2021,2,889.22,648,92.20,31,800.08,55,0,0,0,0,0,0,0,0,0,0,0,0,0,0,0,0
2021-01-18,Monday,January,2021,3,390.40,249,63.00,20,254.00,19,0,0,0,0,0,0,0,0,0,0,0,0,0,0,0,0
2021-01-19,Tuesday,January,2021,3,337.10,249,68.80,22,376.25,32,0,0,0,0,0,0,0,0,0,0,0,0,0,0,0,0
2021-01-20,Wednesday,January,2021,3,424.90,304,61.00,19,229.00,19,0,0,0,0,0,0,0,0,0,0,0,0,0,0,0,0
2021-01-21,Thursday,January,2021,3,561.10,439,66.60,22,308.00,25,0,0,0,0,0,0,0,0,0,0,0,0,0,0,0,0
2021-01-22,Friday,January,2021,3,707.60,526,94.40,33,456.40,30,0,0,0,0,0,0,0,0,0,0,0,0,0,0,0,0
2021-01-23,Saturday,January,2021,3,991.20,753,144.20,49,412.10,28,0,0,0,0,0,0,0,0,0,0,0,0,0,0,0,0
2021-01-25,Monday,January,2021,4,406.10,269,42.60,14,303.50,22,0,0,0,0,0,0,0,0,0,0,0,0,0,0,0,0
2021-01-26,Tuesday,January,2021,4,503.00,348,55.60,18,409.50,32,0,0,0,0,0,0,0,0,0,0,0,0,0,0,0,0
2021-01-27,Wednesday,January,2021,4,378.40,289,98.00,34,268.00,22,0,0,0,0,0,0,0,0,0,0,0,0,0,0,0,0
2021-01-28,Thursday,January,2021,4,413.60,321,34.00,12,111.00,8,0,0,0,0,0,0,0,0,0,0,0,0,0,0,0,0
2021-01-29,Friday,January,2021,4,597.90,417,62.80,24,489.50,38,0,0,0,0,0,0,0,0,0,0,0,0,0,0,0,0
2021-01-30,Saturday,January,2021,4,800.50,621,105.00,38,1001.30,71,0,0,0,0,0,0,0,0,0,0,0,0,0,0,0,0
2021-02-01,Monday,February,2021,5,402.90,308,43.00,15,271.75,21,0,0,0,0,0,0,0,0,0,0,0,0,0,0,0,0
2021-02-02,Tuesday,February,2021,5,530.70,376,31.80,10,238.75,19,0,0,0,0,0,0,0,0,0,0,0,0,0,0,0,0
2021-02-03,Wednesday,February,2021,5,380.00,296,57.20,19,241.50,16,0,0,0,0,0,0,0,0,0,0,0,0,0,0,0,0
2021-02-04,Thursday,February,2021,5,774.80,623,48.80,18,402.50,28,0,0,0,0,0,0,0,0,0,0,0,0,0,0,0,0
2021-02-05,Friday,February,2021,5,744.80,580,86.20,32,368.75,24,0,0,0,0,0,0,0,0,0,0,0,0,0,0,0,0
2021-02-06,Saturday,February,2021,5,1357.10,1058,260.60,91,736.50,55,0,0,0,0,0,0,0,0,0,0,0,0,0,0,0,0
2021-02-08,Monday,February,2021,6,424.40,332,110.80,37,341.25,26,0,0,0,0,0,0,0,0,0,0,0,0,0,0,0,0
2021-02-09,Tuesday,February,2021,6,446.00,347,126.80,43,300.25,21,0,0,0,0,0,0,0,0,0,0,0,0,0,0,0,0
2021-02-10,Wednesday,February,2021,6,393.90,295,82.40,26,243.50,16,0,0,0,0,0,0,0,0,0,0,0,0,0,0,0,0
2021-02-11,Thursday,February,2021,6,560.00,404,129.60,39,311.00,24,0,0,0,0,0,0,0,0,0,0,0,0,0,0,0,0
2021-02-12,Friday,February,2021,6,698.70,540,116.60,37,339.00,23,0,0,0,0,0,0,0,0,0,0,0,0,0,0,0,0
2021-02-13,Saturday,February,2021,6,1085.70,903,216.80,71,515.00,33,0,0,0,0,0,0,0,0,0,0,0,0,0,0,0,0
2021-02-15,Monday,February,2021,7,475.50,408,96.00,28,170.25,15,0,0,0,0,0,0,0,0,0,0,0,0,0,0,0,0
2021-02-16,Tuesday,February,2021,7,646.50,509,101.00,34,466.75,33,0,0,0,0,0,0,0,0,0,0,0,0,0,0,0,0
2021-02-17,Wednesday,February,2021,7,741.00,602,108.80,37,511.00,35,0,0,0,0,0,0,0,0,0,0,0,0,0,0,0,0
2021-02-18,Thursday,February,2021,7,729.30,570,104.80,33,340.50,23,0,0,0,0,0,0,0,0,0,0,0,0,0,0,0,0
2021-02-19,Friday,February,2021,7,957.10,817,191.00,63,639.50,46,0,0,0,0,0,0,0,0,0,0,0,0,0,0,0,0
2021-02-20,Saturday,February,2021,7,1852.80,1393,306.60,101,713.50,52,0,0,0,0,0,0,0,0,0,0,0,0,0,0,0,0
2021-02-22,Monday,February,2021,8,857.50,693,157.60,51,465.00,34,0,0,0,0,0,0,0,0,0,0,0,0,0,0,0,0
2021-02-23,Tuesday,February,2021,8,802.00,796,124.20,39,476.00,34,0,0,0,0,0,0,0,0,0,0,0,0,0,0,0,0
2021-02-24,Wednesday,February,2021,8,1220.00,1087,135.60,43,314.00,22,0,0,0,0,0,0,0,0,0,0,0,0,0,0,0,0
2021-02-25,Thursday,February,2021,8,965.20,738,177.00,59,332.50,22,0,0,0,0,0,0,0,0,0,0,0,0,0,0,0,0
2021-02-26,Friday,February,2021,8,1129.80,923,192.60,64,358.75,23,0,0,0,0,0,0,0,0,0,0,0,0,0,0,0,0
2021-02-27,Saturday,February,2021,8,1691.00,1309,330.60,106,786.00,59,0,0,0,0,0,0,0,0,0,0,0,0,0,0,0,0
2021-03-01,Monday,March,2021,9,749.60,635,198.40,60,317.50,24,0,0,0,0,0,0,0,0,0,0,0,0,0,0,0,0
2021-03-02,Tuesday,March,2021,9,708.00,615,177.10,54,466.00,31,0,0,0,0,0,0,0,0,0,0,0,0,0,0,0,0
2021-03-03,Wednesday,March,2021,9,807.30,625,191.80,59,494.50,34,0,0,0,0,0,0,0,0,0,0,0,0,0,0,0,0
2021-03-04,Thursday,March,2021,9,758.30,684,184.10,64,257.60,19,0,0,0,0,0,0,0,0,0,0,0,0,0,0,0,0
2021-03-05,Friday,March,2021,9,571.40,436,222.30,82,293.25,24,0,0,0,0,0,0,0,0,0,0,0,0,0,0,0,0
2021-03-06,Saturday,March,2021,9,1304.60,924,646.70,283,1007.00,74,0,0,0,0,0,0,0,0,0,0,0,0,0,0,0,0
2021-03-08,Monday,March,2021,10,840.20,679,189.80,60,249.75,25,0,0,0,0,0,0,0,0,0,0,0,0,0,0,0,0
2021-03-09,Tuesday,March,2021,10,676.30,509,187.80,58,304.00,17,0,0,0,0,0,0,0,0,0,0,0,0,0,0,0,0
2021-03-10,Wednesday,March,2021,10,774.50,644,133.00,41,567.75,43,0,0,0,0,0,0,0,0,0,0,0,0,0,0,0,0
2021-03-11,Thursday,March,2021,10,516.90,450,110.20,40,341.50,23,0,0,0,0,0,0,0,0,0,0,0,0,0,0,0,0
2021-03-12,Friday,March,2021,10,966.80,899,215.80,69,575.00,43,0,0,0,0,0,0,0,0,0,0,0,0,0,0,0,0
2021-03-13,Saturday,March,2021,10,1039.70,821,417.60,175,749.50,63,0,0,0,0,0,0,0,0,0,0,0,0,0,0,0,0
2021-03-15,Monday,March,2021,11,532.30,437,128.60,41,380.00,24,0,0,0,0,0,0,0,0,0,0,0,0,0,0,0,0
2021-03-16,Tuesday,March,2021,11,476.00,338,95.00,31,128.00,10,0,0,0,0,0,0,0,0,0,0,0,0,0,0,0,0
2021-03-17,Wednesday,March,2021,11,483.60,380,118.20,37,344.00,27,0,0,0,0,0,0,0,0,0,0,0,0,0,0,0,0
2021-03-18,Thursday,March,2021,11,667.70,486,133.20,45,330.50,23,0,0,0,0,0,0,0,0,0,0,0,0,0,0,0,0
2021-03-19,Friday,March,2021,11,727.10,560,169.20,57,344.75,28,0,0,0,0,0,0,0,0,0,0,0,0,0,0,0,0
2021-03-20,Saturday,March,2021,11,1646.10,1395,254.80,87,622.00,51,0,0,0,0,0,0,0,0,0,0,0,0,0,0,0,0
2021-03-22,Monday,March,2021,12,603.60,511,136.20,42,381.50,27,0,0,0,0,0,0,0,0,0,0,0,0,0,0,0,0
2021-03-23,Tuesday,March,2021,12,712.00,606,140.40,46,472.75,41,0,0,0,0,0,0,0,0,0,0,0,0,0,0,0,0
2021-03-24,Wednesday,March,2021,12,1149.30,769,208.60,68,595.50,46,0,0,0,0,0,0,0,0,0,0,0,0,0,0,0,0
2021-03-25,Thursday,March,2021,12,1090.90,859,186.60,63,248.00,21,0,0,0,0,0,0,0,0,0,0,0,0,0,0,0,0
2021-03-26,Friday,March,2021,12,1450.70,1086,290.40,95,786.00,54,0,0,0,0,0,0,0,0,0,0,0,0,0,0,0,0
2021-03-27,Saturday,March,2021,12,1588.00,1198,469.60,151,656.25,52,0,0,0,0,0,0,0,0,0,0,0,0,0,0,0,0
2021-03-29,Monday,March,2021,13,949.50,826,187.20,62,722.65,51,0,0,0,0,0,0,0,0,0,0,0,0,0,0,0,0
2021-03-30,Tuesday,March,2021,13,1106.20,837,171.20,57,523.00,37,0,0,0,0,0,0,0,0,0,0,0,0,0,0,0,0
2021-03-31,Wednesday,March,2021,13,1299.20,1033,226.00,72,503.50,42,0,0,0,0,0,0,0,0,0,0,0,0,0,0,0,0
2021-04-01,Thursday,April,2021,13,981.40,701,248.20,81,1022.75,75,0,0,0,0,0,0,0,0,0,0,0,0,0,0,0,0
2021-04-02,Friday,April,2021,13,901.30,687,208.60,66,285.00,18,0,0,0,0,0,0,0,0,0,0,0,0,0,0,0,0
2021-04-03,Saturday,April,2021,13,1228.90,1056,347.00,112,850.50,68,0,0,0,0,0,0,0,0,0,0,0,0,0,0,0,0
2021-04-04,Sunday,April,2021,13,641.90,501,158.80,51,105.50,10,0,0,0,0,0,0,0,0,0,0,0,0,0,0,0,0
2021-04-05,Monday,April,2021,14,607.60,499,131.20,43,285.00,24,0,0,0,0,0,0,0,0,0,0,0,0,0,0,0,0
2021-04-06,Tuesday,April,2021,14,677.30,509,142.00,46,358.25,27,0,0,0,0,0,0,0,0,0,0,0,0,0,0,0,0
2021-04-07,Wednesday,April,2021,14,543.70,449,104.40,33,356.00,27,0,0,0,0,0,0,0,0,0,0,0,0,0,0,0,0
2021-04-08,Thursday,April,2021,14,732.90,746,126.00,44,263.50,22,0,0,0,0,0,0,0,0,0,0,0,0,0,0,0,0
2021-04-09,Friday,April,2021,14,1121.60,704,177.80,57,382.00,31,0,0,0,0,0,0,0,0,0,0,0,0,0,0,0,0
2021-04-10,Saturday,April,2021,14,1232.60,969,240.00,76,462.60,34,0,0,0,0,0,0,0,0,0,0,0,0,0,0,0,0
2021-04-11,Sunday,April,2021,14,1031.60,727,247.80,77,245.75,20,0,0,0,0,0,0,0,0,0,0,0,0,0,0,0,0
2021-04-12,Monday,April,2021,15,547.80,444,136.40,45,253.00,19,0,0,0,0,0,0,0,0,0,0,0,0,0,0,0,0
2021-04-13,Tuesday,April,2021,15,683.80,549,89.40,28,237.50,18,0,0,0,0,0,0,0,0,0,0,0,0,0,0,0,0
2021-04-14,Wednesday,April,2021,15,718.40,587,80.40,28,263.50,22,0,0,0,0,0,0,0,0,0,0,0,0,0,0,0,0
2021-04-15,Thursday,April,2021,15,762.80,591,131.80,43,550.50,41,0,0,0,0,0,0,0,0,0,0,0,0,0,0,0,0
2021-04-16,Friday,April,2021,15,1027.82,727,202.60,65,573.58,45,0,0,0,0,0,0,0,0,0,0,0,0,0,0,0,0
2021-04-17,Saturday,April,2021,15,1482.90,1198,281.40,87,676.50,49,0,0,0,0,0,0,0,0,0,0,0,0,0,0,0,0
2021-04-18,Sunday,April,2021,15,869.00,696,183.20,56,278.00,21,0,0,0,0,0,0,0,0,0,0,0,0,0,0,0,0
2021-04-19,Monday,April,2021,16,431.70,340,85.20,27,230.00,18,0,0,0,0,0,0,0,0,0,0,0,0,0,0,0,0
2021-04-20,Tuesday,April,2021,16,829.80,692,115.00,36,176.30,15,0,0,0,0,0,0,0,0,0,0,0,0,0,0,0,0
2021-04-21,Wednesday,April,2021,16,855.40,741,172.40,57,244.90,21,0,0,0,0,0,0,0,0,0,0,0,0,0,0,0,0
2021-04-22,Thursday,April,2021,16,917.92,713,121.60,40,567.05,41,0,0,0,0,0,0,0,0,0,0,0,0,0,0,0,0
2021-04-23,Friday,April,2021,16,1156.98,905,232.20,73,481.00,32,0,0,0,0,0,0,0,0,0,0,0,0,0,0,0,0
2021-04-24,Saturday,April,2021,16,1581.80,1224,240.60,76,773.45,51,0,0,0,0,0,0,0,0,0,0,0,0,0,0,0,0
2021-04-25,Sunday,April,2021,16,834.60,638,164.40,48,73.30,9,0,0,0,0,0,0,0,0,0,0,0,0,0,0,0,0
2021-04-26,Monday,April,2021,17,625.26,505,115.36,36,205.70,17,0,0,0,0,0,0,0,0,0,0,0,0,0,0,0,0
2021-04-27,Tuesday,April,2021,17,668.60,565,94.80,31,374.80,27,0,0,0,0,0,0,0,0,0,0,0,0,0,0,0,0
2021-04-28,Wednesday,April,2021,17,698.60,620,108.20,35,116.00,10,0,0,0,0,0,0,0,0,0,0,0,0,0,0,0,0
2021-04-29,Thursday,April,2021,17,767.90,642,169.60,53,301.90,22,0,0,0,0,0,0,0,0,0,0,0,0,0,0,0,0
2021-04-30,Friday,April,2021,17,495.50,434,200.40,61,517.00,31,0,0,0,0,0,0,0,0,0,0,0,0,0,0,0,0
2021-05-01,Saturday,May,2021,17,448.90,359,106.40,30,227.00,17,0,0,0,0,0,0,0,0,0,0,0,0,0,0,0,0
2021-05-02,Sunday,May,2021,17,470.90,316,66.00,20,85.80,5,0,0,0,0,0,0,0,0,0,0,0,0,0,0,0,0
2021-05-03,Monday,May,2021,18,783.60,682,164.40,52,565.38,43,0,0,0,0,0,0,0,0,0,0,0,0,0,0,0,0
2021-05-04,Tuesday,May,2021,18,635.65,516,107.80,35,482.00,38,0,0,0,0,0,0,0,0,0,0,0,0,0,0,0,0
2021-05-05,Wednesday,May,2021,18,543.20,452,98.60,33,417.50,29,0,0,0,0,0,0,0,0,0,0,0,0,0,0,0,0
2021-05-06,Thursday,May,2021,18,519.94,409,114.20,37,250.75,19,0,0,0,0,0,0,0,0,0,0,0,0,0,0,0,0
2021-05-07,Friday,May,2021,18,857.52,713,241.08,79,624.00,35,0,0,0,0,0,0,0,0,0,0,0,0,0,0,0,0
2021-05-08,Saturday,May,2021,18,1506.70,1159,430.40,134,649.50,49,0,0,0,0,0,0,0,0,0,0,0,0,0,0,0,0
2021-05-09,Sunday,May,2021,18,754.30,578,145.40,38,155.20,14,0,0,0,0,0,0,0,0,0,0,0,0,0,0,0,0
2021-05-10,Monday,May,2021,19,621.24,492,141.40,46,282.00,22,0,0,0,0,0,0,0,0,0,0,0,0,0,0,0,0
2021-05-11,Tuesday,May,2021,19,629.50,518,127.40,42,311.88,23,0,0,0,0,0,0,0,0,0,0,0,0,0,0,0,0
2021-05-12,Wednesday,May,2021,19,623.60,525,128.40,46,400.90,29,0,0,0,0,0,0,0,0,0,0,0,0,0,0,0,0
2021-05-13,Thursday,May,2021,19,1117.40,908,234.60,77,226.50,18,0,0,0,0,0,0,0,0,0,0,0,0,0,0,0,0
2021-05-14,Friday,May,2021,19,1417.10,1059,237.12,73,715.00,43,0,0,0,0,0,0,0,0,0,0,0,0,0,0,0,0
2021-05-15,Saturday,May,2021,19,1460.80,1198,336.20,93,849.40,58,0,0,0,0,0,0,0,0,0,0,0,0,0,0,0,0
2021-05-16,Sunday,May,2021,19,1090.60,820,302.80,83,240.00,17,0,0,0,0,0,0,0,0,0,0,0,0,0,0,0,0
2021-05-17,Monday,May,2021,20,639.10,583,134.60,43,260.50,14,0,0,0,0,0,0,0,0,0,0,0,0,0,0,0,0
2021-05-18,Tuesday,May,2021,20,692.00,646,275.60,82,328.70,24,0,0,0,0,0,0,0,0,0,0,0,0,0,0,0,0
2021-05-19,Wednesday,May,2021,20,944.30,785,125.60,42,363.00,28,0,0,0,0,0,0,0,0,0,0,0,0,0,0,0,0
2021-05-20,Thursday,May,2021,20,777.10,674,131.40,46,328.20,24,0,0,0,0,0,0,0,0,0,0,0,0,0,0,0,0
2021-05-21,Friday,May,2021,20,794.20,660,153.40,50,554.00,39,0,0,0,0,0,0,0,0,0,0,0,0,0,0,0,0
2021-05-22,Saturday,May,2021,20,1892.26,1441,382.40,117,651.44,48,0,0,0,0,0,0,0,0,0,0,0,0,0,0,0,0
2021-05-23,Sunday,May,2021,20,1324.40,970,319.40,86,201.50,14,0,0,0,0,0,0,0,0,0,0,0,0,0,0,0,0
2021-05-24,Monday,May,2021,21,1049.60,845,298.40,87,211.50,16,0,0,0,0,0,0,0,0,0,0,0,0,0,0,0,0
2021-05-25,Tuesday,May,2021,21,815.60,603,153.80,47,270.50,20,0,0,0,0,0,0,0,0,0,0,0,0,0,0,0,0
2021-05-26,Wednesday,May,2021,21,606.20,477,138.00,44,315.00,21,0,0,0,0,0,0,0,0,0,0,0,0,0,0,0,0
2021-05-27,Thursday,May,2021,21,971.20,780,240.00,76,343.50,28,0,0,0,0,0,0,0,0,0,0,0,0,0,0,0,0
2021-05-28,Friday,May,2021,21,1057.80,839,201.00,62,505.90,34,0,0,0,0,0,0,0,0,0,0,0,0,0,0,0,0
2021-05-29,Saturday,May,2021,21,1432.26,1122,388.00,111,703.40,50,0,0,0,0,0,0,0,0,0,0,0,0,0,0,0,0
2021-05-30,Sunday,May,2021,21,1425.20,1033,332.40,92,145.00,12,0,0,0,0,0,0,0,0,0,0,0,0,0,0,0,0
2021-05-31,Monday,May,2021,22,1037.80,639,178.20,61,365.00,22,0,0,0,0,0,0,0,0,0,0,0,0,0,0,0,0
2021-06-01,Tuesday,June,2021,22,887.00,586,170.40,56,303.00,23,0,0,0,0,0,0,0,0,0,0,0,0,0,0,0,0
2021-06-02,Wednesday,June,2021,22,807.60,524,113.00,38,159.00,14,0,0,0,0,0,0,0,0,0,0,0,0,0,0,0,0
2021-06-03,Thursday,June,2021,22,1100.20,789,182.00,54,299.90,23,0,0,0,0,0,0,0,0,0,0,0,0,0,0,0,0
2021-06-04,Friday,June,2021,22,1098.20,704,242.40,72,718.50,47,0,0,0,0,0,0,0,0,0,0,0,0,0,0,0,0
2021-06-05,Saturday,June,2021,22,1208.80,792,304.40,85,557.90,46,0,0,0,0,0,0,0,0,0,0,0,0,0,0,0,0
2021-06-06,Sunday,June,2021,22,868.37,495,289.40,76,259.23,21,0,0,0,0,0,0,0,0,0,0,0,0,0,0,0,0
2021-06-07,Monday,June,2021,23,591.40,351,86.60,29,295.60,25,0,0,0,0,0,0,0,0,0,0,0,0,0,0,0,0
2021-06-08,Tuesday,June,2021,23,551.40,338,104.80,34,260.50,16,0,0,0,0,0,0,0,0,0,0,0,0,0,0,0,0
2021-06-09,Wednesday,June,2021,23,630.40,352,161.20,54,226.40,17,0,0,0,0,0,0,0,0,0,0,0,0,0,0,0,0
2021-06-10,Thursday,June,2021,23,653.80,308,88.60,33,165.00,14,0,0,0,0,0,0,0,0,0,0,0,0,0,0,0,0
2021-06-11,Friday,June,2021,23,1000.02,503,223.00,73,430.20,31,0,0,0,0,0,0,0,0,0,0,0,0,0,0,0,0
2021-06-12,Saturday,June,2021,23,1303.40,626,363.20,102,791.50,37,0,0,0,0,0,0,0,0,0,0,0,0,0,0,0,0
2021-06-13,Sunday,June,2021,23,931.60,409,202.20,55,176.80,16,0,0,0,0,0,0,0,0,0,0,0,0,0,0,0,0
2021-06-14,Monday,June,2021,24,651.60,298,137.00,46,141.70,11,0,0,0,0,0,0,0,0,0,0,0,0,0,0,0,0
2021-06-15,Tuesday,June,2021,24,625.60,355,95.40,34,350.50,20,0,0,0,0,0,0,0,0,0,0,0,0,0,0,0,0
2021-06-16,Wednesday,June,2021,24,668.00,324,105.10,39,432.70,33,0,0,0,0,0,0,0,0,0,0,0,0,0,0,0,0
2021-06-17,Thursday,June,2021,24,561.20,272,121.60,41,254.00,19,0,0,0,0,0,0,0,0,0,0,0,0,0,0,0,0
2021-06-18,Friday,June,2021,24,769.60,299,160.40,48,229.50,15,0,0,0,0,0,0,0,0,0,0,0,0,0,0,0,0
2021-06-19,Saturday,June,2021,24,923.60,440,249.00,76,382.00,29,0,0,0,0,0,0,0,0,0,0,0,0,0,0,0,0
2021-06-20,Sunday,June,2021,24,992.80,389,264.80,73,224.50,18,0,0,0,0,0,0,0,0,0,0,0,0,0,0,0,0
2021-06-21,Monday,June,2021,25,675.40,295,113.00,36,266.50,18,0,0,0,0,0,0,0,0,0,0,0,0,0,0,0,0
2021-06-22,Tuesday,June,2021,25,734.80,294,155.20,53,271.90,23,0,0,0,0,0,0,0,0,0,0,0,0,0,0,0,0
2021-06-23,Wednesday,June,2021,25,582.40,273,144.60,47,367.30,24,0,0,0,0,0,0,0,0,0,0,0,0,0,0,0,0
2021-06-24,Thursday,June,2021,25,732.80,364,144.00,51,221.50,17,0,0,0,0,0,0,0,0,0,0,0,0,0,0,0,0
2021-06-25,Friday,June,2021,25,804.80,366,176.20,56,376.50,27,0,0,0,0,0,0,0,0,0,0,0,0,0,0,0,0
2021-06-26,Saturday,June,2021,25,1309.00,587,339.20,102,466.50,33,0,0,0,0,0,0,0,0,0,0,0,0,0,0,0,0
2021-06-27,Sunday,June,2021,25,1073.40,400,289.00,84,267.00,20,0,0,0,0,0,0,0,0,0,0,0,0,0,0,0,0
2021-06-28,Monday,June,2021,26,768.60,324,192.20,62,281.00,18,0,0,0,0,0,0,0,0,0,0,0,0,0,0,0,0
2021-06-29,Tuesday,June,2021,26,556.40,226,149.00,49,223.00,15,0,0,0,0,0,0,0,0,0,0,0,0,0,0,0,0
2021-06-30,Wednesday,June,2021,26,857.00,304,123.40,43,134.00,8,0,0,0,0,0,0,0,0,0,0,0,0,0,0,0,0
2021-07-01,Thursday,July,2021,26,905.60,345,201.80,70,336.00,24,0,0,0,0,0,0,0,0,0,0,0,0,0,0,0,0
2021-07-02,Friday,July,2021,26,1306.20,488,312.60,92,662.30,46,0,0,0,0,0,0,0,0,0,0,0,0,0,0,0,0
2021-07-03,Saturday,July,2021,26,1412.20,636,378.40,115,538.90,36,0,0,0,0,0,0,0,0,0,0,0,0,0,0,0,0
2021-07-04,Sunday,July,2021,26,1053.20,350,312.80,86,214.00,17,0,0,0,0,0,0,0,0,0,0,0,0,0,0,0,0
2021-07-05,Monday,July,2021,27,761.20,285,150.80,50,211.50,16,0,0,0,0,0,0,0,0,0,0,0,0,0,0,0,0
2021-07-06,Tuesday,July,2021,27,841.60,315,185.40,62,431.00,29,0,0,0,0,0,0,0,0,0,0,0,0,0,0,0,0
2021-07-07,Wednesday,July,2021,27,624.00,244,136.40,45,348.90,22,0,0,0,0,0,0,0,0,0,0,0,0,0,0,0,0
2021-07-08,Thursday,July,2021,27,854.00,341,205.80,67,417.00,28,0,0,0,0,0,0,0,0,0,0,0,0,0,0,0,0
2021-07-09,Friday,July,2021,27,1056.60,522,310.00,98,612.40,45,0,0,0,0,0,0,0,0,0,0,0,0,0,0,0,0
2021-07-10,Saturday,July,2021,27,1288.00,437,397.20,118,696.50,43,0,0,0,0,0,0,0,0,0,0,0,0,0,0,0,0
2021-07-11,Sunday,July,2021,27,1221.20,434,332.20,99,387.50,28,0,0,0,0,0,0,0,0,0,0,0,0,0,0,0,0
2021-07-12,Monday,July,2021,28,672.40,276,172.40,61,169.00,10,0,0,0,0,0,0,0,0,0,0,0,0,0,0,0,0
2021-07-13,Tuesday,July,2021,28,644.40,282,174.00,60,207.70,18,0,0,0,0,0,0,0,0,0,0,0,0,0,0,0,0
2021-07-14,Wednesday,July,2021,28,925.60,353,194.40,67,264.70,22,0,0,0,0,0,0,0,0,0,0,0,0,0,0,0,0
2021-07-15,Thursday,July,2021,28,875.60,348,184.40,62,223.00,16,0,0,0,0,0,0,0,0,0,0,0,0,0,0,0,0
2021-07-16,Friday,July,2021,28,1036.80,377,294.20,90,414.50,32,0,0,0,0,0,0,0,0,0,0,0,0,0,0,0,0
2021-07-17,Saturday,July,2021,28,1407.40,598,474.60,136,705.00,45,0,0,0,0,0,0,0,0,0,0,0,0,0,0,0,0
2021-07-18,Sunday,July,2021,28,1295.20,514,353.60,105,187.50,12,0,0,0,0,0,0,0,0,0,0,0,0,0,0,0,0
2021-07-19,Monday,July,2021,29,831.60,350,189.00,63,216.15,18,0,0,0,0,0,0,0,0,0,0,0,0,0,0,0,0
2021-07-20,Tuesday,July,2021,29,901.80,377,233.00,81,584.70,33,0,0,0,0,0,0,0,0,0,0,0,0,0,0,0,0
2021-07-21,Wednesday,July,2021,29,848.60,301,186.80,62,209.50,15,0,0,0,0,0,0,0,0,0,0,0,0,0,0,0,0
2021-07-22,Thursday,July,2021,29,884.40,320,170.60,57,477.20,35,0,0,0,0,0,0,0,0,0,0,0,0,0,0,0,0
2021-07-23,Friday,July,2021,29,986.60,485,263.20,80,325.20,22,0,0,0,0,0,0,0,0,0,0,0,0,0,0,0,0
2021-07-24,Saturday,July,2021,29,1242.40,469,339.60,99,728.00,49,0,0,0,0,0,0,0,0,0,0,0,0,0,0,0,0
2021-07-25,Sunday,July,2021,29,1047.20,412,392.40,116,223.50,15,0,0,0,0,0,0,0,0,0,0,0,0,0,0,0,0
2021-07-26,Monday,July,2021,30,912.00,330,166.00,57,282.50,19,0,0,0,0,0,0,0,0,0,0,0,0,0,0,0,0
2021-07-27,Tuesday,July,2021,30,1157.80,399,210.80,72,428.50,31,0,0,0,0,0,0,0,0,0,0,0,0,0,0,0,0
2021-07-28,Wednesday,July,2021,30,884.00,334,211.20,72,485.00,33,0,0,0,0,0,0,0,0,0,0,0,0,0,0,0,0
2021-07-29,Thursday,July,2021,30,1080.60,399,246.40,84,355.00,24,0,0,0,0,0,0,0,0,0,0,0,0,0,0,0,0
2021-07-30,Friday,July,2021,30,1092.40,472,296.40,98,299.20,20,0,0,0,0,0,0,0,0,0,0,0,0,0,0,0,0
2021-07-31,Saturday,July,2021,30,2499.20,1015,830.80,244,792.40,52,0,0,0,0,0,0,0,0,0,0,0,0,0,0,0,0
2021-08-02,Monday,August,2021,31,1000.40,394,199.60,70,266.20,21,0,0,0,0,0,0,0,0,0,0,0,0,0,0,0,0
2021-08-03,Tuesday,August,2021,31,869.20,321,285.20,99,351.00,23,0,0,0,0,0,0,0,0,0,0,0,0,0,0,0,0
2021-08-04,Wednesday,August,2021,31,1052.80,445,251.60,86,525.00,36,0,0,0,0,0,0,0,0,0,0,0,0,0,0,0,0
2021-08-05,Thursday,August,2021,31,852.80,351,180.60,61,321.40,25,0,0,0,0,0,0,0,0,0,0,0,0,0,0,0,0
2021-08-06,Friday,August,2021,31,1106.80,443,297.00,92,368.50,27,0,0,0,0,0,0,0,0,0,0,0,0,0,0,0,0
2021-08-07,Saturday,August,2021,31,1105.20,421,355.40,110,437.50,31,0,0,0,0,0,0,0,0,0,0,0,0,0,0,0,0
2021-08-08,Sunday,August,2021,31,1259.40,506,408.60,122,125.50,8,0,0,0,0,0,0,0,0,0,0,0,0,0,0,0,0
2021-08-09,Monday,August,2021,32,924.80,347,174.60,60,258.50,21,0,0,0,0,0,0,0,0,0,0,0,0,0,0,0,0
2021-08-10,Tuesday,August,2021,32,890.40,353,191.80,66,219.50,17,0,0,0,0,0,0,0,0,0,0,0,0,0,0,0,0
2021-08-11,Wednesday,August,2021,32,808.20,347,176.40,61,432.50,32,0,0,0,0,0,0,0,0,0,0,0,0,0,0,0,0
2021-08-12,Thursday,August,2021,32,818.20,308,154.60,56,414.50,32,0,0,0,0,0,0,0,0,0,0,0,0,0,0,0,0
2021-08-13,Friday,August,2021,32,799.80,302,168.60,50,337.80,26,0,0,0,0,0,0,0,0,0,0,0,0,0,0,0,0
2021-08-14,Saturday,August,2021,32,1090.20,376,288.60,86,371.30,29,0,0,0,0,0,0,0,0,0,0,0,0,0,0,0,0
2021-08-15,Sunday,August,2021,32,851.20,289,275.20,84,266.00,17,0,0,0,0,0,0,0,0,0,0,0,0,0,0,0,0
2021-08-16,Monday,August,2021,33,1015.80,387,294.20,99,303.50,25,0,0,0,0,0,0,0,0,0,0,0,0,0,0,0,0
2021-08-17,Tuesday,August,2021,33,963.60,379,263.40,89,462.00,31,0,0,0,0,0,0,0,0,0,0,0,0,0,0,0,0
2021-08-18,Wednesday,August,2021,33,1046.60,399,247.20,86,346.00,25,0,0,0,0,0,0,0,0,0,0,0,0,0,0,0,0
2021-08-19,Thursday,August,2021,33,965.60,351,245.00,88,543.00,39,0,0,0,0,0,0,0,0,0,0,0,0,0,0,0,0
2021-08-20,Friday,August,2021,33,1009.80,360,251.00,80,249.70,19,0,0,0,0,0,0,0,0,0,0,0,0,0,0,0,0
2021-08-21,Saturday,August,2021,33,1292.80,457,352.40,110,475.00,37,0,0,0,0,0,0,0,0,0,0,0,0,0,0,0,0
2021-08-22,Sunday,August,2021,33,882.00,307,306.00,95,269.50,18,0,0,0,0,0,0,0,0,0,0,0,0,0,0,0,0
2021-08-23,Monday,August,2021,34,891.60,332,197.80,66,283.00,20,0,0,0,0,0,0,0,0,0,0,0,0,0,0,0,0
2021-08-24,Tuesday,August,2021,34,994.00,352,256.70,87,282.50,22,0,0,0,0,0,0,0,0,0,0,0,0,0,0,0,0
2021-08-25,Wednesday,August,2021,34,1162.60,426,252.40,87,321.50,25,0,0,0,0,0,0,0,0,0,0,0,0,0,0,0,0
2021-08-26,Thursday,August,2021,34,697.40,257,221.80,72,161.50,10,0,0,0,0,0,0,0,0,0,0,0,0,0,0,0,0
2021-08-27,Friday,August,2021,34,1095.60,390,338.40,103,414.90,30,0,0,0,0,0,0,0,0,0,0,0,0,0,0,0,0
2021-08-28,Saturday,August,2021,34,1091.00,379,392.80,120,408.50,30,0,0,0,0,0,0,0,0,0,0,0,0,0,0,0,0
2021-08-29,Sunday,August,2021,34,717.20,275,224.20,65,152.00,12,0,0,0,0,0,0,0,0,0,0,0,0,0,0,0,0
2021-08-30,Monday,August,2021,35,722.60,262,171.40,56,399.00,29,0,0,0,0,0,0,0,0,0,0,0,0,0,0,0,0
2021-08-31,Tuesday,August,2021,35,837.60,341,161.00,56,392.00,24,0,0,0,0,0,0,0,0,0,0,0,0,0,0,0,0
2021-09-01,Wednesday,September,2021,35,1004.20,386,222.60,76,288.50,17,0,0,0,0,0,0,0,0,0,0,0,0,0,0,0,0
2021-09-02,Thursday,September,2021,35,985.80,403,227.00,76,240.00,20,0,0,0,0,0,0,0,0,0,0,0,0,0,0,0,0
2021-09-03,Friday,September,2021,35,1075.60,405,312.80,97,193.70,16,0,0,0,0,0,0,0,0,0,0,0,0,0,0,0,0
2021-09-04,Saturday,September,2021,35,1423.40,560,381.80,114,355.00,25,0,0,0,0,0,0,0,0,0,0,0,0,0,0,0,0
2021-09-05,Sunday,September,2021,35,1212.80,465,381.60,107,144.00,11,0,0,0,0,0,0,0,0,0,0,0,0,0,0,0,0
2021-09-06,Monday,September,2021,36,1003.20,348,195.20,65,390.90,28,0,0,0,0,0,0,0,0,0,0,0,0,0,0,0,0
2021-09-07,Tuesday,September,2021,36,918.00,336,238.20,80,259.00,15,0,0,0,0,0,0,0,0,0,0,0,0,0,0,0,0
2021-09-08,Wednesday,September,2021,36,808.20,299,215.80,72,195.30,15,0,0,0,0,0,0,0,0,0,0,0,0,0,0,0,0
2021-09-09,Thursday,September,2021,36,926.40,328,248.80,83,253.40,18,0,0,0,0,0,0,0,0,0,0,0,0,0,0,0,0
2021-09-10,Friday,September,2021,36,900.00,340,243.20,75,339.30,27,0,0,0,0,0,0,0,0,0,0,0,0,0,0,0,0
2021-09-11,Saturday,September,2021,36,1359.00,562,366.60,117,395.00,27,0,0,0,0,0,0,0,0,0,0,0,0,0,0,0,0
2021-09-12,Sunday,September,2021,36,1372.00,585,402.60,124,237.00,17,0,0,0,0,0,0,0,0,0,0,0,0,0,0,0,0
2021-09-13,Monday,September,2021,37,878.40,328,189.00,66,371.00,23,0,0,0,0,0,0,0,0,0,0,0,0,0,0,0,0
2021-09-14,Tuesday,September,2021,37,656.00,267,181.60,63,348.00,26,0,0,0,0,0,0,0,0,0,0,0,0,0,0,0,0
2021-09-15,Wednesday,September,2021,37,698.60,312,169.00,57,284.50,18,0,0,0,0,0,0,0,0,0,0,0,0,0,0,0,0
2021-09-16,Thursday,September,2021,37,854.60,320,250.80,84,263.00,17,0,0,0,0,0,0,0,0,0,0,0,0,0,0,0,0
2021-09-17,Friday,September,2021,37,1196.80,477,331.90,107,521.00,24,0,0,0,0,0,0,0,0,0,0,0,0,0,0,0,0
2021-09-18,Saturday,September,2021,37,1839.20,702,460.20,140,706.70,47,0,0,0,0,0,0,0,0,0,0,0,0,0,0,0,0
2021-09-19,Sunday,September,2021,37,1430.00,548,482.60,155,195.50,16,0,0,0,0,0,0,0,0,0,0,0,0,0,0,0,0
2021-09-20,Monday,September,2021,38,814.80,325,213.20,74,237.50,16,0,0,0,0,0,0,0,0,0,0,0,0,0,0,0,0
2021-09-21,Tuesday,September,2021,38,905.00,385,238.80,82,201.00,16,0,0,0,0,0,0,0,0,0,0,0,0,0,0,0,0
2021-09-22,Wednesday,September,2021,38,1021.00,383,270.20,94,345.00,25,0,0,0,0,0,0,0,0,0,0,0,0,0,0,0,0
2021-09-23,Thursday,September,2021,38,1059.40,391,302.20,105,278.50,21,0,0,0,0,0,0,0,0,0,0,0,0,0,0,0,0
2021-09-24,Friday,September,2021,38,1181.20,449,321.60,103,230.00,18,0,0,0,0,0,0,0,0,0,0,0,0,0,0,0,0
2021-09-25,Saturday,September,2021,38,1665.20,661,499.80,152,366.50,29,0,0,0,0,0,0,0,0,0,0,0,0,0,0,0,0
2021-09-26,Sunday,September,2021,38,1022.40,416,442.50,128,324.50,20,0,0,0,0,0,0,0,0,0,0,0,0,0,0,0,0
2021-09-27,Monday,September,2021,39,885.60,344,251.40,89,215.50,15,0,0,0,0,0,0,0,0,0,0,0,0,0,0,0,0
2021-09-28,Tuesday,September,2021,39,1009.80,388,264.00,88,307.50,20,0,0,0,0,0,0,0,0,0,0,0,0,0,0,0,0
2021-09-29,Wednesday,September,2021,39,966.80,341,188.00,65,349.90,27,0,0,0,0,0,0,0,0,0,0,0,0,0,0,0,0
2021-09-30,Thursday,September,2021,39,1102.00,439,256.40,90,413.00,28,0,0,0,0,0,0,0,0,0,0,0,0,0,0,0,0
2021-10-01,Friday,October,2021,39,1201.00,456,390.20,120,789.80,48,0,0,0,0,0,0,0,0,0,0,0,0,0,0,0,0
2021-10-02,Saturday,October,2021,39,1741.60,634,571.70,173,614.00,36,0,0,0,0,0,0,0,0,0,0,0,0,0,0,0,0
2021-10-03,Sunday,October,2021,39,1133.80,489,328.00,103,145.00,11,0,0,0,0,0,0,0,0,0,0,0,0,0,0,0,0
2021-10-04,Monday,October,2021,40,755.40,297,232.80,79,219.00,14,0,0,0,0,0,0,0,0,0,0,0,0,0,0,0,0
2021-10-05,Tuesday,October,2021,40,821.40,333,160.40,57,263.50,21,0,0,0,0,0,0,0,0,0,0,0,0,0,0,0,0
2021-10-06,Wednesday,October,2021,40,848.80,334,244.40,83,408.50,27,0,0,0,0,0,0,0,0,0,0,0,0,0,0,0,0
2021-10-07,Thursday,October,2021,40,884.20,333,246.00,80,207.90,16,0,0,0,0,0,0,0,0,0,0,0,0,0,0,0,0
2021-10-08,Friday,October,2021,40,1072.20,400,376.20,115,408.50,29,0,0,0,0,0,0,0,0,0,0,0,0,0,0,0,0
2021-10-09,Saturday,October,2021,40,1709.80,646,544.60,166,459.00,33,0,0,0,0,0,0,0,0,0,0,0,0,0,0,0,0
2021-10-10,Sunday,October,2021,40,1586.20,674,591.00,184,513.50,21,0,0,0,0,0,0,0,0,0,0,0,0,0,0,0,0
2021-10-11,Monday,October,2021,41,922.40,374,298.60,98,164.00,12,0,0,0,0,0,0,0,0,0,0,0,0,0,0,0,0
2021-10-12,Tuesday,October,2021,41,553.00,197,169.20,60,242.50,18,0,0,0,0,0,0,0,0,0,0,0,0,0,0,0,0
2021-10-13,Wednesday,October,2021,41,887.20,337,254.60,88,133.50,10,0,0,0,0,0,0,0,0,0,0,0,0,0,0,0,0
2021-10-14,Thursday,October,2021,41,1126.00,467,303.00,106,304.50,22,0,0,0,0,0,0,0,0,0,0,0,0,0,0,0,0
2021-10-15,Friday,October,2021,41,1212.30,450,495.80,148,504.45,35,0,0,0,0,0,0,0,0,0,0,0,0,0,0,0,0
2021-10-16,Saturday,October,2021,41,3386.20,1427,1184.40,363,782.50,62,0,0,0,0,0,0,0,0,0,0,0,0,0,0,0,0
2021-10-18,Monday,October,2021,42,1114.80,444,231.40,78,410.30,28,0,0,0,0,0,0,0,0,0,0,0,0,0,0,0,0
2021-10-19,Tuesday,October,2021,42,750.60,303,203.20,68,333.50,24,0,0,0,0,0,0,0,0,0,0,0,0,0,0,0,0
2021-10-20,Wednesday,October,2021,42,1045.80,418,296.40,104,236.00,15,0,0,0,0,0,0,0,0,0,0,0,0,0,0,0,0
2021-10-21,Thursday,October,2021,42,1031.60,461,312.60,110,390.00,27,0,0,0,0,0,0,0,0,0,0,0,0,0,0,0,0
2021-10-22,Friday,October,2021,42,1330.80,479,481.80,145,473.00,31,0,0,0,0,0,0,0,0,0,0,0,0,0,0,0,0
2021-10-23,Saturday,October,2021,42,1799.60,730,555.60,168,590.20,47,0,0,0,0,0,0,0,0,0,0,0,0,0,0,0,0
2021-10-24,Sunday,October,2021,42,1499.80,656,554.40,175,206.40,13,0,0,0,0,0,0,0,0,0,0,0,0,0,0,0,0
2021-10-25,Monday,October,2021,43,868.40,315,247.40,84,169.00,15,0,0,0,0,0,0,0,0,0,0,0,0,0,0,0,0
2021-10-26,Tuesday,October,2021,43,839.60,356,209.40,72,281.60,20,0,0,0,0,0,0,0,0,0,0,0,0,0,0,0,0
2021-10-27,Wednesday,October,2021,43,990.60,404,278.00,96,335.00,25,0,0,0,0,0,0,0,0,0,0,0,0,0,0,0,0
2021-10-28,Thursday,October,2021,43,905.00,425,268.60,92,253.70,20,0,0,0,0,0,0,0,0,0,0,0,0,0,0,0,0
2021-10-29,Friday,October,2021,43,1358.40,525,376.40,116,557.50,40,0,0,0,0,0,0,0,0,0,0,0,0,0,0,0,0
2021-10-30,Saturday,October,2021,43,1352.40,548,491.40,146,566.40,43,0,0,0,0,0,0,0,0,0,0,0,0,0,0,0,0
2021-10-31,Sunday,October,2021,43,1239.60,509,531.30,152,247.50,20,0,0,0,0,0,0,0,0,0,0,0,0,0,0,0,0
2021-11-01,Monday,November,2021,44,912.40,347,370.40,121,487.70,33,0,0,0,0,0,0,0,0,0,0,0,0,0,0,0,0
2021-11-02,Tuesday,November,2021,44,715.60,277,217.20,74,302.50,23,0,0,0,0,0,0,0,0,0,0,0,0,0,0,0,0
2021-11-03,Wednesday,November,2021,44,684.00,259,172.00,60,268.00,20,0,0,0,0,0,0,0,0,0,0,0,0,0,0,0,0
2021-11-04,Thursday,November,2021,44,567.80,225,216.80,73,215.50,16,0,0,0,0,0,0,0,0,0,0,0,0,0,0,0,0
2021-11-05,Friday,November,2021,44,836.60,316,389.40,96,397.00,27,0,0,0,0,0,0,0,0,0,0,0,0,0,0,0,0
2021-11-06,Saturday,November,2021,44,1473.20,547,486.60,142,608.50,45,0,0,0,0,0,0,0,0,0,0,0,0,0,0,0,0
2021-11-07,Sunday,November,2021,44,1085.20,479,468.60,134,202.50,14,0,0,0,0,0,0,0,0,0,0,0,0,0,0,0,0
2021-11-08,Monday,November,2021,45,838.20,358,280.40,97,329.50,20,0,0,0,0,0,0,0,0,0,0,0,0,0,0,0,0
2021-11-09,Tuesday,November,2021,45,1510.60,597,420.80,140,338.70,26,0,0,0,0,0,0,0,0,0,0,0,0,0,0,0,0
2021-11-11,Thursday,November,2021,45,765.00,316,206.60,68,281.00,20,0,0,0,0,0,0,0,0,0,0,0,0,0,0,0,0
2021-11-12,Friday,November,2021,45,1250.80,510,484.80,127,400.05,30,0,0,0,0,0,0,0,0,0,0,0,0,0,0,0,0
2021-11-13,Saturday,November,2021,45,1127.60,488,487.20,146,541.00,40,0,0,0,0,0,0,0,0,0,0,0,0,0,0,0,0
2021-11-14,Sunday,November,2021,45,1071.00,452,476.20,139,220.50,17,0,0,0,0,0,0,0,0,0,0,0,0,0,0,0,0
2021-11-15,Monday,November,2021,46,636.80,253,195.60,65,222.00,18,0,0,0,0,0,0,0,0,0,0,0,0,0,0,0,0
2021-11-16,Tuesday,November,2021,46,582.80,230,128.00,46,170.50,14,0,0,0,0,0,0,0,0,0,0,0,0,0,0,0,0
2021-11-17,Wednesday,November,2021,46,566.20,236,157.60,54,369.00,23,0,0,0,0,0,0,0,0,0,0,0,0,0,0,0,0
2021-11-18,Thursday,November,2021,46,594.40,234,153.00,51,116.50,9,0,0,0,0,0,0,0,0,0,0,0,0,0,0,0,0
2021-11-19,Friday,November,2021,46,1050.20,419,418.80,110,448.20,33,0,0,0,0,0,0,0,0,0,0,0,0,0,0,0,0
2021-11-20,Saturday,November,2021,46,1385.20,594,520.60,155,630.20,45,0,0,0,0,0,0,0,0,0,0,0,0,0,0,0,0
2021-11-21,Sunday,November,2021,46,1029.80,439,384.00,114,232.00,17,0,0,0,0,0,0,0,0,0,0,0,0,0,0,0,0
2021-11-22,Monday,November,2021,47,455.60,166,178.40,60,308.00,24,0,0,0,0,0,0,0,0,0,0,0,0,0,0,0,0
2021-11-23,Tuesday,November,2021,47,728.20,291,183.20,64,710.50,28,0,0,0,0,0,0,0,0,0,0,0,0,0,0,0,0
2021-11-24,Wednesday,November,2021,47,641.80,249,172.00,59,163.70,11,0,0,0,0,0,0,0,0,0,0,0,0,0,0,0,0
2021-11-25,Thursday,November,2021,47,664.40,260,153.40,55,231.00,19,0,0,0,0,0,0,0,0,0,0,0,0,0,0,0,0
2021-11-26,Friday,November,2021,47,686.00,264,325.50,76,375.70,27,0,0,0,0,0,0,0,0,0,0,0,0,0,0,0,0
2021-11-27,Saturday,November,2021,47,1272.80,564,463.20,139,800.00,56,0,0,0,0,0,0,0,0,0,0,0,0,0,0,0,0
2021-11-28,Sunday,November,2021,47,1026.40,456,379.40,114,140.00,12,0,0,0,0,0,0,0,0,0,0,0,0,0,0,0,0
2021-11-29,Monday,November,2021,48,554.60,204,185.00,61,353.50,28,0,0,0,0,0,0,0,0,0,0,0,0,0,0,0,0
2021-11-30,Tuesday,November,2021,48,521.00,198,201.80,71,363.50,23,0,0,0,0,0,0,0,0,0,0,0,0,0,0,0,0
2021-12-01,Wednesday,December,2021,48,551.00,215,168.00,57,431.70,30,0,0,0,0,0,0,0,0,0,0,0,0,0,0,0,0
2021-12-02,Thursday,December,2021,48,620.60,245,210.60,69,581.20,37,0,0,0,0,0,0,0,0,0,0,0,0,0,0,0,0
2021-12-03,Friday,December,2021,48,883.40,378,270.70,81,486.50,39,0,0,0,0,0,0,0,0,0,0,0,0,0,0,0,0
2021-12-04,Saturday,December,2021,48,1115.00,552,239.00,73,1182.00,71,0,0,0,0,0,0,0,0,0,0,0,0,0,0,0,0
2021-12-05,Sunday,December,2021,48,1254.40,664,417.80,121,405.50,23,0,0,0,0,0,0,0,0,0,0,0,0,0,0,0,0
2021-12-06,Monday,December,2021,49,582.40,261,146.00,51,485.00,33,0,0,0,0,0,0,0,0,0,0,0,0,0,0,0,0
2021-12-07,Tuesday,December,2021,49,576.80,243,119.00,44,345.50,26,0,0,0,0,0,0,0,0,0,0,0,0,0,0,0,0
2021-12-08,Wednesday,December,2021,49,519.20,199,127.60,43,434.20,30,0,0,0,0,0,0,0,0,0,0,0,0,0,0,0,0
2021-12-09,Thursday,December,2021,49,631.80,261,128.80,45,468.00,35,0,0,0,0,0,0,0,0,0,0,0,0,0,0,0,0
2021-12-10,Friday,December,2021,49,659.00,236,293.70,82,565.00,39,0,0,0,0,0,0,0,0,0,0,0,0,0,0,0,0
2021-12-11,Saturday,December,2021,49,1237.40,530,347.80,108,1345.50,98,0,0,0,0,0,0,0,0,0,0,0,0,0,0,0,0
2021-12-12,Sunday,December,2021,49,1030.10,459,362.20,107,516.90,28,0,0,0,0,0,0,0,0,0,0,0,0,0,0,0,0
2021-12-13,Monday,December,2021,50,1980.60,900,493.20,163,2318.45,160,0,0,0,0,0,0,0,0,0,0,0,0,0,0,0,0
2021-12-16,Thursday,December,2021,50,744.40,302,165.80,54,1014.95,78,0,0,0,0,0,0,0,0,0,0,0,0,0,0,0,0
2021-12-17,Friday,December,2021,50,1024.00,431,282.40,86,966.50,73,0,0,0,0,0,0,0,0,0,0,0,0,0,0,0,0
2021-12-18,Saturday,December,2021,50,1364.54,602,414.20,122,1536.36,112,0,0,0,0,0,0,0,0,0,0,0,0,0,0,0,0
2021-12-19,Sunday,December,2021,50,1016.60,415,299.80,92,580.70,40,0,0,0,0,0,0,0,0,0,0,0,0,0,0,0,0
2021-12-20,Monday,December,2021,51,776.00,315,220.40,76,1256.00,93,0,0,0,0,0,0,0,0,0,0,0,0,0,0,0,0
2021-12-21,Tuesday,December,2021,51,913.80,419,220.00,72,1881.75,133,0,0,0,0,0,0,0,0,0,0,0,0,0,0,0,0
2021-12-22,Wednesday,December,2021,51,1788.20,720,445.50,178,4008.80,287,0,0,0,0,0,0,0,0,0,0,0,0,0,0,0,0
2021-12-24,Friday,December,2021,51,520.20,224,144.20,52,551.60,39,0,0,0,0,0,0,0,0,0,0,0,0,0,0,0,0
2021-12-27,Monday,December,2021,52,1229.32,532,304.88,106,670.30,41,0,0,0,0,0,0,0,0,0,0,0,0,0,0,0,0
2021-12-28,Tuesday,December,2021,52,994.20,398,270.80,87,262.00,17,0,0,0,0,0,0,0,0,0,0,0,0,0,0,0,0
2021-12-29,Wednesday,December,2021,52,1047.40,452,333.80,108,456.85,33,0,0,0,0,0,0,0,0,0,0,0,0,0,0,0,0
2021-12-30,Thursday,December,2021,52,1192.00,530,360.20,115,417.50,28,0,0,0,0,0,0,0,0,0,0,0,0,0,0,0,0
2021-12-31,Friday,December,2021,52,1555.40,673,556.00,154,454.50,29,0,0,0,0,0,0,0,0,0,0,0,0,0,0,0,0
2022-01-02,Sunday,January,2022,52,1528.80,705,430.80,134,255.50,18,0,0,0,0,0,0,0,0,0,0,0,0,0,0,0,0
2022-01-03,Monday,January,2022,1,1142.40,487,316.00,105,590.70,41,0,0,0,0,0,0,0,0,0,0,0,0,0,0,0,0
2022-01-04,Tuesday,January,2022,1,624.00,252,193.60,61,279.50,20,0,0,0,0,0,0,0,0,0,0,0,0,0,0,0,0
2022-01-05,Wednesday,January,2022,1,978.00,454,218.60,73,596.60,45,0,0,0,0,0,0,0,0,0,0,0,0,0,0,0,0
2022-01-06,Thursday,January,2022,1,987.60,440,369.00,118,181.80,11,0,0,0,0,0,0,0,0,0,0,0,0,0,0,0,0
2022-01-07,Friday,January,2022,1,985.60,408,343.60,108,1004.50,51,0,0,0,0,0,0,0,0,0,0,0,0,0,0,0,0
2022-01-08,Saturday,January,2022,1,2227.00,998,712.80,218,558.00,38,0,0,0,0,0,0,0,0,0,0,0,0,0,0,0,0
2022-01-10,Monday,January,2022,2,618.40,258,151.20,52,207.60,15,0,0,0,0,0,0,0,0,0,0,0,0,0,0,0,0
2022-01-11,Tuesday,January,2022,2,461.40,241,123.20,40,259.50,18,0,0,0,0,0,0,0,0,0,0,0,0,0,0,0,0
2022-01-12,Wednesday,January,2022,2,817.20,335,217.80,73,357.00,24,0,0,0,0,0,0,0,0,0,0,0,0,0,0,0,0
2022-01-13,Thursday,January,2022,2,775.00,332,210.00,74,443.50,30,0,0,0,0,0,0,0,0,0,0,0,0,0,0,0,0
2022-01-14,Friday,January,2022,2,993.20,446,302.00,96,209.00,14,0,0,0,0,0,0,0,0,0,0,0,0,0,0,0,0
2022-01-15,Saturday,January,2022,2,1508.00,709,448.80,144,524.50,39,0,0,0,0,0,0,0,0,0,0,0,0,0,0,0,0
2022-01-16,Sunday,January,2022,2,1128.80,600,436.60,133,297.80,22,0,0,0,0,0,0,0,0,0,0,0,0,0,0,0,0
2022-01-17,Monday,January,2022,3,548.60,231,143.40,50,307.50,20,0,0,0,0,0,0,0,0,0,0,0,0,0,0,0,0
2022-01-18,Tuesday,January,2022,3,599.60,295,129.60,44,315.50,22,0,0,0,0,0,0,0,0,0,0,0,0,0,0,0,0
2022-01-19,Wednesday,January,2022,3,769.00,350,172.40,59,269.00,19,0,0,0,0,0,0,0,0,0,0,0,0,0,0,0,0
2022-01-20,Thursday,January,2022,3,547.80,206,152.20,51,278.50,18,0,0,0,0,0,0,0,0,0,0,0,0,0,0,0,0
2022-01-21,Friday,January,2022,3,718.00,282,246.60,82,333.90,22,0,0,0,0,0,0,0,0,0,0,0,0,0,0,0,0
2022-01-22,Saturday,January,2022,3,1210.20,491,391.80,124,564.50,40,0,0,0,0,0,0,0,0,0,0,0,0,0,0,0,0
2022-01-23,Sunday,January,2022,3,1007.60,430,281.00,89,243.00,18,0,0,0,0,0,0,0,0,0,0,0,0,0,0,0,0
2022-01-24,Monday,January,2022,4,745.80,343,188.60,67,313.00,21,0,0,0,0,0,0,0,0,0,0,0,0,0,0,0,0
2022-01-25,Tuesday,January,2022,4,763.60,366,193.20,67,254.00,18,0,0,0,0,0,0,0,0,0,0,0,0,0,0,0,0
2022-01-26,Wednesday,January,2022,4,597.80,258,147.60,53,258.40,19,0,0,0,0,0,0,0,0,0,0,0,0,0,0,0,0
2022-01-27,Thursday,January,2022,4,615.00,264,201.60,70,359.40,24,0,0,0,0,0,0,0,0,0,0,0,0,0,0,0,0
2022-01-28,Friday,January,2022,4,890.00,373,278.60,88,267.50,21,0,0,0,0,0,0,0,0,0,0,0,0,0,0,0,0
2022-01-29,Saturday,January,2022,4,1227.60,498,390.40,123,542.50,30,0,0,0,0,0,0,0,0,0,0,0,0,0,0,0,0
2022-01-30,Sunday,January,2022,4,1544.00,670,354.80,111,241.00,17,0,0,0,0,0,0,0,0,0,0,0,0,0,0,0,0
2022-01-31,Monday,January,2022,5,575.20,224,160.60,55,358.20,23,0,0,0,0,0,0,0,0,0,0,0,0,0,0,0,0
2022-02-01,Tuesday,February,2022,5,540.90,228,147.20,50,334.20,28,0,0,0,0,0,0,0,0,0,0,0,0,0,0,0,0
2022-02-02,Wednesday,February,2022,5,542.40,248,140.20,49,281.50,22,0,0,0,0,0,0,0,0,0,0,0,0,0,0,0,0
2022-02-03,Thursday,February,2022,5,673.00,285,169.40,57,272.00,19,0,0,0,0,0,0,0,0,0,0,0,0,0,0,0,0
2022-02-04,Friday,February,2022,5,868.80,382,215.60,66,444.00,32,0,0,0,0,0,0,0,0,0,0,0,0,0,0,0,0
2022-02-05,Saturday,February,2022,5,1896.20,984,475.00,153,716.00,50,0,0,0,0,0,0,0,0,0,0,0,0,0,0,0,0
2022-02-06,Sunday,February,2022,5,968.00,436,405.60,129,463.20,31,0,0,0,0,0,0,0,0,0,0,0,0,0,0,0,0
2022-02-07,Monday,February,2022,6,561.00,253,169.00,61,345.00,23,0,0,0,0,0,0,0,0,0,0,0,0,0,0,0,0
2022-02-08,Tuesday,February,2022,6,1002.20,434,287.60,97,363.40,25,0,0,0,0,0,0,0,0,0,0,0,0,0,0,0,0
2022-02-09,Wednesday,February,2022,6,1207.20,506,304.60,100,442.30,32,0,0,0,0,0,0,0,0,0,0,0,0,0,0,0,0
2022-02-10,Thursday,February,2022,6,1023.60,429,310.20,101,281.00,18,0,0,0,0,0,0,0,0,0,0,0,0,0,0,0,0
2022-02-11,Friday,February,2022,6,941.60,405,344.60,102,447.90,29,0,0,0,0,0,0,0,0,0,0,0,0,0,0,0,0
2022-02-12,Saturday,February,2022,6,1874.20,796,584.60,180,863.00,64,0,0,0,0,0,0,0,0,0,0,0,0,0,0,0,0
2022-02-13,Sunday,February,2022,6,2512.80,1192,666.00,214,812.60,53,0,0,0,0,0,0,0,0,0,0,0,0,0,0,0,0
2022-02-15,Tuesday,February,2022,7,763.60,322,205.80,65,554.50,30,0,0,0,0,0,0,0,0,0,0,0,0,0,0,0,0
2022-02-16,Wednesday,February,2022,7,690.20,293,199.20,61,582.00,38,0,0,0,0,0,0,0,0,0,0,0,0,0,0,0,0
2022-02-17,Thursday,February,2022,7,955.60,364,281.60,88,347.80,19,0,0,0,0,0,0,0,0,0,0,0,0,0,0,0,0
2022-02-18,Friday,February,2022,7,1111.80,482,372.80,116,652.50,46,0,0,0,0,0,0,0,0,0,0,0,0,0,0,0,0
2022-02-19,Saturday,February,2022,7,1936.20,880,544.20,167,814.40,48,0,0,0,0,0,0,0,0,0,0,0,0,0,0,0,0
2022-02-20,Sunday,February,2022,7,1165.65,525,504.50,158,365.25,26,0,0,0,0,0,0,0,0,0,0,0,0,0,0,0,0
2022-02-21,Monday,February,2022,8,666.00,233,167.00,53,639.00,27,0,0,0,0,0,0,0,0,0,0,0,0,0,0,0,0
2022-02-22,Tuesday,February,2022,8,739.80,295,199.40,64,202.00,15,0,0,0,0,0,0,0,0,0,0,0,0,0,0,0,0
2022-02-23,Wednesday,February,2022,8,1234.20,520,304.00,105,443.70,28,0,0,0,0,0,0,0,0,0,0,0,0,0,0,0,0
2022-02-24,Thursday,February,2022,8,821.50,374,212.80,66,281.70,19,0,0,0,0,0,0,0,0,0,0,0,0,0,0,0,0
2022-02-25,Friday,February,2022,8,1034.80,371,359.70,111,252.50,17,0,0,0,0,0,0,0,0,0,0,0,0,0,0,0,0
2022-02-26,Saturday,February,2022,8,1659.40,767,515.50,158,637.50,42,0,0,0,0,0,0,0,0,0,0,0,0,0,0,0,0
2022-02-27,Sunday,February,2022,8,1642.60,762,656.20,196,369.25,27,0,0,0,0,0,0,0,0,0,0,0,0,0,0,0,0
2022-02-28,Monday,February,2022,9,1200.40,525,333.80,112,333.00,23,0,0,0,0,0,0,0,0,0,0,0,0,0,0,0,0
2022-03-01,Tuesday,March,2022,9,1065.40,414,278.60,87,239.50,16,0,0,0,0,0,0,0,0,0,0,0,0,0,0,0,0
2022-03-02,Wednesday,March,2022,9,800.40,326,231.40,77,363.00,27,0,0,0,0,0,0,0,0,0,0,0,0,0,0,0,0
2022-03-03,Thursday,March,2022,9,1543.40,724,402.20,128,322.00,25,0,0,0,0,0,0,0,0,0,0,0,0,0,0,0,0
2022-03-04,Friday,March,2022,9,1246.60,587,431.40,135,596.30,38,0,0,0,0,0,0,0,0,0,0,0,0,0,0,0,0
2022-03-05,Saturday,March,2022,9,1783.80,859,562.60,175,591.50,37,0,0,0,0,0,0,0,0,0,0,0,0,0,0,0,0
2022-03-06,Sunday,March,2022,9,1379.20,635,442.40,147,351.70,25,0,0,0,0,0,0,0,0,0,0,0,0,0,0,0,0
2022-03-07,Monday,March,2022,10,599.90,272,160.80,54,203.50,15,0,0,0,0,0,0,0,0,0,0,0,0,0,0,0,0
2022-03-08,Tuesday,March,2022,10,941.80,436,238.60,78,223.00,16,0,0,0,0,0,0,0,0,0,0,0,0,0,0,0,0
2022-03-09,Wednesday,March,2022,10,921.40,414,278.40,90,260.70,22,0,0,0,0,0,0,0,0,0,0,0,0,0,0,0,0
2022-03-10,Thursday,March,2022,10,953.00,473,204.00,65,204.50,13,0,0,0,0,0,0,0,0,0,0,0,0,0,0,0,0
2022-03-11,Friday,March,2022,10,1262.00,604,326.60,101,461.50,29,0,0,0,0,0,0,0,0,0,0,0,0,0,0,0,0
2022-03-12,Saturday,March,2022,10,1745.40,803,595.20,180,700.00,43,0,0,0,0,0,0,0,0,0,0,0,0,0,0,0,0
2022-03-13,Sunday,March,2022,10,1471.40,635,533.40,166,115.50,9,0,0,0,0,0,0,0,0,0,0,0,0,0,0,0,0
2022-03-14,Monday,March,2022,11,886.20,380,251.60,78,285.40,20,0,0,0,0,0,0,0,0,0,0,0,0,0,0,0,0
2022-03-15,Tuesday,March,2022,11,721.40,283,218.60,68,139.50,12,0,0,0,0,0,0,0,0,0,0,0,0,0,0,0,0
2022-03-16,Wednesday,March,2022,11,785.20,338,193.00,59,338.50,21,0,0,0,0,0,0,0,0,0,0,0,0,0,0,0,0
2022-03-17,Thursday,March,2022,11,589.60,282,180.00,57,213.50,16,0,0,0,0,0,0,0,0,0,0,0,0,0,0,0,0
2022-03-18,Friday,March,2022,11,908.20,383,259.50,75,408.00,26,0,0,0,0,0,0,0,0,0,0,0,0,0,0,0,0
2022-03-19,Saturday,March,2022,11,1720.60,831,584.20,170,686.00,43,0,0,0,0,0,0,0,0,0,0,0,0,0,0,0,0
2022-03-20,Sunday,March,2022,11,1561.20,758,407.10,119,352.00,22,0,0,0,0,0,0,0,0,0,0,0,0,0,0,0,0
2022-03-21,Monday,March,2022,12,783.50,375,203.40,65,527.90,37,0,0,0,0,0,0,0,0,0,0,0,0,0,0,0,0
2022-03-22,Tuesday,March,2022,12,929.60,368,195.60,63,260.60,18,0,0,0,0,0,0,0,0,0,0,0,0,0,0,0,0
2022-03-23,Wednesday,March,2022,12,793.60,354,209.40,65,312.00,22,0,0,0,0,0,0,0,0,0,0,0,0,0,0,0,0
2022-03-24,Thursday,March,2022,12,942.20,387,230.80,69,319.00,22,0,0,0,0,0,0,0,0,0,0,0,0,0,0,0,0
2022-03-25,Friday,March,2022,12,1032.80,453,355.00,99,507.00,36,0,0,0,0,0,0,0,0,0,0,0,0,0,0,0,0
2022-03-26,Saturday,March,2022,12,1951.65,821,524.85,155,607.40,43,0,0,0,0,0,0,0,0,0,0,0,0,0,0,0,0
2022-03-27,Sunday,March,2022,12,1514.83,665,354.97,104,148.50,11,0,0,0,0,0,0,0,0,0,0,0,0,0,0,0,0
2022-03-28,Monday,March,2022,13,862.00,357,286.60,90,252.50,19,0,0,0,0,0,0,0,0,0,0,0,0,0,0,0,0
2022-03-29,Tuesday,March,2022,13,798.40,333,230.80,68,425.70,28,0,0,0,0,0,0,0,0,0,0,0,0,0,0,0,0
2022-03-30,Wednesday,March,2022,13,781.40,310,188.40,60,320.50,21,0,0,0,0,0,0,0,0,0,0,0,0,0,0,0,0
2022-03-31,Thursday,March,2022,13,719.10,264,174.60,53,414.75,25,0,0,0,0,0,0,0,0,0,0,0,0,0,0,0,0
2022-04-01,Friday,April,2022,13,561.20,185,209.40,60,333.00,26,0,0,0,0,0,0,0,0,0,0,0,0,0,0,0,0
2022-04-02,Saturday,April,2022,13,849.50,325,360.60,107,516.00,32,0,0,0,0,0,0,0,0,0,0,0,0,0,0,0,0
2022-04-03,Sunday,April,2022,13,1011.00,418,413.30,119,378.70,31,0,0,0,0,0,0,0,0,0,0,0,0,0,0,0,0
2022-04-04,Monday,April,2022,14,863.20,343,238.40,69,291.50,22,0,0,0,0,0,0,0,0,0,0,0,0,0,0,0,0
2022-04-05,Tuesday,April,2022,14,647.00,270,198.20,60,247.00,18,0,0,0,0,0,0,0,0,0,0,0,0,0,0,0,0
2022-04-06,Wednesday,April,2022,14,758.40,313,218.60,75,367.50,20,0,0,0,0,0,0,0,0,0,0,0,0,0,0,0,0
2022-04-07,Thursday,April,2022,14,672.70,248,258.80,78,327.00,25,0,0,0,0,0,0,0,0,0,0,0,0,0,0,0,0
2022-04-08,Friday,April,2022,14,556.90,202,208.60,64,438.20,36,0,0,0,0,0,0,0,0,0,0,0,0,0,0,0,0
2022-04-09,Saturday,April,2022,14,1334.60,538,541.40,162,833.50,55,0,0,0,0,0,0,0,0,0,0,0,0,0,0,0,0
2022-04-10,Sunday,April,2022,14,1263.50,509,377.00,113,102.00,8,0,0,0,0,0,0,0,0,0,0,0,0,0,0,0,0
2022-04-11,Monday,April,2022,15,1030.30,413,319.80,95,618.40,43,0,0,0,0,0,0,0,0,0,0,0,0,0,0,0,0
2022-04-12,Tuesday,April,2022,15,952.60,354,260.80,77,262.50,21,0,0,0,0,0,0,0,0,0,0,0,0,0,0,0,0
2022-04-13,Wednesday,April,2022,15,913.50,346,271.60,77,388.50,31,0,0,0,0,0,0,0,0,0,0,0,0,0,0,0,0
2022-04-14,Thursday,April,2022,15,972.60,368,296.80,91,750.20,50,0,0,0,0,0,0,0,0,0,0,0,0,0,0,0,0
2022-04-15,Friday,April,2022,15,1129.00,434,473.20,136,421.00,29,0,0,0,0,0,0,0,0,0,0,0,0,0,0,0,0
2022-04-16,Saturday,April,2022,15,1529.10,597,517.80,156,865.30,59,0,0,0,0,0,0,0,0,0,0,0,0,0,0,0,0
2022-04-17,Sunday,April,2022,15,859.80,329,284.00,90,366.50,23,0,0,0,0,0,0,0,0,0,0,0,0,0,0,0,0
2022-04-18,Monday,April,2022,16,1207.10,468,338.00,107,302.50,22,0,0,0,0,0,0,0,0,0,0,0,0,0,0,0,0
2022-04-19,Tuesday,April,2022,16,987.90,385,231.20,73,529.40,37,0,0,0,0,0,0,0,0,0,0,0,0,0,0,0,0
2022-04-20,Wednesday,April,2022,16,1232.80,461,310.00,94,374.50,23,0,0,0,0,0,0,0,0,0,0,0,0,0,0,0,0
2022-04-21,Thursday,April,2022,16,1165.60,446,264.60,85,418.00,32,0,0,0,0,0,0,0,0,0,0,0,0,0,0,0,0
2022-04-22,Friday,April,2022,16,1384.10,532,346.50,105,401.70,24,0,0,0,0,0,0,0,0,0,0,0,0,0,0,0,0
2022-04-23,Saturday,April,2022,16,1559.90,607,489.00,143,673.20,42,0,0,0,0,0,0,0,0,0,0,0,0,0,0,0,0
2022-04-24,Sunday,April,2022,16,760.80,302,268.90,77,247.50,19,0,0,0,0,0,0,0,0,0,0,0,0,0,0,0,0
2022-04-25,Monday,April,2022,17,837.90,292,244.86,77,283.90,22,0,0,0,0,0,0,0,0,0,0,0,0,0,0,0,0
2022-04-26,Tuesday,April,2022,17,761.00,292,218.20,66,156.20,10,0,0,0,0,0,0,0,0,0,0,0,0,0,0,0,0
2022-04-27,Wednesday,April,2022,17,769.24,317,224.86,64,243.00,19,0,0,0,0,0,0,0,0,0,0,0,0,0,0,0,0
2022-04-28,Thursday,April,2022,17,1178.80,436,353.60,101,456.50,30,0,0,0,0,0,0,0,0,0,0,0,0,0,0,0,0
2022-04-29,Friday,April,2022,17,1088.30,437,366.20,105,412.50,23,0,0,0,0,0,0,0,0,0,0,0,0,0,0,0,0
2022-04-30,Saturday,April,2022,17,1313.10,496,437.00,123,1082.00,50,0,0,0,0,0,0,0,0,0,0,0,0,0,0,0,0
2022-05-01,Sunday,May,2022,17,1356.60,550,382.90,110,174.50,14,0,0,0,0,0,0,0,0,0,0,0,0,0,0,0,0
2022-05-02,Monday,May,2022,18,917.50,346,283.70,82,234.00,17,0,0,0,0,0,0,0,0,0,0,0,0,0,0,0,0
2022-05-03,Tuesday,May,2022,18,751.40,332,221.50,68,326.80,22,0,0,0,0,0,0,0,0,0,0,0,0,0,0,0,0
2022-05-04,Wednesday,May,2022,18,852.00,312,322.10,92,358.00,26,0,0,0,0,0,0,0,0,0,0,0,0,0,0,0,0
2022-05-05,Thursday,May,2022,18,887.16,337,302.30,92,319.94,21,0,0,0,0,0,0,0,0,0,0,0,0,0,0,0,0
2022-05-06,Friday,May,2022,18,1134.10,395,336.20,100,320.00,22,0,0,0,0,0,0,0,0,0,0,0,0,0,0,0,0
2022-05-07,Saturday,May,2022,18,1934.60,750,548.20,159,833.50,54,0,0,0,0,0,0,0,0,0,0,0,0,0,0,0,0
2022-05-08,Sunday,May,2022,18,1463.10,543,453.80,136,291.50,22,0,0,0,0,0,0,0,0,0,0,0,0,0,0,0,0
2022-05-09,Monday,May,2022,19,833.00,327,181.60,56,278.20,17,0,0,0,0,0,0,0,0,0,0,0,0,0,0,0,0
2022-05-10,Tuesday,May,2022,19,898.70,347,268.40,79,310.75,22,0,0,0,0,0,0,0,0,0,0,0,0,0,0,0,0
2022-05-11,Wednesday,May,2022,19,834.90,300,213.00,63,441.00,35,0,0,0,0,0,0,0,0,0,0,0,0,0,0,0,0
2022-05-12,Thursday,May,2022,19,921.80,355,280.20,87,270.20,19,0,0,0,0,0,0,0,0,0,0,0,0,0,0,0,0
2022-05-13,Friday,May,2022,19,1106.55,377,328.25,100,438.30,30,0,0,0,0,0,0,0,0,0,0,0,0,0,0,0,0
2022-05-14,Saturday,May,2022,19,1432.90,485,436.60,125,383.00,30,0,0,0,0,0,0,0,0,0,0,0,0,0,0,0,0
2022-05-15,Sunday,May,2022,19,1072.90,399,353.30,106,161.50,13,0,0,0,0,0,0,0,0,0,0,0,0,0,0,0,0
2022-05-16,Monday,May,2022,20,734.50,283,225.90,69,311.00,24,0,0,0,0,0,0,0,0,0,0,0,0,0,0,0,0
2022-05-17,Tuesday,May,2022,20,896.80,330,218.80,66,226.00,15,0,0,0,0,0,0,0,0,0,0,0,0,0,0,0,0
2022-05-18,Wednesday,May,2022,20,775.00,273,188.50,56,547.10,31,0,0,0,0,0,0,0,0,0,0,0,0,0,0,0,0
2022-05-19,Thursday,May,2022,20,862.40,305,267.60,81,190.00,16,0,0,0,0,0,0,0,0,0,0,0,0,0,0,0,0
2022-05-20,Friday,May,2022,20,969.60,332,269.83,82,402.52,31,0,0,0,0,0,0,0,0,0,0,0,0,0,0,0,0
2022-05-21,Saturday,May,2022,20,1526.80,546,471.00,136,740.90,54,0,0,0,0,0,0,0,0,0,0,0,0,0,0,0,0
2022-05-22,Sunday,May,2022,20,1295.80,479,390.80,119,240.50,19,0,0,0,0,0,0,0,0,0,0,0,0,0,0,0,0
2022-05-23,Monday,May,2022,21,781.80,260,234.90,69,373.00,26,0,0,0,0,0,0,0,0,0,0,0,0,0,0,0,0
2022-05-24,Tuesday,May,2022,21,1073.20,396,297.50,88,378.00,24,0,0,0,0,0,0,0,0,0,0,0,0,0,0,0,0
2022-05-25,Wednesday,May,2022,21,1077.70,391,288.50,86,531.00,41,0,0,0,0,0,0,0,0,0,0,0,0,0,0,0,0
2022-05-26,Thursday,May,2022,21,1395.95,503,442.80,127,670.65,37,0,0,0,0,0,0,0,0,0,0,0,0,0,0,0,0
2022-05-27,Friday,May,2022,21,1506.30,524,445.20,135,592.50,37,0,0,0,0,0,0,0,0,0,0,0,0,0,0,0,0
2022-05-28,Saturday,May,2022,21,1794.78,718,537.42,161,728.80,51,0,0,0,0,0,0,0,0,0,0,0,0,0,0,0,0
2022-05-29,Sunday,May,2022,21,1650.08,676,572.12,187,365.40,29,0,0,0,0,0,0,0,0,0,0,0,0,0,0,0,0
2022-05-30,Monday,May,2022,22,878.94,359,320.16,100,208.80,18,0,0,0,0,0,0,0,0,0,0,0,0,0,0,0,0
2022-05-31,Tuesday,May,2022,22,942.98,350,270.22,78,315.00,22,0,0,0,0,0,0,0,0,0,0,0,0,0,0,0,0
2022-06-01,Wednesday,June,2022,22,819.40,293,227.00,69,266.90,21,0,0,0,0,0,0,0,0,0,0,0,0,0,0,0,0
2022-06-02,Thursday,June,2022,22,1006.70,351,355.60,107,471.60,31,0,0,0,0,0,0,0,0,0,0,0,0,0,0,0,0
2022-06-03,Friday,June,2022,22,1027.40,362,286.60,86,779.20,42,0,0,0,0,0,0,0,0,0,0,0,0,0,0,0,0
2022-06-04,Saturday,June,2022,22,1358.65,491,478.25,141,541.50,42,0,0,0,0,0,0,0,0,0,0,0,0,0,0,0,0
2022-06-05,Sunday,June,2022,22,1203.10,424,432.30,138,147.50,13,0,0,0,0,0,0,0,0,0,0,0,0,0,0,0,0
2022-06-06,Monday,June,2022,23,1607.70,568,443.40,136,274.00,19,0,0,0,0,0,0,0,0,0,0,0,0,0,0,0,0
2022-06-07,Tuesday,June,2022,23,1005.30,369,356.90,104,151.50,12,0,0,0,0,0,0,0,0,0,0,0,0,0,0,0,0
2022-06-08,Wednesday,June,2022,23,870.80,348,260.00,81,430.40,30,0,0,0,0,0,0,0,0,0,0,0,0,0,0,0,0
2022-06-09,Thursday,June,2022,23,947.20,346,326.10,99,494.90,33,0,0,0,0,0,0,0,0,0,0,0,0,0,0,0,0
2022-06-10,Friday,June,2022,23,1106.20,450,334.17,99,393.43,28,0,0,0,0,0,0,0,0,0,0,0,0,0,0,0,0
2022-06-11,Saturday,June,2022,23,1158.70,406,346.60,102,500.00,33,0,0,0,0,0,0,0,0,0,0,0,0,0,0,0,0
2022-06-12,Sunday,June,2022,23,1090.70,409,323.00,95,163.50,10,0,0,0,0,0,0,0,0,0,0,0,0,0,0,0,0
2022-06-13,Monday,June,2022,24,796.00,288,255.60,77,197.50,13,0,0,0,0,0,0,0,0,0,0,0,0,0,0,0,0
2022-06-14,Tuesday,June,2022,24,994.80,357,260.00,82,234.20,15,0,0,0,0,0,0,0,0,0,0,0,0,0,0,0,0
2022-06-15,Wednesday,June,2022,24,847.70,287,214.20,64,557.50,40,0,0,0,0,0,0,0,0,0,0,0,0,0,0,0,0
2022-06-16,Thursday,June,2022,24,1110.25,387,376.45,109,347.00,25,0,0,0,0,0,0,0,0,0,0,0,0,0,0,0,0
2022-06-17,Friday,June,2022,24,1142.60,409,335.40,97,591.50,39,0,0,0,0,0,0,0,0,0,0,0,0,0,0,0,0
2022-06-18,Saturday,June,2022,24,1163.18,390,349.82,100,463.00,34,0,0,0,0,0,0,0,0,0,0,0,0,0,0,0,0
2022-06-19,Sunday,June,2022,24,779.00,255,286.60,90,82.50,6,0,0,0,0,0,0,0,0,0,0,0,0,0,0,0,0
2022-06-20,Monday,June,2022,25,758.90,281,240.80,71,542.50,36,0,0,0,0,0,0,0,0,0,0,0,0,0,0,0,0
2022-06-21,Tuesday,June,2022,25,805.10,278,221.60,67,200.50,16,0,0,0,0,0,0,0,0,0,0,0,0,0,0,0,0
2022-06-22,Wednesday,June,2022,25,811.40,275,292.40,88,362.70,23,0,0,0,0,0,0,0,0,0,0,0,0,0,0,0,0
2022-06-23,Thursday,June,2022,25,916.90,332,290.20,87,278.00,18,0,0,0,0,0,0,0,0,0,0,0,0,0,0,0,0
2022-06-24,Friday,June,2022,25,1031.10,385,409.80,127,490.30,30,0,0,0,0,0,0,0,0,0,0,0,0,0,0,0,0
2022-06-25,Saturday,June,2022,25,1750.60,642,503.20,154,451.50,35,0,0,0,0,0,0,0,0,0,0,0,0,0,0,0,0
2022-06-26,Sunday,June,2022,25,1451.40,479,444.50,137,307.00,23,0,0,0,0,0,0,0,0,0,0,0,0,0,0,0,0
2022-06-27,Monday,June,2022,26,1038.40,368,306.80,91,285.00,23,0,0,0,0,0,0,0,0,0,0,0,0,0,0,0,0
2022-06-28,Tuesday,June,2022,26,1006.65,349,368.05,109,382.00,29,0,0,0,0,0,0,0,0,0,0,0,0,0,0,0,0
2022-06-29,Wednesday,June,2022,26,954.30,356,338.60,104,267.00,23,0,0,0,0,0,0,0,0,0,0,0,0,0,0,0,0
2022-06-30,Thursday,June,2022,26,951.70,312,331.32,98,320.40,26,0,0,0,0,0,0,0,0,0,0,0,0,0,0,0,0
2022-07-01,Friday,July,2022,26,1046.90,467,307.60,93,309.90,22,0,0,0,0,0,0,0,0,0,0,0,0,0,0,0,0
2022-07-02,Saturday,July,2022,26,1584.30,616,434.60,131,600.00,48,0,0,0,0,0,0,0,0,0,0,0,0,0,0,0,0
2022-07-03,Sunday,July,2022,26,1146.00,400,342.00,106,162.05,13,0,0,0,0,0,0,0,0,0,0,0,0,0,0,0,0
2022-07-04,Monday,July,2022,27,941.10,323,295.80,89,257.30,22,0,0,0,0,0,0,0,0,0,0,0,0,0,0,0,0
2022-07-05,Tuesday,July,2022,27,1097.00,383,346.00,104,331.50,22,0,0,0,0,0,0,0,0,0,0,0,0,0,0,0,0
2022-07-06,Wednesday,July,2022,27,1108.20,396,347.50,104,430.50,29,0,0,0,0,0,0,0,0,0,0,0,0,0,0,0,0
2022-07-07,Thursday,July,2022,27,1154.88,433,370.22,109,293.00,27,0,0,0,0,0,0,0,0,0,0,0,0,0,0,0,0
2022-07-08,Friday,July,2022,27,1231.40,429,477.60,143,447.50,32,0,0,0,0,0,0,0,0,0,0,0,0,0,0,0,0
2022-07-09,Saturday,July,2022,27,1719.70,683,520.60,159,562.00,41,0,0,0,0,0,0,0,0,0,0,0,0,0,0,0,0
2022-07-10,Sunday,July,2022,27,1444.90,507,517.10,166,259.40,18,0,0,0,0,0,0,0,0,0,0,0,0,0,0,0,0
2022-07-11,Monday,July,2022,28,919.10,344,306.20,89,359.00,24,0,0,0,0,0,0,0,0,0,0,0,0,0,0,0,0
2022-07-12,Tuesday,July,2022,28,910.10,338,307.80,89,339.00,22,0,0,0,0,0,0,0,0,0,0,0,0,0,0,0,0
2022-07-13,Wednesday,July,2022,28,853.20,314,263.20,82,318.40,22,0,0,0,0,0,0,0,0,0,0,0,0,0,0,0,0
2022-07-14,Thursday,July,2022,28,981.60,358,286.90,91,371.70,23,0,0,0,0,0,0,0,0,0,0,0,0,0,0,0,0
2022-07-15,Friday,July,2022,28,943.47,346,300.23,86,369.00,25,0,0,0,0,0,0,0,0,0,0,0,0,0,0,0,0
2022-07-16,Saturday,July,2022,28,1736.80,687,461.40,131,723.80,47,0,0,0,0,0,0,0,0,0,0,0,0,0,0,0,0
2022-07-17,Sunday,July,2022,28,1542.80,558,452.60,133,304.20,22,0,0,0,0,0,0,0,0,0,0,0,0,0,0,0,0
2022-07-18,Monday,July,2022,29,701.20,239,208.60,64,471.10,30,0,0,0,0,0,0,0,0,0,0,0,0,0,0,0,0
2022-07-19,Tuesday,July,2022,29,754.90,263,221.70,67,149.50,11,0,0,0,0,0,0,0,0,0,0,0,0,0,0,0,0
2022-07-20,Wednesday,July,2022,29,829.92,292,293.08,86,324.00,23,0,0,0,0,0,0,0,0,0,0,0,0,0,0,0,0
2022-07-21,Thursday,July,2022,29,1071.70,339,314.80,95,516.30,34,0,0,0,0,0,0,0,0,0,0,0,0,0,0,0,0
2022-07-22,Friday,July,2022,29,1022.70,343,343.30,98,585.50,43,0,0,0,0,0,0,0,0,0,0,0,0,0,0,0,0
2022-07-23,Saturday,July,2022,29,1618.30,566,517.70,146,666.30,52,0,0,0,0,0,0,0,0,0,0,0,0,0,0,0,0
2022-07-24,Sunday,July,2022,29,1320.80,419,432.60,125,378.50,32,0,0,0,0,0,0,0,0,0,0,0,0,0,0,0,0
2022-07-25,Monday,July,2022,30,2112.30,723,649.40,197,819.40,63,0,0,0,0,0,0,0,0,0,0,0,0,0,0,0,0
2022-07-27,Wednesday,July,2022,30,1276.20,466,387.80,112,461.90,30,0,0,0,0,0,0,0,0,0,0,0,0,0,0,0,0
2022-07-28,Thursday,July,2022,30,1092.00,394,397.90,119,507.00,37,0,0,0,0,0,0,0,0,0,0,0,0,0,0,0,0
2022-07-29,Friday,July,2022,30,1392.20,501,460.90,131,371.00,28,0,0,0,0,0,0,0,0,0,0,0,0,0,0,0,0
2022-07-30,Saturday,July,2022,30,1751.90,629,535.00,157,642.50,44,0,0,0,0,0,0,0,0,0,0,0,0,0,0,0,0
2022-07-31,Sunday,July,2022,30,1485.20,519,462.80,139,353.50,23,0,0,0,0,0,0,0,0,0,0,0,0,0,0,0,0
2022-08-01,Monday,August,2022,31,1142.50,506,337.70,100,247.30,17,0,0,0,0,0,0,0,0,0,0,0,0,0,0,0,0
2022-08-02,Tuesday,August,2022,31,1118.20,390,389.20,115,287.50,23,0,0,0,0,0,0,0,0,0,0,0,0,0,0,0,0
2022-08-03,Wednesday,August,2022,31,911.10,314,262.00,82,264.50,21,0,0,0,0,0,0,0,0,0,0,0,0,0,0,0,0
2022-08-04,Thursday,August,2022,31,809.80,345,208.80,59,407.50,29,0,0,0,0,0,0,0,0,0,0,0,0,0,0,0,0
2022-08-05,Friday,August,2022,31,1111.60,387,385.90,112,557.00,35,0,0,0,0,0,0,0,0,0,0,0,0,0,0,0,0
2022-08-06,Saturday,August,2022,31,1706.70,655,581.00,166,739.00,51,0,0,0,0,0,0,0,0,0,0,0,0,0,0,0,0
2022-08-07,Sunday,August,2022,31,1315.50,468,432.60,132,300.50,22,0,0,0,0,0,0,0,0,0,0,0,0,0,0,0,0
2022-08-08,Monday,August,2022,32,1015.80,360,346.70,101,294.40,23,0,0,0,0,0,0,0,0,0,0,0,0,0,0,0,0
2022-08-09,Tuesday,August,2022,32,1138.00,375,351.70,102,420.80,30,0,0,0,0,0,0,0,0,0,0,0,0,0,0,0,0
2022-08-10,Wednesday,August,2022,32,1078.50,414,372.50,112,313.40,22,0,0,0,0,0,0,0,0,0,0,0,0,0,0,0,0
2022-08-11,Thursday,August,2022,32,1994.70,685,565.50,167,593.65,48,0,0,0,0,0,0,0,0,0,0,0,0,0,0,0,0
2022-08-13,Saturday,August,2022,32,1694.57,573,556.83,159,557.50,40,0,0,0,0,0,0,0,0,0,0,0,0,0,0,0,0
2022-08-14,Sunday,August,2022,32,1298.60,422,382.20,113,275.00,20,0,0,0,0,0,0,0,0,0,0,0,0,0,0,0,0
2022-08-15,Monday,August,2022,33,1059.80,348,292.70,85,305.50,22,0,0,0,0,0,0,0,0,0,0,0,0,0,0,0,0
2022-08-16,Tuesday,August,2022,33,958.50,308,315.20,91,304.20,25,0,0,0,0,0,0,0,0,0,0,0,0,0,0,0,0
2022-08-17,Wednesday,August,2022,33,1129.20,416,335.40,101,460.00,30,0,0,0,0,0,0,0,0,0,0,0,0,0,0,0,0
2022-08-18,Thursday,August,2022,33,987.70,341,337.40,98,340.90,29,0,0,0,0,0,0,0,0,0,0,0,0,0,0,0,0
2022-08-19,Friday,August,2022,33,1013.30,340,347.00,105,489.45,36,0,0,0,0,0,0,0,0,0,0,0,0,0,0,0,0
2022-08-20,Saturday,August,2022,33,1583.30,536,588.80,175,555.00,44,0,0,0,0,0,0,0,0,0,0,0,0,0,0,0,0
2022-08-21,Sunday,August,2022,33,1429.60,514,525.00,150,219.00,17,0,0,0,0,0,0,0,0,0,0,0,0,0,0,0,0
2022-08-22,Monday,August,2022,34,927.80,330,241.90,70,499.55,22,0,0,0,0,0,0,0,0,0,0,0,0,0,0,0,0
2022-08-23,Tuesday,August,2022,34,929.90,346,283.60,82,285.40,21,0,0,0,0,0,0,0,0,0,0,0,0,0,0,0,0
2022-08-24,Wednesday,August,2022,34,1001.50,372,306.40,89,306.00,18,0,0,0,0,0,0,0,0,0,0,0,0,0,0,0,0
2022-08-25,Thursday,August,2022,34,867.60,287,299.20,88,348.40,24,0,0,0,0,0,0,0,0,0,0,0,0,0,0,0,0
2022-08-26,Friday,August,2022,34,821.50,267,316.80,94,332.80,26,0,0,0,0,0,0,0,0,0,0,0,0,0,0,0,0
2022-08-27,Saturday,August,2022,34,1308.40,433,454.60,142,313.50,19,0,0,0,0,0,0,0,0,0,0,0,0,0,0,0,0
2022-08-28,Sunday,August,2022,34,1569.10,545,543.80,159,264.00,20,0,0,0,0,0,0,0,0,0,0,0,0,0,0,0,0
2022-08-29,Monday,August,2022,35,1074.90,391,334.80,103,340.60,26,0,0,0,0,0,0,0,0,0,0,0,0,0,0,0,0
2022-08-30,Tuesday,August,2022,35,1010.60,377,260.40,77,326.00,22,0,0,0,0,0,0,0,0,0,0,0,0,0,0,0,0
2022-08-31,Wednesday,August,2022,35,935.40,313,293.90,85,402.20,24,0,0,0,0,0,0,0,0,0,0,0,0,0,0,0,0
2022-09-01,Thursday,September,2022,35,1038.90,359,352.30,105,410.50,31,0,0,0,0,0,0,0,0,0,0,0,0,0,0,0,0
2022-09-02,Friday,September,2022,35,1128.00,373,359.60,106,382.00,27,0,0,0,0,0,0,0,0,0,0,0,0,0,0,0,0
2022-09-03,Saturday,September,2022,35,1515.60,531,498.40,148,418.00,28,0,0,0,0,0,0,0,0,0,0,0,0,0,0,0,0
2022-09-04,Sunday,September,2022,35,1473.10,507,534.80,156,237.30,16,0,0,0,0,0,0,0,0,0,0,0,0,0,0,0,0
2022-09-05,Monday,September,2022,36,917.70,330,326.20,97,334.50,27,0,0,0,0,0,0,0,0,0,0,0,0,0,0,0,0
2022-09-06,Tuesday,September,2022,36,1129.30,378,285.80,89,244.20,22,0,0,0,0,0,0,0,0,0,0,0,0,0,0,0,0
2022-09-07,Wednesday,September,2022,36,1074.60,382,322.30,97,246.50,17,0,0,0,0,0,0,0,0,0,0,0,0,0,0,0,0
2022-09-08,Thursday,September,2022,36,1038.30,382,314.00,97,473.20,32,0,0,0,0,0,0,0,0,0,0,0,0,0,0,0,0
2022-09-09,Friday,September,2022,36,901.17,320,343.26,100,219.17,20,0,0,0,0,0,0,0,0,0,0,0,0,0,0,0,0
2022-09-10,Saturday,September,2022,36,1729.10,650,532.20,155,569.65,38,0,0,0,0,0,0,0,0,0,0,0,0,0,0,0,0
2022-09-11,Sunday,September,2022,36,1225.30,429,486.60,146,423.00,28,0,0,0,0,0,0,0,0,0,0,0,0,0,0,0,0
2022-09-12,Monday,September,2022,37,1032.70,366,355.00,108,309.00,24,0,0,0,0,0,0,0,0,0,0,0,0,0,0,0,0
2022-09-13,Tuesday,September,2022,37,1049.00,378,312.50,88,376.20,22,0,0,0,0,0,0,0,0,0,0,0,0,0,0,0,0
2022-09-14,Wednesday,September,2022,37,803.60,285,276.20,78,259.70,18,0,0,0,0,0,0,0,0,0,0,0,0,0,0,0,0
2022-09-15,Thursday,September,2022,37,981.90,329,301.60,88,417.33,30,0,0,0,0,0,0,0,0,0,0,0,0,0,0,0,0
2022-09-16,Friday,September,2022,37,964.40,377,324.90,95,523.10,35,0,0,0,0,0,0,0,0,0,0,0,0,0,0,0,0
2022-09-17,Saturday,September,2022,37,1766.80,732,504.20,143,470.40,34,0,0,0,0,0,0,0,0,0,0,0,0,0,0,0,0
2022-09-18,Sunday,September,2022,37,1648.90,626,561.80,168,177.00,9,0,0,0,0,0,0,0,0,0,0,0,0,0,0,0,0
2022-09-19,Monday,September,2022,38,853.50,321,282.80,83,381.40,24,0,0,0,0,0,0,0,0,0,0,0,0,0,0,0,0
2022-09-20,Tuesday,September,2022,38,898.86,373,259.20,75,380.94,22,0,0,0,0,0,0,0,0,0,0,0,0,0,0,0,0
2022-09-21,Wednesday,September,2022,38,1176.40,425,314.50,88,355.40,26,0,0,0,0,0,0,0,0,0,0,0,0,0,0,0,0
2022-09-22,Thursday,September,2022,38,1378.00,509,358.80,104,287.90,22,0,0,0,0,0,0,0,0,0,0,0,0,0,0,0,0
2022-09-23,Friday,September,2022,38,1171.80,401,358.00,102,471.80,32,0,0,0,0,0,0,0,0,0,0,0,0,0,0,0,0
2022-09-24,Saturday,September,2022,38,1277.70,488,436.20,121,659.00,45,0,0,0,0,0,0,0,0,0,0,0,0,0,0,0,0
2022-09-25,Sunday,September,2022,38,1411.20,564,437.22,124,310.28,22,0,0,0,0,0,0,0,0,0,0,0,0,0,0,0,0
2022-09-26,Monday,September,2022,39,882.00,338,325.00,89,175.40,16,0,0,0,0,0,0,0,0,0,0,0,0,0,0,0,0
2022-09-27,Tuesday,September,2022,39,817.10,327,265.40,74,300.50,20,0,0,0,0,0,0,0,0,0,0,0,0,0,0,0,0
2022-09-28,Wednesday,September,2022,39,847.20,373,259.40,74,442.50,33,0,0,0,0,0,0,0,0,0,0,0,0,0,0,0,0
2022-09-29,Thursday,September,2022,39,954.00,378,291.70,85,270.00,15,0,0,0,0,0,0,0,0,0,0,0,0,0,0,0,0
2022-09-30,Friday,September,2022,39,1192.20,433,348.80,100,378.20,26,0,0,0,0,0,0,0,0,0,0,0,0,0,0,0,0
2022-10-01,Saturday,October,2022,39,1559.70,596,504.00,143,470.50,36,0,0,0,0,0,0,0,0,0,0,0,0,0,0,0,0
2022-10-02,Sunday,October,2022,39,1213.10,434,496.60,144,335.50,21,0,0,0,0,0,0,0,0,0,0,0,0,0,0,0,0
2022-10-03,Monday,October,2022,40,1524.60,735,496.00,145,204.70,15,0,0,0,0,0,0,0,0,0,0,0,0,0,0,0,0
2022-10-04,Tuesday,October,2022,40,917.60,306,255.40,73,311.20,22,0,0,0,0,0,0,0,0,0,0,0,0,0,0,0,0
2022-10-05,Wednesday,October,2022,40,970.50,359,295.60,85,442.50,34,0,0,0,0,0,0,0,0,0,0,0,0,0,0,0,0
2022-10-06,Thursday,October,2022,40,881.90,351,255.00,74,571.35,37,0,0,0,0,0,0,0,0,0,0,0,0,0,0,0,0
2022-10-07,Friday,October,2022,40,1245.60,432,419.00,122,389.50,26,0,0,0,0,0,0,0,0,0,0,0,0,0,0,0,0
2022-10-08,Saturday,October,2022,40,1888.20,721,609.80,173,544.50,38,0,0,0,0,0,0,0,0,0,0,0,0,0,0,0,0
2022-10-09,Sunday,October,2022,40,1482.90,542,558.20,156,241.40,17,0,0,0,0,0,0,0,0,0,0,0,0,0,0,0,0
2022-10-10,Monday,October,2022,41,1029.70,378,377.80,107,282.70,20,0,0,0,0,0,0,0,0,0,0,0,0,0,0,0,0
2022-10-11,Tuesday,October,2022,41,870.70,302,267.60,76,339.70,21,0,0,0,0,0,0,0,0,0,0,0,0,0,0,0,0
2022-10-12,Wednesday,October,2022,41,1005.40,433,327.60,93,309.75,19,0,0,0,0,0,0,0,0,0,0,0,0,0,0,0,0
2022-10-13,Thursday,October,2022,41,981.80,384,281.60,79,267.50,16,0,0,0,0,0,0,0,0,0,0,0,0,0,0,0,0
2022-10-14,Friday,October,2022,41,1140.80,448,374.12,104,258.78,20,0,0,0,0,0,0,0,0,0,0,0,0,0,0,0,0
2022-10-15,Saturday,October,2022,41,1590.00,663,524.20,142,939.90,57,0,0,0,0,0,0,0,0,0,0,0,0,0,0,0,0
2022-10-16,Sunday,October,2022,41,1625.70,621,529.40,142,266.50,23,0,0,0,0,0,0,0,0,0,0,0,0,0,0,0,0
2022-10-17,Monday,October,2022,42,1114.50,476,326.80,92,307.70,20,0,0,0,0,0,0,0,0,0,0,0,0,0,0,0,0
2022-10-18,Tuesday,October,2022,42,1026.00,342,283.60,79,309.40,20,0,0,0,0,0,0,0,0,0,0,0,0,0,0,0,0
2022-10-19,Wednesday,October,2022,42,999.10,378,292.00,75,221.00,21,0,0,0,0,0,0,0,0,0,0,0,0,0,0,0,0
2022-10-20,Thursday,October,2022,42,993.30,389,362.00,101,403.00,26,0,0,0,0,0,0,0,0,0,0,0,0,0,0,0,0
2022-10-21,Friday,October,2022,42,1006.90,379,334.70,89,538.90,35,0,0,0,0,0,0,0,0,0,0,0,0,0,0,0,0
2022-10-22,Saturday,October,2022,42,2310.60,833,618.20,175,689.20,51,0,0,0,0,0,0,0,0,0,0,0,0,0,0,0,0
2022-10-23,Sunday,October,2022,42,1966.10,745,554.40,157,193.30,17,0,0,0,0,0,0,0,0,0,0,0,0,0,0,0,0
2022-10-24,Monday,October,2022,43,822.80,325,273.60,78,338.00,21,0,0,0,0,0,0,0,0,0,0,0,0,0,0,0,0
2022-10-25,Tuesday,October,2022,43,1191.80,429,347.10,100,560.00,35,0,0,0,0,0,0,0,0,0,0,0,0,0,0,0,0
2022-10-26,Wednesday,October,2022,43,1052.50,387,288.60,79,260.50,19,0,0,0,0,0,0,0,0,0,0,0,0,0,0,0,0
2022-10-27,Thursday,October,2022,43,1154.00,441,399.30,119,422.50,30,0,0,0,0,0,0,0,0,0,0,0,0,0,0,0,0
2022-10-28,Friday,October,2022,43,1192.30,460,389.80,106,584.00,42,0,0,0,0,0,0,0,0,0,0,0,0,0,0,0,0
2022-10-29,Saturday,October,2022,43,1902.80,731,677.40,186,808.55,47,0,0,0,0,0,0,0,0,0,0,0,0,0,0,0,0
2022-10-30,Sunday,October,2022,43,1745.30,622,639.90,176,340.20,26,0,0,0,0,0,0,0,0,0,0,0,0,0,0,0,0
2022-10-31,Monday,October,2022,44,1429.80,558,501.60,144,664.90,45,0,0,0,0,0,0,0,0,0,0,0,0,0,0,0,0
2022-11-01,Tuesday,November,2022,44,1643.30,591,580.60,163,282.20,17,0,0,0,0,0,0,0,0,0,0,0,0,0,0,0,0
2022-11-02,Wednesday,November,2022,44,1053.80,373,330.60,92,380.10,27,0,0,0,0,0,0,0,0,0,0,0,0,0,0,0,0
2022-11-03,Thursday,November,2022,44,1086.60,446,319.60,95,365.50,24,0,0,0,0,0,0,0,0,0,0,0,0,0,0,0,0
2022-11-04,Friday,November,2022,44,1162.80,412,357.60,100,387.50,23,0,0,0,0,0,0,0,0,0,0,0,0,0,0,0,0
2022-11-05,Saturday,November,2022,44,1740.80,621,593.30,163,930.50,58,0,0,0,0,0,0,0,0,0,0,0,0,0,0,0,0
2022-11-06,Sunday,November,2022,44,1424.70,559,482.00,132,217.06,19,0,0,0,0,0,0,0,0,0,0,0,0,0,0,0,0
2022-11-07,Monday,November,2022,45,1035.10,342,272.20,78,255.00,19,0,0,0,0,0,0,0,0,0,0,0,0,0,0,0,0
2022-11-08,Tuesday,November,2022,45,894.30,336,284.00,81,286.60,21,0,0,0,0,0,0,0,0,0,0,0,0,0,0,0,0
2022-11-09,Wednesday,November,2022,45,796.70,264,202.40,58,274.50,19,0,0,0,0,0,0,0,0,0,0,0,0,0,0,0,0
2022-11-10,Thursday,November,2022,45,914.10,342,270.50,80,465.00,25,0,0,0,0,0,0,0,0,0,0,0,0,0,0,0,0
2022-11-11,Friday,November,2022,45,1141.00,362,412.60,119,450.60,30,0,0,0,0,0,0,0,0,0,0,0,0,0,0,0,0
2022-11-12,Saturday,November,2022,45,1906.20,663,683.20,193,1107.80,79,0,0,0,0,0,0,0,0,0,0,0,0,0,0,0,0
2022-11-13,Sunday,November,2022,45,1768.60,627,589.50,171,307.06,23,0,0,0,0,0,0,0,0,0,0,0,0,0,0,0,0
2022-11-14,Monday,November,2022,46,764.40,248,284.60,80,330.90,21,0,0,0,0,0,0,0,0,0,0,0,0,0,0,0,0
2022-11-15,Tuesday,November,2022,46,796.50,287,284.20,83,255.20,16,0,0,0,0,0,0,0,0,0,0,0,0,0,0,0,0
2022-11-16,Wednesday,November,2022,46,905.90,337,280.00,80,317.40,19,0,0,0,0,0,0,0,0,0,0,0,0,0,0,0,0
2022-11-17,Thursday,November,2022,46,902.50,351,282.50,86,378.18,36,0,0,0,0,0,0,0,0,0,0,0,0,0,0,0,0
2022-11-18,Friday,November,2022,46,911.20,371,347.70,100,863.50,40,0,0,0,0,0,0,0,0,0,0,0,0,0,0,0,0
2022-11-19,Saturday,November,2022,46,1794.40,582,585.20,161,664.90,45,0,0,0,0,0,0,0,0,0,0,0,0,0,0,0,0
2022-11-20,Sunday,November,2022,46,1340.70,517,557.90,160,285.50,23,0,0,0,0,0,0,0,0,0,0,0,0,0,0,0,0
2022-11-21,Monday,November,2022,47,787.90,329,289.20,79,293.40,18,0,0,0,0,0,0,0,0,0,0,0,0,0,0,0,0
2022-11-22,Tuesday,November,2022,47,783.20,332,262.40,78,497.45,31,0,0,0,0,0,0,0,0,0,0,0,0,0,0,0,0
2022-11-23,Wednesday,November,2022,47,953.10,830,369.40,109,416.30,29,0,0,0,0,0,0,0,0,0,0,0,0,0,0,0,0
2022-11-24,Thursday,November,2022,47,965.90,324,261.00,78,470.30,32,0,0,0,0,0,0,0,0,0,0,0,0,0,0,0,0
2022-11-25,Friday,November,2022,47,914.50,306,407.70,115,399.60,27,0,0,0,0,0,0,0,0,0,0,0,0,0,0,0,0
2022-11-26,Saturday,November,2022,47,1826.40,691,548.00,164,762.40,45,0,0,0,0,0,0,0,0,0,0,0,0,0,0,0,0
2022-11-27,Sunday,November,2022,47,1193.30,431,457.60,134,211.70,15,0,0,0,0,0,0,0,0,0,0,0,0,0,0,0,0
2022-11-28,Monday,November,2022,48,796.20,281,163.90,49,347.00,29,0,0,0,0,0,0,0,0,0,0,0,0,0,0,0,0
2022-11-29,Tuesday,November,2022,48,661.50,221,189.40,55,433.50,30,0,0,0,0,0,0,0,0,0,0,0,0,0,0,0,0
2022-11-30,Wednesday,November,2022,48,896.40,321,238.60,68,574.90,33,0,0,0,0,0,0,0,0,0,0,0,0,0,0,0,0
2022-12-01,Thursday,December,2022,48,775.50,276,186.40,56,497.20,33,0,0,0,0,0,0,0,0,0,0,0,0,0,0,0,0
2022-12-02,Friday,December,2022,48,847.10,322,271.20,78,412.20,29,0,0,0,0,0,0,0,0,0,0,0,0,0,0,0,0
2022-12-03,Saturday,December,2022,48,1580.30,547,472.00,134,1386.00,89,0,0,0,0,0,0,0,0,0,0,0,0,0,0,0,0
2022-12-04,Sunday,December,2022,48,1312.50,439,322.20,91,424.50,28,0,0,0,0,0,0,0,0,0,0,0,0,0,0,0,0
2022-12-05,Monday,December,2022,49,695.30,232,194.10,55,415.10,33,0,0,0,0,0,0,0,0,0,0,0,0,0,0,0,0
2022-12-06,Tuesday,December,2022,49,594.30,210,202.60,59,341.00,25,0,0,0,0,0,0,0,0,0,0,0,0,0,0,0,0
2022-12-07,Wednesday,December,2022,49,755.00,276,233.20,65,399.20,31,0,0,0,0,0,0,0,0,0,0,0,0,0,0,0,0
2022-12-08,Thursday,December,2022,49,972.90,395,300.30,87,597.50,39,0,0,0,0,0,0,0,0,0,0,0,0,0,0,0,0
2022-12-09,Friday,December,2022,49,989.50,337,348.40,101,424.50,25,0,0,0,0,0,0,0,0,0,0,0,0,0,0,0,0
2022-12-10,Saturday,December,2022,49,1675.70,576,429.40,120,1254.00,86,0,0,0,0,0,0,0,0,0,0,0,0,0,0,0,0
2022-12-11,Sunday,December,2022,49,1570.70,556,427.20,122,512.00,34,0,0,0,0,0,0,0,0,0,0,0,0,0,0,0,0
2022-12-12,Monday,December,2022,50,914.30,382,255.40,73,473.25,35,0,0,0,0,0,0,0,0,0,0,0,0,0,0,0,0
2022-12-13,Tuesday,December,2022,50,713.00,245,183.40,53,445.20,32,0,0,0,0,0,0,0,0,0,0,0,0,0,0,0,0
2022-12-14,Wednesday,December,2022,50,666.10,253,183.80,52,669.10,39,0,0,0,0,0,0,0,0,0,0,0,0,0,0,0,0
2022-12-15,Thursday,December,2022,50,655.00,220,231.90,70,981.50,63,0,0,0,0,0,0,0,0,0,0,0,0,0,0,0,0
2022-12-16,Friday,December,2022,50,1003.40,314,369.90,105,891.00,64,0,0,0,0,0,0,0,0,0,0,0,0,0,0,0,0
