date,day_of_week,month,year,week_of_year,Getränke_sales,Getränke_count,Speisen_sales,Speisen_count,Sonstiges_sales,Sonstiges_count,Milchmischgetränke_sales,Milchmischgetränke_count,Hafer_sales,Hafer_count,Röstkaffee_sales,Röstkaffee_count,Kaffee_sales,Kaffee_count,Non Kaffee_sales,Non Kaffee_count,Equipment__sales,Equipment__count,Summer_sales,Summer_count,Decaf_sales,Decaf_count,precipitation,temperature_mean,temperature_max,temperature_min,sunshine_duration,cloud_cover,wind_speed,humidity,pressure,snow_depth
2021-01-02,Saturday,January,2021,53,692.9,486,125.4,43,424.25,29,0,0,0,0,0,0,0,0,0,0,0,0,0,0,0,0,8.0,0.0,10.0,-16.0,0.0,8.0,22.0,89.0,10127.0,0.0
2021-01-04,Monday,January,2021,1,429.2,297,37.0,15,265.0,21,0,0,0,0,0,0,0,0,0,0,0,0,0,0,0,0,0.0,0.0,9.0,-9.0,0.0,8.0,21.0,89.0,10134.0,0.0
2021-01-05,Tuesday,January,2021,1,392.8,309,54.4,19,243.5,22,0,0,0,0,0,0,0,0,0,0,0,0,0,0,0,0,10.0,5.0,11.0,-4.0,0.0,8.0,22.0,92.0,10125.0,0.0
2021-01-07,Thursday,January,2021,1,493.2,290,34.6,12,445.75,31,0,0,0,0,0,0,0,0,0,0,0,0,0,0,0,0,1.0,3.0,13.0,-10.0,0.0,8.0,15.0,89.0,10153.0,3.0
2021-01-08,Friday,January,2021,1,557.5,350,50.6,16,280.5,21,0,0,0,0,0,0,0,0,0,0,0,0,0,0,0,0,0.0,0.0,11.0,-19.0,1.0,7.0,20.0,84.0,10163.0,1.0
2021-01-09,Saturday,January,2021,1,771.4,538,112.4,36,720.05,42,0,0,0,0,0,0,0,0,0,0,0,0,0,0,0,0,0.0,-11.0,6.0,-35.0,5.0,6.0,19.0,86.0,10219.0,0.0
2021-01-11,Monday,January,2021,2,363.8,222,48.8,16,289.5,21,0,0,0,0,0,0,0,0,0,0,0,0,0,0,0,0,0.0,-42.0,-10.0,-89.0,80.0,3.0,13.0,81.0,10248.0,0.0
2021-01-12,Tuesday,January,2021,2,291.6,183,72.2,23,296.5,19,0,0,0,0,0,0,0,0,0,0,0,0,0,0,0,0,48.0,9.0,25.0,-24.0,0.0,8.0,48.0,84.0,10154.0,0.0
2021-01-13,Wednesday,January,2021,2,437.6,309,65.8,23,291.5,21,0,0,0,0,0,0,0,0,0,0,0,0,0,0,0,0,22.0,13.0,32.0,-13.0,18.0,7.0,28.0,84.0,10188.0,0.0
2021-01-14,Thursday,January,2021,2,438.0,313,81.4,29,262.5,19,0,0,0,0,0,0,0,0,0,0,0,0,0,0,0,0,0.0,4.0,20.0,-10.0,0.0,8.0,26.0,89.0,10183.0,0.0
2021-01-15,Friday,January,2021,2,668.6,439,57.4,18,379.0,30,0,0,0,0,0,0,0,0,0,0,0,0,0,0,0,0,0.0,-13.0,11.0,-39.0,82.0,6.0,29.0,78.0,10228.0,0.0
2021-01-16,Saturday,January,2021,2,889.22,648,92.2,31,800.08,55,0,0,0,0,0,0,0,0,0,0,0,0,0,0,0,0,29.0,-14.0,17.0,-37.0,15.0,8.0,21.0,80.0,10273.0,0.0
2021-01-18,Monday,January,2021,3,390.4,249,63.0,20,254.0,19,0,0,0,0,0,0,0,0,0,0,0,0,0,0,0,0,0.0,14.0,25.0,0.0,0.0,7.0,26.0,84.0,10265.0,5.0
2021-01-19,Tuesday,January,2021,3,337.1,249,68.8,22,376.25,32,0,0,0,0,0,0,0,0,0,0,0,0,0,0,0,0,0.0,16.0,45.0,-16.0,10.0,7.0,28.0,72.0,10201.0,3.0
2021-01-20,Wednesday,January,2021,3,424.9,304,61.0,19,229.0,19,0,0,0,0,0,0,0,0,0,0,0,0,0,0,0,0,0.0,31.0,71.0,-6.0,2.0,7.0,13.0,73.0,10104.0,1.0
2021-01-21,Thursday,January,2021,3,561.1,439,66.6,22,308.0,25,0,0,0,0,0,0,0,0,0,0,0,0,0,0,0,0,5.0,86.0,122.0,4.0,29.0,7.0,43.0,63.0,10017.0,0.0
2021-01-22,Friday,January,2021,3,707.6,526,94.4,33,456.4,30,0,0,0,0,0,0,0,0,0,0,0,0,0,0,0,0,75.0,79.0,134.0,1.0,39.0,7.0,50.0,74.0,9949.0,0.0
2021-01-23,Saturday,January,2021,3,991.2,753,144.2,49,412.1,28,0,0,0,0,0,0,0,0,0,0,0,0,0,0,0,0,12.0,17.0,43.0,1.0,24.0,7.0,29.0,88.0,9985.0,0.0
2021-01-25,Monday,January,2021,4,406.1,269,42.6,14,303.5,22,0,0,0,0,0,0,0,0,0,0,0,0,0,0,0,0,29.0,-3.0,15.0,-29.0,0.0,7.0,20.0,90.0,10044.0,0.0
2021-01-26,Tuesday,January,2021,4,503.0,348,55.6,18,409.5,32,0,0,0,0,0,0,0,0,0,0,0,0,0,0,0,0,0.0,2.0,25.0,-22.0,12.0,7.0,45.0,77.0,10189.0,3.0
2021-01-27,Wednesday,January,2021,4,378.4,289,98.0,34,268.0,22,0,0,0,0,0,0,0,0,0,0,0,0,0,0,0,0,14.0,-1.0,21.0,-23.0,0.0,8.0,17.0,88.0,10186.0,1.0
2021-01-28,Thursday,January,2021,4,413.6,321,34.0,12,111.0,8,0,0,0,0,0,0,0,0,0,0,0,0,0,0,0,0,89.0,59.0,104.0,18.0,3.0,7.0,32.0,90.0,10088.0,0.0
2021-01-29,Friday,January,2021,4,597.9,417,62.8,24,489.5,38,0,0,0,0,0,0,0,0,0,0,0,0,0,0,0,0,31.0,79.0,101.0,57.0,21.0,7.0,46.0,83.0,10020.0,0.0
2021-01-30,Saturday,January,2021,4,800.5,621,105.0,38,1001.3,71,0,0,0,0,0,0,0,0,0,0,0,0,0,0,0,0,63.0,53.0,69.0,24.0,0.0,8.0,28.0,89.0,10012.0,0.0
2021-02-01,Monday,February,2021,5,402.9,308,43.0,15,271.75,21,0,0,0,0,0,0,0,0,0,0,0,0,0,0,0,0,96.0,55.0,90.0,17.0,0.0,8.0,17.0,94.0,9953.0,0.0
2021-02-02,Tuesday,February,2021,5,530.7,376,31.8,10,238.75,19,0,0,0,0,0,0,0,0,0,0,0,0,0,0,0,0,21.0,78.0,112.0,33.0,0.0,7.0,23.0,90.0,10046.0,0.0
2021-02-03,Wednesday,February,2021,5,380.0,296,57.2,19,241.5,16,0,0,0,0,0,0,0,0,0,0,0,0,0,0,0,0,91.0,94.0,110.0,65.0,0.0,7.0,37.0,85.0,10038.0,0.0
2021-02-04,Thursday,February,2021,5,774.8,623,48.8,18,402.5,28,0,0,0,0,0,0,0,0,0,0,0,0,0,0,0,0,19.0,69.0,95.0,21.0,54.0,6.0,19.0,79.0,10145.0,0.0
2021-02-05,Friday,February,2021,5,744.8,580,86.2,32,368.75,24,0,0,0,0,0,0,0,0,0,0,0,0,0,0,0,0,37.0,71.0,96.0,53.0,0.0,8.0,11.0,95.0,10133.0,0.0
2021-02-06,Saturday,February,2021,5,1357.1,1058,260.6,91,736.5,55,0,0,0,0,0,0,0,0,0,0,0,0,0,0,0,0,0.0,64.0,78.0,47.0,0.0,8.0,14.0,97.0,10069.0,0.0
2021-02-08,Monday,February,2021,6,424.4,332,110.8,37,341.25,26,0,0,0,0,0,0,0,0,0,0,0,0,0,0,0,0,11.0,15.0,53.0,-22.0,12.0,8.0,20.0,87.0,9971.0,0.0
2021-02-09,Tuesday,February,2021,6,446.0,347,126.8,43,300.25,21,0,0,0,0,0,0,0,0,0,0,0,0,0,0,0,0,18.0,-30.0,-15.0,-53.0,0.0,8.0,25.0,91.0,10035.0,0.0
2021-02-10,Wednesday,February,2021,6,393.9,295,82.4,26,243.5,16,0,0,0,0,0,0,0,0,0,0,0,0,0,0,0,0,33.0,-67.0,-52.0,-87.0,0.0,8.0,39.0,84.0,10078.0,0.0
2021-02-11,Thursday,February,2021,6,560.0,404,129.6,39,311.0,24,0,0,0,0,0,0,0,0,0,0,0,0,0,0,0,0,0.0,-90.0,-19.0,-144.0,94.0,2.0,20.0,76.0,10277.0,8.0
2021-02-12,Friday,February,2021,6,698.7,540,116.6,37,339.0,23,0,0,0,0,0,0,0,0,0,0,0,0,0,0,0,0,0.0,-85.0,-38.0,-134.0,93.0,2.0,37.0,74.0,10314.0,7.0
2021-02-13,Saturday,February,2021,6,1085.7,903,216.8,71,515.0,33,0,0,0,0,0,0,0,0,0,0,0,0,0,0,0,0,0.0,-78.0,-37.0,-126.0,98.0,0.0,48.0,63.0,10373.0,7.0
2021-02-15,Monday,February,2021,7,475.5,408,96.0,28,170.25,15,0,0,0,0,0,0,0,0,0,0,0,0,0,0,0,0,11.0,-11.0,39.0,-87.0,0.0,8.0,14.0,68.0,10336.0,7.0
2021-02-16,Tuesday,February,2021,7,646.5,509,101.0,34,466.75,33,0,0,0,0,0,0,0,0,0,0,0,0,0,0,0,0,2.0,55.0,109.0,8.0,19.0,7.0,13.0,80.0,10226.0,3.0
2021-02-17,Wednesday,February,2021,7,741.0,602,108.8,37,511.0,35,0,0,0,0,0,0,0,0,0,0,0,0,0,0,0,0,1.0,69.0,117.0,1.0,38.0,6.0,26.0,77.0,10209.0,0.0
2021-02-18,Thursday,February,2021,7,729.3,570,104.8,33,340.5,23,0,0,0,0,0,0,0,0,0,0,0,0,0,0,0,0,9.0,49.0,125.0,-18.0,30.0,7.0,12.0,77.0,10181.0,0.0
2021-02-19,Friday,February,2021,7,957.1,817,191.0,63,639.5,46,0,0,0,0,0,0,0,0,0,0,0,0,0,0,0,0,0.0,77.0,121.0,37.0,33.0,7.0,20.0,83.0,10194.0,0.0
2021-02-20,Saturday,February,2021,7,1852.8,1393,306.6,101,713.5,52,0,0,0,0,0,0,0,0,0,0,0,0,0,0,0,0,0.0,77.0,182.0,-4.0,92.0,4.0,11.0,76.0,10192.0,0.0
2021-02-22,Monday,February,2021,8,857.5,693,157.6,51,465.0,34,0,0,0,0,0,0,0,0,0,0,0,0,0,0,0,0,0.0,66.0,178.0,-6.0,87.0,3.0,12.0,78.0,10226.0,0.0
2021-02-23,Tuesday,February,2021,8,802.0,796,124.2,39,476.0,34,0,0,0,0,0,0,0,0,0,0,0,0,0,0,0,0,0.0,85.0,186.0,10.0,83.0,1.0,10.0,76.0,10339.0,0.0
2021-02-24,Wednesday,February,2021,8,1220.0,1087,135.6,43,314.0,22,0,0,0,0,0,0,0,0,0,0,0,0,0,0,0,0,0.0,98.0,197.0,25.0,84.0,0.0,10.0,75.0,10343.0,0.0
2021-02-25,Thursday,February,2021,8,965.2,738,177.0,59,332.5,22,0,0,0,0,0,0,0,0,0,0,0,0,0,0,0,0,0.0,95.0,201.0,13.0,96.0,0.0,14.0,71.0,10303.0,0.0
2021-02-26,Friday,February,2021,8,1129.8,923,192.6,64,358.75,23,0,0,0,0,0,0,0,0,0,0,0,0,0,0,0,0,2.0,70.0,147.0,17.0,43.0,5.0,30.0,78.0,10310.0,0.0
2021-02-27,Saturday,February,2021,8,1691.0,1309,330.6,106,786.0,59,0,0,0,0,0,0,0,0,0,0,0,0,0,0,0,0,0.0,44.0,94.0,-3.0,86.0,3.0,35.0,75.0,10368.0,0.0
2021-03-01,Monday,March,2021,9,749.6,635,198.4,60,317.5,24,0,0,0,0,0,0,0,0,0,0,0,0,0,0,0,0,0.0,47.0,135.0,-40.0,107.0,0.0,22.0,64.0,10324.0,0.0
2021-03-02,Tuesday,March,2021,9,708.0,615,177.1,54,466.0,31,0,0,0,0,0,0,0,0,0,0,0,0,0,0,0,0,0.0,53.0,153.0,-25.0,106.0,1.0,13.0,68.0,10323.0,0.0
2021-03-03,Wednesday,March,2021,9,807.3,625,191.8,59,494.5,34,0,0,0,0,0,0,0,0,0,0,0,0,0,0,0,0,0.0,55.0,115.0,-2.0,0.0,8.0,9.0,75.0,10306.0,0.0
2021-03-04,Thursday,March,2021,9,758.3,684,184.1,64,257.6,19,0,0,0,0,0,0,0,0,0,0,0,0,0,0,0,0,22.0,90.0,150.0,41.0,56.0,6.0,26.0,63.0,10208.0,0.0
2021-03-05,Friday,March,2021,9,571.4,436,222.3,82,293.25,24,0,0,0,0,0,0,0,0,0,0,0,0,0,0,0,0,0.0,25.0,61.0,-28.0,0.0,7.0,39.0,83.0,10234.0,0.0
2021-03-06,Saturday,March,2021,9,1304.6,924,646.7,283,1007.0,74,0,0,0,0,0,0,0,0,0,0,0,0,0,0,0,0,0.0,7.0,72.0,-51.0,110.0,1.0,28.0,57.0,10316.0,0.0
2021-03-08,Monday,March,2021,10,840.2,679,189.8,60,249.75,25,0,0,0,0,0,0,0,0,0,0,0,0,0,0,0,0,0.0,11.0,68.0,-55.0,102.0,2.0,18.0,65.0,10220.0,0.0
2021-03-09,Tuesday,March,2021,10,676.3,509,187.8,58,304.0,17,0,0,0,0,0,0,0,0,0,0,0,0,0,0,0,0,0.0,19.0,70.0,-46.0,54.0,6.0,15.0,70.0,10198.0,0.0
2021-03-10,Wednesday,March,2021,10,774.5,644,133.0,41,567.75,43,0,0,0,0,0,0,0,0,0,0,0,0,0,0,0,0,0.0,49.0,95.0,11.0,21.0,8.0,19.0,69.0,10200.0,0.0
2021-03-11,Thursday,March,2021,10,516.9,450,110.2,40,341.5,23,0,0,0,0,0,0,0,0,0,0,0,0,0,0,0,0,45.0,92.0,138.0,46.0,10.0,7.0,59.0,69.0,10092.0,0.0
2021-03-12,Friday,March,2021,10,966.8,899,215.8,69,575.0,43,0,0,0,0,0,0,0,0,0,0,0,0,0,0,0,0,14.0,67.0,103.0,36.0,64.0,6.0,50.0,66.0,10130.0,0.0
2021-03-13,Saturday,March,2021,10,1039.7,821,417.6,175,749.5,63,0,0,0,0,0,0,0,0,0,0,0,0,0,0,0,0,70.0,60.0,108.0,25.0,9.0,7.0,57.0,75.0,10071.0,0.0
2021-03-15,Monday,March,2021,11,532.3,437,128.6,41,380.0,24,0,0,0,0,0,0,0,0,0,0,0,0,0,0,0,0,35.0,39.0,80.0,13.0,28.0,6.0,47.0,82.0,10145.0,0.0
2021-03-16,Tuesday,March,2021,11,476.0,338,95.0,31,128.0,10,0,0,0,0,0,0,0,0,0,0,0,0,0,0,0,0,26.0,37.0,71.0,16.0,9.0,7.0,48.0,78.0,10227.0,0.0
2021-03-17,Wednesday,March,2021,11,483.6,380,118.2,37,344.0,27,0,0,0,0,0,0,0,0,0,0,0,0,0,0,0,0,19.0,24.0,55.0,1.0,16.0,7.0,26.0,86.0,10231.0,0.0
2021-03-18,Thursday,March,2021,11,667.7,486,133.2,45,330.5,23,0,0,0,0,0,0,0,0,0,0,0,0,0,0,0,0,0.0,20.0,58.0,-1.0,55.0,6.0,18.0,73.0,10238.0,0.0
2021-03-19,Friday,March,2021,11,727.1,560,169.2,57,344.75,28,0,0,0,0,0,0,0,0,0,0,0,0,0,0,0,0,5.0,9.0,33.0,-15.0,8.0,6.0,27.0,83.0,10198.0,0.0
2021-03-20,Saturday,March,2021,11,1646.1,1395,254.8,87,622.0,51,0,0,0,0,0,0,0,0,0,0,0,0,0,0,0,0,0.0,5.0,34.0,-19.0,51.0,6.0,23.0,61.0,10272.0,0.0
2021-03-22,Monday,March,2021,12,603.6,511,136.2,42,381.5,27,0,0,0,0,0,0,0,0,0,0,0,0,0,0,0,0,0.0,35.0,51.0,19.0,1.0,8.0,36.0,73.0,10231.0,0.0
2021-03-23,Tuesday,March,2021,12,712.0,606,140.4,46,472.75,41,0,0,0,0,0,0,0,0,0,0,0,0,0,0,0,0,0.0,41.0,74.0,-11.0,0.0,6.0,10.0,75.0,10267.0,0.0
2021-03-24,Wednesday,March,2021,12,1149.3,769,208.6,68,595.5,46,0,0,0,0,0,0,0,0,0,0,0,0,0,0,0,0,0.0,51.0,142.0,-35.0,118.0,1.0,13.0,71.0,10256.0,0.0
2021-03-25,Thursday,March,2021,12,1090.9,859,186.6,63,248.0,21,0,0,0,0,0,0,0,0,0,0,0,0,0,0,0,0,0.0,81.0,166.0,-8.0,80.0,5.0,19.0,67.0,10220.0,0.0
2021-03-26,Friday,March,2021,12,1450.7,1086,290.4,95,786.0,54,0,0,0,0,0,0,0,0,0,0,0,0,0,0,0,0,26.0,104.0,176.0,28.0,95.0,5.0,19.0,62.0,10204.0,0.0
2021-03-27,Saturday,March,2021,12,1588.0,1198,469.6,151,656.25,52,0,0,0,0,0,0,0,0,0,0,0,0,0,0,0,0,0.0,84.0,117.0,38.0,71.0,6.0,57.0,59.0,10237.0,0.0
2021-03-29,Monday,March,2021,13,949.5,826,187.2,62,722.65,51,0,0,0,0,0,0,0,0,0,0,0,0,0,0,0,0,0.0,109.0,204.0,21.0,97.0,4.0,13.0,54.0,10325.0,0.0
2021-03-30,Tuesday,March,2021,13,1106.2,837,171.2,57,523.0,37,0,0,0,0,0,0,0,0,0,0,0,0,0,0,0,0,0.0,122.0,232.0,13.0,123.0,1.0,12.0,51.0,10314.0,0.0
2021-03-31,Wednesday,March,2021,13,1299.2,1033,226.0,72,503.5,42,0,0,0,0,0,0,0,0,0,0,0,0,0,0,0,0,0.0,136.0,237.0,29.0,122.0,2.0,13.0,52.0,10246.0,0.0
2021-04-01,Thursday,April,2021,13,981.4,701,248.2,81,1022.75,75,0,0,0,0,0,0,0,0,0,0,0,0,0,0,0,0,0.0,148.0,233.0,56.0,82.0,4.0,25.0,54.0,10191.0,0.0
2021-04-02,Friday,April,2021,13,901.3,687,208.6,66,285.0,18,0,0,0,0,0,0,0,0,0,0,0,0,0,0,0,0,0.0,94.0,134.0,38.0,119.0,3.0,39.0,60.0,10197.0,0.0
2021-04-03,Saturday,April,2021,13,1228.9,1056,347.0,112,850.5,68,0,0,0,0,0,0,0,0,0,0,0,0,0,0,0,0,0.0,60.0,99.0,13.0,64.0,5.0,33.0,56.0,10238.0,0.0
2021-04-04,Sunday,April,2021,13,641.9,501,158.8,51,105.5,10,0,0,0,0,0,0,0,0,0,0,0,0,0,0,0,0,0.0,59.0,122.0,-15.0,124.0,1.0,14.0,56.0,10228.0,0.0
2021-04-05,Monday,April,2021,14,607.6,499,131.2,43,285.0,24,0,0,0,0,0,0,0,0,0,0,0,0,0,0,0,0,20.0,46.0,118.0,-26.0,12.0,6.0,48.0,67.0,10122.0,0.0
2021-04-06,Tuesday,April,2021,14,677.3,509,142.0,46,358.25,27,0,0,0,0,0,0,0,0,0,0,0,0,0,0,0,0,0.0,1.0,52.0,-37.0,43.0,6.0,48.0,71.0,10152.0,0.0
2021-04-07,Wednesday,April,2021,14,543.7,449,104.4,33,356.0,27,0,0,0,0,0,0,0,0,0,0,0,0,0,0,0,0,3.0,5.0,39.0,-18.0,13.0,7.0,61.0,73.0,10190.0,0.0
2021-04-08,Thursday,April,2021,14,732.9,746,126.0,44,263.5,22,0,0,0,0,0,0,0,0,0,0,0,0,0,0,0,0,0.0,31.0,78.0,-13.0,54.0,5.0,30.0,63.0,10254.0,0.0
2021-04-09,Friday,April,2021,14,1121.6,704,177.8,57,382.0,31,0,0,0,0,0,0,0,0,0,0,0,0,0,0,0,0,2.0,78.0,163.0,-33.0,53.0,6.0,20.0,52.0,10186.0,0.0
2021-04-10,Saturday,April,2021,14,1232.6,969,240.0,76,462.6,34,0,0,0,0,0,0,0,0,0,0,0,0,0,0,0,0,0.0,124.0,174.0,83.0,28.0,8.0,27.0,52.0,10135.0,0.0
2021-04-11,Sunday,April,2021,14,1031.6,727,247.8,77,245.75,20,0,0,0,0,0,0,0,0,0,0,0,0,0,0,0,0,112.0,114.0,198.0,36.0,26.0,7.0,32.0,67.0,10106.0,0.0
2021-04-12,Monday,April,2021,15,547.8,444,136.4,45,253.0,19,0,0,0,0,0,0,0,0,0,0,0,0,0,0,0,0,3.0,30.0,68.0,-2.0,20.0,7.0,39.0,77.0,10250.0,0.0
2021-04-13,Tuesday,April,2021,15,683.8,549,89.4,28,237.5,18,0,0,0,0,0,0,0,0,0,0,0,0,0,0,0,0,0.0,30.0,85.0,-20.0,86.0,5.0,25.0,65.0,10306.0,0.0
2021-04-14,Wednesday,April,2021,15,718.4,587,80.4,28,263.5,22,0,0,0,0,0,0,0,0,0,0,0,0,0,0,0,0,0.0,21.0,74.0,-33.0,74.0,4.0,23.0,70.0,10294.0,0.0
2021-04-15,Thursday,April,2021,15,762.8,591,131.8,43,550.5,41,0,0,0,0,0,0,0,0,0,0,0,0,0,0,0,0,0.0,26.0,81.0,-33.0,89.0,3.0,26.0,66.0,10274.0,0.0
2021-04-16,Friday,April,2021,15,1027.82,727,202.6,65,573.58,45,0,0,0,0,0,0,0,0,0,0,0,0,0,0,0,0,0.0,27.0,56.0,-19.0,26.0,6.0,25.0,70.0,10256.0,0.0
2021-04-17,Saturday,April,2021,15,1482.9,1198,281.4,87,676.5,49,0,0,0,0,0,0,0,0,0,0,0,0,0,0,0,0,4.0,50.0,97.0,5.0,32.0,7.0,23.0,71.0,10228.0,0.0
2021-04-18,Sunday,April,2021,15,869.0,696,183.2,56,278.0,21,0,0,0,0,0,0,0,0,0,0,0,0,0,0,0,0,0.0,56.0,92.0,26.0,1.0,8.0,12.0,77.0,10211.0,0.0
2021-04-19,Monday,April,2021,16,431.7,340,85.2,27,230.0,18,0,0,0,0,0,0,0,0,0,0,0,0,0,0,0,0,61.0,58.0,87.0,20.0,0.0,7.0,13.0,88.0,10198.0,0.0
2021-04-20,Tuesday,April,2021,16,829.8,692,115.0,36,176.3,15,0,0,0,0,0,0,0,0,0,0,0,0,0,0,0,0,0.0,81.0,160.0,14.0,99.0,4.0,14.0,74.0,10176.0,0.0
2021-04-21,Wednesday,April,2021,16,855.4,741,172.4,57,244.9,21,0,0,0,0,0,0,0,0,0,0,0,0,0,0,0,0,6.0,108.0,179.0,17.0,108.0,2.0,17.0,61.0,10158.0,0.0
2021-04-22,Thursday,April,2021,16,917.92,713,121.6,40,567.05,41,0,0,0,0,0,0,0,0,0,0,0,0,0,0,0,0,0.0,98.0,142.0,11.0,95.0,5.0,30.0,56.0,10207.0,0.0
2021-04-23,Friday,April,2021,16,1156.98,905,232.2,73,481.0,32,0,0,0,0,0,0,0,0,0,0,0,0,0,0,0,0,0.0,88.0,160.0,-2.0,136.0,0.0,16.0,48.0,10261.0,0.0
2021-04-24,Saturday,April,2021,16,1581.8,1224,240.6,76,773.45,51,0,0,0,0,0,0,0,0,0,0,0,0,0,0,0,0,0.0,111.0,182.0,12.0,134.0,3.0,23.0,46.0,10230.0,0.0
2021-04-25,Sunday,April,2021,16,834.6,638,164.4,48,73.3,9,0,0,0,0,0,0,0,0,0,0,0,0,0,0,0,0,0.0,99.0,154.0,39.0,136.0,2.0,31.0,51.0,10213.0,0.0
2021-04-26,Monday,April,2021,17,625.26,505,115.36,36,205.7,17,0,0,0,0,0,0,0,0,0,0,0,0,0,0,0,0,0.0,92.0,161.0,23.0,128.0,1.0,34.0,48.0,10168.0,0.0
2021-04-27,Tuesday,April,2021,17,668.6,565,94.8,31,374.8,27,0,0,0,0,0,0,0,0,0,0,0,0,0,0,0,0,0.0,101.0,172.0,21.0,126.0,3.0,24.0,44.0,10084.0,0.0
2021-04-28,Wednesday,April,2021,17,698.6,620,108.2,35,116.0,10,0,0,0,0,0,0,0,0,0,0,0,0,0,0,0,0,18.0,132.0,207.0,23.0,107.0,4.0,22.0,50.0,10036.0,0.0
2021-04-29,Thursday,April,2021,17,767.9,642,169.6,53,301.9,22,0,0,0,0,0,0,0,0,0,0,0,0,0,0,0,0,1.0,118.0,162.0,62.0,46.0,6.0,41.0,68.0,10059.0,0.0
2021-04-30,Friday,April,2021,17,495.5,434,200.4,61,517.0,31,0,0,0,0,0,0,0,0,0,0,0,0,0,0,0,0,121.0,61.0,80.0,48.0,0.0,8.0,24.0,80.0,10131.0,0.0
2021-05-01,Saturday,May,2021,17,448.9,359,106.4,30,227.0,17,0,0,0,0,0,0,0,0,0,0,0,0,0,0,0,0,109.0,72.0,97.0,50.0,0.0,8.0,24.0,88.0,10128.0,0.0
2021-05-02,Sunday,May,2021,17,470.9,316,66.0,20,85.8,5,0,0,0,0,0,0,0,0,0,0,0,0,0,0,0,0,6.0,71.0,116.0,47.0,30.0,7.0,31.0,77.0,10164.0,0.0
2021-05-03,Monday,May,2021,18,783.6,682,164.4,52,565.38,43,0,0,0,0,0,0,0,0,0,0,0,0,0,0,0,0,0.0,80.0,143.0,17.0,86.0,5.0,20.0,62.0,10215.0,0.0
2021-05-04,Tuesday,May,2021,18,635.65,516,107.8,35,482.0,38,0,0,0,0,0,0,0,0,0,0,0,0,0,0,0,0,96.0,105.0,165.0,30.0,40.0,7.0,51.0,64.0,10098.0,0.0
2021-05-05,Wednesday,May,2021,18,543.2,452,98.6,33,417.5,29,0,0,0,0,0,0,0,0,0,0,0,0,0,0,0,0,8.0,68.0,109.0,26.0,68.0,6.0,53.0,72.0,10098.0,0.0
2021-05-06,Thursday,May,2021,18,519.94,409,114.2,37,250.75,19,0,0,0,0,0,0,0,0,0,0,0,0,0,0,0,0,112.0,73.0,98.0,40.0,6.0,8.0,29.0,82.0,10101.0,0.0
2021-05-07,Friday,May,2021,18,857.52,713,241.08,79,624.0,35,0,0,0,0,0,0,0,0,0,0,0,0,0,0,0,0,0.0,76.0,122.0,15.0,57.0,5.0,45.0,67.0,10138.0,0.0
2021-05-08,Saturday,May,2021,18,1506.7,1159,430.4,134,649.5,49,0,0,0,0,0,0,0,0,0,0,0,0,0,0,0,0,0.0,104.0,187.0,-4.0,114.0,4.0,14.0,62.0,10181.0,0.0
2021-05-09,Sunday,May,2021,18,754.3,578,145.4,38,155.2,14,0,0,0,0,0,0,0,0,0,0,0,0,0,0,0,0,0.0,187.0,284.0,61.0,122.0,5.0,18.0,52.0,10089.0,0.0
2021-05-10,Monday,May,2021,19,621.24,492,141.4,46,282.0,22,0,0,0,0,0,0,0,0,0,0,0,0,0,0,0,0,0.0,157.0,208.0,106.0,18.0,7.0,31.0,67.0,10081.0,0.0
2021-05-11,Tuesday,May,2021,19,629.5,518,127.4,42,311.88,23,0,0,0,0,0,0,0,0,0,0,0,0,0,0,0,0,139.0,124.0,164.0,106.0,1.0,8.0,23.0,87.0,10088.0,0.0
2021-05-12,Wednesday,May,2021,19,623.6,525,128.4,46,400.9,29,0,0,0,0,0,0,0,0,0,0,0,0,0,0,0,0,0.0,110.0,134.0,92.0,0.0,8.0,22.0,81.0,10122.0,0.0
2021-05-13,Thursday,May,2021,19,1117.4,908,234.6,77,226.5,18,0,0,0,0,0,0,0,0,0,0,0,0,0,0,0,0,4.0,116.0,165.0,66.0,64.0,6.0,24.0,75.0,10086.0,0.0
2021-05-14,Friday,May,2021,19,1417.1,1059,237.12,73,715.0,43,0,0,0,0,0,0,0,0,0,0,0,0,0,0,0,0,3.0,116.0,174.0,58.0,77.0,5.0,24.0,66.0,10091.0,0.0
2021-05-15,Saturday,May,2021,19,1460.8,1198,336.2,93,849.4,58,0,0,0,0,0,0,0,0,0,0,0,0,0,0,0,0,5.0,110.0,155.0,62.0,37.0,6.0,32.0,69.0,10087.0,0.0
2021-05-16,Sunday,May,2021,19,1090.6,820,302.8,83,240.0,17,0,0,0,0,0,0,0,0,0,0,0,0,0,0,0,0,6.0,122.0,174.0,87.0,58.0,6.0,38.0,68.0,10053.0,0.0
2021-05-17,Monday,May,2021,20,639.1,583,134.6,43,260.5,14,0,0,0,0,0,0,0,0,0,0,0,0,0,0,0,0,39.0,108.0,155.0,84.0,60.0,6.0,47.0,76.0,10079.0,0.0
2021-05-18,Tuesday,May,2021,20,692.0,646,275.6,82,328.7,24,0,0,0,0,0,0,0,0,0,0,0,0,0,0,0,0,43.0,102.0,142.0,76.0,36.0,6.0,33.0,80.0,10150.0,0.0
2021-05-19,Wednesday,May,2021,20,944.3,785,125.6,42,363.0,28,0,0,0,0,0,0,0,0,0,0,0,0,0,0,0,0,0.0,109.0,167.0,76.0,77.0,6.0,31.0,69.0,10178.0,0.0
2021-05-20,Thursday,May,2021,20,777.1,674,131.4,46,328.2,24,0,0,0,0,0,0,0,0,0,0,0,0,0,0,0,0,10.0,113.0,157.0,70.0,40.0,7.0,24.0,68.0,10211.0,0.0
2021-05-21,Friday,May,2021,20,794.2,660,153.4,50,554.0,39,0,0,0,0,0,0,0,0,0,0,0,0,0,0,0,0,8.0,118.0,150.0,81.0,2.0,7.0,34.0,68.0,10123.0,0.0
2021-05-22,Saturday,May,2021,20,1892.26,1441,382.4,117,651.44,48,0,0,0,0,0,0,0,0,0,0,0,0,0,0,0,0,17.0,124.0,174.0,70.0,98.0,5.0,44.0,60.0,10100.0,0.0
2021-05-23,Sunday,May,2021,20,1324.4,970,319.4,86,201.5,14,0,0,0,0,0,0,0,0,0,0,0,0,0,0,0,0,17.0,111.0,162.0,56.0,85.0,6.0,31.0,69.0,10166.0,0.0
2021-05-24,Monday,May,2021,21,1049.6,845,298.4,87,211.5,16,0,0,0,0,0,0,0,0,0,0,0,0,0,0,0,0,7.0,114.0,181.0,44.0,14.0,7.0,19.0,72.0,10141.0,0.0
2021-05-25,Tuesday,May,2021,21,815.6,603,153.8,47,270.5,20,0,0,0,0,0,0,0,0,0,0,0,0,0,0,0,0,10.0,109.0,151.0,63.0,101.0,5.0,52.0,60.0,10184.0,0.0
2021-05-26,Wednesday,May,2021,21,606.2,477,138.0,44,315.0,21,0,0,0,0,0,0,0,0,0,0,0,0,0,0,0,0,42.0,101.0,129.0,82.0,0.0,8.0,40.0,78.0,10168.0,0.0
2021-05-27,Thursday,May,2021,21,971.2,780,240.0,76,343.5,28,0,0,0,0,0,0,0,0,0,0,0,0,0,0,0,0,0.0,115.0,162.0,77.0,58.0,7.0,36.0,70.0,10191.0,0.0
2021-05-28,Friday,May,2021,21,1057.8,839,201.0,62,505.9,34,0,0,0,0,0,0,0,0,0,0,0,0,0,0,0,0,0.0,127.0,173.0,87.0,80.0,6.0,25.0,68.0,10220.0,0.0
2021-05-29,Saturday,May,2021,21,1432.26,1122,388.0,111,703.4,50,0,0,0,0,0,0,0,0,0,0,0,0,0,0,0,0,0.0,141.0,192.0,74.0,124.0,4.0,27.0,57.0,10228.0,0.0
2021-05-30,Sunday,May,2021,21,1425.2,1033,332.4,92,145.0,12,0,0,0,0,0,0,0,0,0,0,0,0,0,0,0,0,0.0,132.0,190.0,48.0,139.0,2.0,34.0,56.0,10244.0,0.0
2021-05-31,Monday,May,2021,22,1037.8,639,178.2,61,365.0,22,0,0,0,0,0,0,0,0,0,0,0,0,0,0,0,0,0.0,139.0,204.0,60.0,154.0,0.0,25.0,53.0,10210.0,0.0
2021-06-01,Tuesday,June,2021,22,887.0,586,170.4,56,303.0,23,0,0,0,0,0,0,0,0,0,0,0,0,0,0,0,0,0.0,157.0,228.0,57.0,154.0,1.0,27.0,52.0,10170.0,
2021-06-02,Wednesday,June,2021,22,807.6,524,113.0,38,159.0,14,0,0,0,0,0,0,0,0,0,0,0,0,0,0,0,0,0.0,181.0,258.0,64.0,146.0,2.0,16.0,50.0,10154.0,
2021-06-03,Thursday,June,2021,22,1100.2,789,182.0,54,299.9,23,0,0,0,0,0,0,0,0,0,0,0,0,0,0,0,0,2.0,192.0,250.0,121.0,56.0,6.0,14.0,68.0,10199.0,
2021-06-04,Friday,June,2021,22,1098.2,704,242.4,72,718.5,47,0,0,0,0,0,0,0,0,0,0,0,0,0,0,0,0,8.0,200.0,260.0,131.0,59.0,6.0,14.0,74.0,10201.0,
2021-06-05,Saturday,June,2021,22,1208.8,792,304.4,85,557.9,46,0,0,0,0,0,0,0,0,0,0,0,0,0,0,0,0,175.0,175.0,215.0,153.0,23.0,7.0,22.0,82.0,10204.0,
2021-06-06,Sunday,June,2021,22,868.37,495,289.4,76,259.23,21,0,0,0,0,0,0,0,0,0,0,0,0,0,0,0,0,2.0,155.0,172.0,143.0,0.0,8.0,35.0,92.0,10209.0,
2021-06-07,Monday,June,2021,23,591.4,351,86.6,29,295.6,25,0,0,0,0,0,0,0,0,0,0,0,0,0,0,0,0,3.0,162.0,191.0,146.0,4.0,8.0,33.0,93.0,10204.0,
2021-06-08,Tuesday,June,2021,23,551.4,338,104.8,34,260.5,16,0,0,0,0,0,0,0,0,0,0,0,0,0,0,0,0,68.0,178.0,232.0,140.0,27.0,7.0,19.0,86.0,10206.0,
2021-06-09,Wednesday,June,2021,23,630.4,352,161.2,54,226.4,17,0,0,0,0,0,0,0,0,0,0,0,0,0,0,0,0,0.0,179.0,249.0,126.0,77.0,6.0,15.0,83.0,10205.0,
2021-06-10,Thursday,June,2021,23,653.8,308,88.6,33,165.0,14,0,0,0,0,0,0,0,0,0,0,0,0,0,0,0,0,70.0,178.0,247.0,115.0,101.0,5.0,14.0,81.0,10203.0,
2021-06-11,Friday,June,2021,23,1000.02,503,223.0,73,430.2,31,0,0,0,0,0,0,0,0,0,0,0,0,0,0,0,0,0.0,199.0,267.0,111.0,142.0,3.0,15.0,67.0,10189.0,
2021-06-12,Saturday,June,2021,23,1303.4,626,363.2,102,791.5,37,0,0,0,0,0,0,0,0,0,0,0,0,0,0,0,0,0.0,208.0,270.0,135.0,121.0,6.0,39.0,65.0,10190.0,
2021-06-13,Sunday,June,2021,23,931.6,409,202.2,55,176.8,16,0,0,0,0,0,0,0,0,0,0,0,0,0,0,0,0,0.0,186.0,229.0,132.0,144.0,2.0,27.0,55.0,10246.0,
2021-06-14,Monday,June,2021,24,651.6,298,137.0,46,141.7,11,0,0,0,0,0,0,0,0,0,0,0,0,0,0,0,0,0.0,193.0,268.0,97.0,157.0,0.0,16.0,55.0,10211.0,
2021-06-15,Tuesday,June,2021,24,625.6,355,95.4,34,350.5,20,0,0,0,0,0,0,0,0,0,0,0,0,0,0,0,0,0.0,213.0,286.0,115.0,150.0,4.0,14.0,55.0,10177.0,
2021-06-16,Wednesday,June,2021,24,668.0,324,105.1,39,432.7,33,0,0,0,0,0,0,0,0,0,0,0,0,0,0,0,0,0.0,230.0,298.0,148.0,137.0,6.0,15.0,56.0,10142.0,
2021-06-17,Thursday,June,2021,24,561.2,272,121.6,41,254.0,19,0,0,0,0,0,0,0,0,0,0,0,0,0,0,0,0,0.0,244.0,320.0,150.0,139.0,3.0,13.0,56.0,10125.0,
2021-06-18,Friday,June,2021,24,769.6,299,160.4,48,229.5,15,0,0,0,0,0,0,0,0,0,0,0,0,0,0,0,0,2.0,252.0,325.0,156.0,132.0,3.0,14.0,54.0,10126.0,
2021-06-19,Saturday,June,2021,24,923.6,440,249.0,76,382.0,29,0,0,0,0,0,0,0,0,0,0,0,0,0,0,0,0,0.0,257.0,314.0,188.0,133.0,5.0,23.0,61.0,10130.0,
2021-06-20,Sunday,June,2021,24,992.8,389,264.8,73,224.5,18,0,0,0,0,0,0,0,0,0,0,0,0,0,0,0,0,166.0,231.0,288.0,156.0,35.0,7.0,25.0,67.0,10089.0,
2021-06-21,Monday,June,2021,25,675.4,295,113.0,36,266.5,18,0,0,0,0,0,0,0,0,0,0,0,0,0,0,0,0,76.0,208.0,268.0,161.0,109.0,5.0,23.0,70.0,10077.0,
2021-06-22,Tuesday,June,2021,25,734.8,294,155.2,53,271.9,23,0,0,0,0,0,0,0,0,0,0,0,0,0,0,0,0,90.0,183.0,208.0,166.0,50.0,7.0,19.0,86.0,10120.0,
2021-06-23,Wednesday,June,2021,25,582.4,273,144.6,47,367.3,24,0,0,0,0,0,0,0,0,0,0,0,0,0,0,0,0,199.0,192.0,256.0,150.0,103.0,6.0,26.0,80.0,10164.0,
2021-06-24,Thursday,June,2021,25,732.8,364,144.0,51,221.5,17,0,0,0,0,0,0,0,0,0,0,0,0,0,0,0,0,14.0,182.0,232.0,146.0,67.0,6.0,21.0,80.0,10169.0,
2021-06-25,Friday,June,2021,25,804.8,366,176.2,56,376.5,27,0,0,0,0,0,0,0,0,0,0,0,0,0,0,0,0,63.0,165.0,197.0,145.0,23.0,7.0,27.0,83.0,10187.0,
2021-06-26,Saturday,June,2021,25,1309.0,587,339.2,102,466.5,33,0,0,0,0,0,0,0,0,0,0,0,0,0,0,0,0,0.0,192.0,248.0,134.0,86.0,6.0,16.0,72.0,10177.0,
2021-06-27,Sunday,June,2021,25,1073.4,400,289.0,84,267.0,20,0,0,0,0,0,0,0,0,0,0,0,0,0,0,0,0,12.0,214.0,275.0,136.0,90.0,6.0,17.0,68.0,10144.0,
2021-06-28,Monday,June,2021,26,768.6,324,192.2,62,281.0,18,0,0,0,0,0,0,0,0,0,0,0,0,0,0,0,0,609.0,217.0,288.0,142.0,99.0,7.0,32.0,73.0,10131.0,
2021-06-29,Tuesday,June,2021,26,556.4,226,149.0,49,223.0,15,0,0,0,0,0,0,0,0,0,0,0,0,0,0,0,0,100.0,176.0,244.0,143.0,86.0,6.0,20.0,83.0,10129.0,
2021-06-30,Wednesday,June,2021,26,857.0,304,123.4,43,134.0,8,0,0,0,0,0,0,0,0,0,0,0,0,0,0,0,0,82.0,151.0,185.0,120.0,41.0,7.0,34.0,82.0,10137.0,
2021-07-01,Thursday,July,2021,26,905.6,345,201.8,70,336.0,24,0,0,0,0,0,0,0,0,0,0,0,0,0,0,0,0,3.0,142.0,167.0,120.0,0.0,8.0,28.0,82.0,10169.0,
2021-07-02,Friday,July,2021,26,1306.2,488,312.6,92,662.3,46,0,0,0,0,0,0,0,0,0,0,0,0,0,0,0,0,0.0,170.0,225.0,104.0,108.0,4.0,27.0,66.0,10181.0,
2021-07-03,Saturday,July,2021,26,1412.2,636,378.4,115,538.9,36,0,0,0,0,0,0,0,0,0,0,0,0,0,0,0,0,7.0,183.0,255.0,106.0,103.0,6.0,14.0,70.0,10161.0,
2021-07-04,Sunday,July,2021,26,1053.2,350,312.8,86,214.0,17,0,0,0,0,0,0,0,0,0,0,0,0,0,0,0,0,6.0,182.0,234.0,148.0,44.0,6.0,23.0,77.0,10119.0,
2021-07-05,Monday,July,2021,27,761.2,285,150.8,50,211.5,16,0,0,0,0,0,0,0,0,0,0,0,0,0,0,0,0,9.0,175.0,223.0,145.0,26.0,6.0,17.0,80.0,10121.0,
2021-07-06,Tuesday,July,2021,27,841.6,315,185.4,62,431.0,29,0,0,0,0,0,0,0,0,0,0,0,0,0,0,0,0,125.0,186.0,257.0,132.0,49.0,6.0,20.0,81.0,10109.0,
2021-07-07,Wednesday,July,2021,27,624.0,244,136.4,45,348.9,22,0,0,0,0,0,0,0,0,0,0,0,0,0,0,0,0,14.0,174.0,214.0,152.0,39.0,6.0,12.0,84.0,10169.0,
2021-07-08,Thursday,July,2021,27,854.0,341,205.8,67,417.0,28,0,0,0,0,0,0,0,0,0,0,0,0,0,0,0,0,28.0,178.0,212.0,152.0,7.0,8.0,27.0,85.0,10193.0,
2021-07-09,Friday,July,2021,27,1056.6,522,310.0,98,612.4,45,0,0,0,0,0,0,0,0,0,0,0,0,0,0,0,0,8.0,170.0,222.0,130.0,27.0,6.0,40.0,78.0,10203.0,
2021-07-10,Saturday,July,2021,27,1288.0,437,397.2,118,696.5,43,0,0,0,0,0,0,0,0,0,0,0,0,0,0,0,0,8.0,185.0,247.0,103.0,125.0,4.0,20.0,73.0,10172.0,
2021-07-11,Sunday,July,2021,27,1221.2,434,332.2,99,387.5,28,0,0,0,0,0,0,0,0,0,0,0,0,0,0,0,0,0.0,177.0,222.0,137.0,76.0,5.0,19.0,73.0,10168.0,
2021-07-12,Monday,July,2021,28,672.4,276,172.4,61,169.0,10,0,0,0,0,0,0,0,0,0,0,0,0,0,0,0,0,53.0,201.0,264.0,117.0,106.0,5.0,21.0,71.0,10110.0,
2021-07-13,Tuesday,July,2021,28,644.4,282,174.0,60,207.7,18,0,0,0,0,0,0,0,0,0,0,0,0,0,0,0,0,145.0,166.0,191.0,124.0,13.0,7.0,25.0,87.0,10095.0,
2021-07-14,Wednesday,July,2021,28,925.6,353,194.4,67,264.7,22,0,0,0,0,0,0,0,0,0,0,0,0,0,0,0,0,4.0,163.0,215.0,126.0,48.0,7.0,24.0,77.0,10117.0,
2021-07-15,Thursday,July,2021,28,875.6,348,184.4,62,223.0,16,0,0,0,0,0,0,0,0,0,0,0,0,0,0,0,0,10.0,165.0,204.0,136.0,3.0,8.0,19.0,84.0,10125.0,
2021-07-16,Friday,July,2021,28,1036.8,377,294.2,90,414.5,32,0,0,0,0,0,0,0,0,0,0,0,0,0,0,0,0,26.0,184.0,233.0,144.0,46.0,6.0,24.0,80.0,10178.0,
2021-07-17,Saturday,July,2021,28,1407.4,598,474.6,136,705.0,45,0,0,0,0,0,0,0,0,0,0,0,0,0,0,0,0,0.0,187.0,223.0,160.0,2.0,7.0,37.0,85.0,10211.0,
2021-07-18,Sunday,July,2021,28,1295.2,514,353.6,105,187.5,12,0,0,0,0,0,0,0,0,0,0,0,0,0,0,0,0,0.0,208.0,258.0,140.0,142.0,1.0,33.0,66.0,10196.0,
2021-07-19,Monday,July,2021,29,831.6,350,189.0,63,216.15,18,0,0,0,0,0,0,0,0,0,0,0,0,0,0,0,0,0.0,211.0,263.0,150.0,125.0,2.0,,67.0,10177.0,
2021-07-20,Tuesday,July,2021,29,901.8,377,233.0,81,584.7,33,0,0,0,0,0,0,0,0,0,0,0,0,0,0,0,0,0.0,191.0,243.0,137.0,133.0,1.0,,64.0,10185.0,
2021-07-21,Wednesday,July,2021,29,848.6,301,186.8,62,209.5,15,0,0,0,0,0,0,0,0,0,0,0,0,0,0,0,0,0.0,196.0,252.0,128.0,143.0,2.0,19.0,62.0,10207.0,
2021-07-22,Thursday,July,2021,29,884.4,320,170.6,57,477.2,35,0,0,0,0,0,0,0,0,0,0,0,0,0,0,0,0,0.0,205.0,265.0,132.0,135.0,1.0,18.0,62.0,10196.0,
2021-07-23,Friday,July,2021,29,986.6,485,263.2,80,325.2,22,0,0,0,0,0,0,0,0,0,0,0,0,0,0,0,0,0.0,213.0,278.0,140.0,137.0,2.0,13.0,63.0,10151.0,
2021-07-24,Saturday,July,2021,29,1242.4,469,339.6,99,728.0,49,0,0,0,0,0,0,0,0,0,0,0,0,0,0,0,0,27.0,213.0,278.0,161.0,42.0,7.0,18.0,72.0,10098.0,
2021-07-25,Sunday,July,2021,29,1047.2,412,392.4,116,223.5,15,0,0,0,0,0,0,0,0,0,0,0,0,0,0,0,0,5.0,195.0,229.0,155.0,34.0,6.0,16.0,83.0,10103.0,
2021-07-26,Monday,July,2021,30,912.0,330,166.0,57,282.5,19,0,0,0,0,0,0,0,0,0,0,0,0,0,0,0,0,181.0,181.0,253.0,140.0,64.0,5.0,15.0,81.0,10122.0,
2021-07-27,Tuesday,July,2021,30,1157.8,399,210.8,72,428.5,31,0,0,0,0,0,0,0,0,0,0,0,0,0,0,0,0,5.0,201.0,255.0,129.0,96.0,6.0,15.0,73.0,10137.0,
2021-07-28,Wednesday,July,2021,30,884.0,334,211.2,72,485.0,33,0,0,0,0,0,0,0,0,0,0,0,0,0,0,0,0,5.0,187.0,239.0,139.0,46.0,6.0,23.0,78.0,10141.0,
2021-07-29,Thursday,July,2021,30,1080.6,399,246.4,84,355.0,24,0,0,0,0,0,0,0,0,0,0,0,0,0,0,0,0,0.0,190.0,245.0,126.0,112.0,3.0,28.0,68.0,10145.0,
2021-07-30,Friday,July,2021,30,1092.4,472,296.4,98,299.2,20,0,0,0,0,0,0,0,0,0,0,0,0,0,0,0,0,4.0,197.0,277.0,112.0,103.0,3.0,25.0,72.0,10112.0,
2021-07-31,Saturday,July,2021,30,2499.2,1015,830.8,244,792.4,52,0,0,0,0,0,0,0,0,0,0,0,0,0,0,0,0,157.0,192.0,239.0,142.0,109.0,4.0,30.0,63.0,10112.0,
2021-08-02,Monday,August,2021,31,1000.4,394,199.6,70,266.2,21,0,0,0,0,0,0,0,0,0,0,0,0,0,0,0,0,31.0,161.0,211.0,117.0,49.0,6.0,20.0,78.0,10150.0,
2021-08-03,Tuesday,August,2021,31,869.2,321,285.2,99,351.0,23,0,0,0,0,0,0,0,0,0,0,0,0,0,0,0,0,14.0,153.0,187.0,113.0,22.0,7.0,21.0,81.0,10150.0,
2021-08-04,Wednesday,August,2021,31,1052.8,445,251.6,86,525.0,36,0,0,0,0,0,0,0,0,0,0,0,0,0,0,0,0,0.0,163.0,196.0,137.0,25.0,8.0,12.0,75.0,10138.0,
2021-08-05,Thursday,August,2021,31,852.8,351,180.6,61,321.4,25,0,0,0,0,0,0,0,0,0,0,0,0,0,0,0,0,36.0,171.0,223.0,134.0,32.0,6.0,17.0,78.0,10105.0,
2021-08-06,Friday,August,2021,31,1106.8,443,297.0,92,368.5,27,0,0,0,0,0,0,0,0,0,0,0,0,0,0,0,0,0.0,176.0,221.0,138.0,36.0,7.0,29.0,72.0,10081.0,
2021-08-07,Saturday,August,2021,31,1105.2,421,355.4,110,437.5,31,0,0,0,0,0,0,0,0,0,0,0,0,0,0,0,0,75.0,160.0,206.0,129.0,20.0,6.0,16.0,83.0,10075.0,
2021-08-08,Sunday,August,2021,31,1259.4,506,408.6,122,125.5,8,0,0,0,0,0,0,0,0,0,0,0,0,0,0,0,0,0.0,166.0,217.0,116.0,110.0,4.0,31.0,67.0,10132.0,
2021-08-09,Monday,August,2021,32,924.8,347,174.6,60,258.5,21,0,0,0,0,0,0,0,0,0,0,0,0,0,0,0,0,0.0,174.0,245.0,95.0,106.0,4.0,18.0,62.0,10190.0,
2021-08-10,Tuesday,August,2021,32,890.4,353,191.8,66,219.5,17,0,0,0,0,0,0,0,0,0,0,0,0,0,0,0,0,0.0,179.0,241.0,107.0,82.0,5.0,18.0,71.0,10185.0,
2021-08-11,Wednesday,August,2021,32,808.2,347,176.4,61,432.5,32,0,0,0,0,0,0,0,0,0,0,0,0,0,0,0,0,0.0,203.0,268.0,130.0,100.0,3.0,17.0,69.0,10190.0,
2021-08-12,Thursday,August,2021,32,818.2,308,154.6,56,414.5,32,0,0,0,0,0,0,0,0,0,0,0,0,0,0,0,0,0.0,218.0,298.0,133.0,127.0,4.0,13.0,66.0,10192.0,
2021-08-13,Friday,August,2021,32,799.8,302,168.6,50,337.8,26,0,0,0,0,0,0,0,0,0,0,0,0,0,0,0,0,0.0,234.0,296.0,172.0,95.0,4.0,22.0,66.0,10204.0,
2021-08-14,Saturday,August,2021,32,1090.2,376,288.6,86,371.3,29,0,0,0,0,0,0,0,0,0,0,0,0,0,0,0,0,0.0,231.0,296.0,157.0,130.0,1.0,16.0,67.0,10202.0,
2021-08-15,Sunday,August,2021,32,851.2,289,275.2,84,266.0,17,0,0,0,0,0,0,0,0,0,0,0,0,0,0,0,0,29.0,212.0,288.0,163.0,74.0,3.0,12.0,80.0,10144.0,
2021-08-16,Monday,August,2021,33,1015.8,387,294.2,99,303.5,25,0,0,0,0,0,0,0,0,0,0,0,0,0,0,0,0,65.0,187.0,220.0,115.0,36.0,6.0,49.0,72.0,10132.0,
2021-08-17,Tuesday,August,2021,33,963.6,379,263.4,89,462.0,31,0,0,0,0,0,0,0,0,0,0,0,0,0,0,0,0,13.0,140.0,188.0,91.0,72.0,6.0,31.0,70.0,10201.0,
2021-08-18,Wednesday,August,2021,33,1046.6,399,247.2,86,346.0,25,0,0,0,0,0,0,0,0,0,0,0,0,0,0,0,0,0.0,165.0,202.0,133.0,10.0,7.0,21.0,75.0,10182.0,
2021-08-19,Thursday,August,2021,33,965.6,351,245.0,88,543.0,39,0,0,0,0,0,0,0,0,0,0,0,0,0,0,0,0,0.0,180.0,211.0,151.0,6.0,7.0,15.0,71.0,10164.0,
2021-08-20,Friday,August,2021,33,1009.8,360,251.0,80,249.7,19,0,0,0,0,0,0,0,0,0,0,0,0,0,0,0,0,0.0,189.0,240.0,143.0,74.0,4.0,14.0,69.0,10169.0,
2021-08-21,Saturday,August,2021,33,1292.8,457,352.4,110,475.0,37,0,0,0,0,0,0,0,0,0,0,0,0,0,0,0,0,47.0,203.0,280.0,118.0,118.0,4.0,15.0,69.0,10174.0,
2021-08-22,Sunday,August,2021,33,882.0,307,306.0,95,269.5,18,0,0,0,0,0,0,0,0,0,0,0,0,0,0,0,0,58.0,169.0,208.0,134.0,8.0,6.0,22.0,86.0,10180.0,
2021-08-23,Monday,August,2021,34,891.6,332,197.8,66,283.0,20,0,0,0,0,0,0,0,0,0,0,0,0,0,0,0,0,27.0,165.0,210.0,136.0,28.0,6.0,19.0,81.0,10210.0,
2021-08-24,Tuesday,August,2021,34,994.0,352,256.7,87,282.5,22,0,0,0,0,0,0,0,0,0,0,0,0,0,0,0,0,0.0,149.0,184.0,113.0,30.0,4.0,34.0,79.0,10237.0,
2021-08-25,Wednesday,August,2021,34,1162.6,426,252.4,87,321.5,25,0,0,0,0,0,0,0,0,0,0,0,0,0,0,0,0,0.0,156.0,204.0,102.0,126.0,2.0,26.0,69.0,10204.0,
2021-08-26,Thursday,August,2021,34,697.4,257,221.8,72,161.5,10,0,0,0,0,0,0,0,0,0,0,0,0,0,0,0,0,7.0,141.0,180.0,107.0,17.0,6.0,31.0,76.0,10142.0,
2021-08-27,Friday,August,2021,34,1095.6,390,338.4,103,414.9,30,0,0,0,0,0,0,0,0,0,0,0,0,0,0,0,0,11.0,144.0,183.0,120.0,44.0,6.0,38.0,72.0,10158.0,
2021-08-28,Saturday,August,2021,34,1091.0,379,392.8,120,408.5,30,0,0,0,0,0,0,0,0,0,0,0,0,0,0,0,0,43.0,135.0,165.0,109.0,16.0,7.0,30.0,81.0,10174.0,
2021-08-29,Sunday,August,2021,34,717.2,275,224.2,65,152.0,12,0,0,0,0,0,0,0,0,0,0,0,0,0,0,0,0,177.0,129.0,155.0,106.0,1.0,8.0,26.0,91.0,10171.0,
2021-08-30,Monday,August,2021,35,722.6,262,171.4,56,399.0,29,0,0,0,0,0,0,0,0,0,0,0,0,0,0,0,0,108.0,148.0,165.0,134.0,7.0,8.0,44.0,90.0,10162.0,
2021-08-31,Tuesday,August,2021,35,837.6,341,161.0,56,392.0,24,0,0,0,0,0,0,0,0,0,0,0,0,0,0,0,0,0.0,149.0,187.0,101.0,27.0,5.0,27.0,82.0,10216.0,
2021-09-01,Wednesday,September,2021,35,1004.2,386,222.6,76,288.5,17,0,0,0,0,0,0,0,0,0,0,0,0,0,0,0,0,0.0,140.0,207.0,80.0,66.0,3.0,16.0,79.0,10259.0,
2021-09-02,Thursday,September,2021,35,985.8,403,227.0,76,240.0,20,0,0,0,0,0,0,0,0,0,0,0,0,0,0,0,0,0.0,151.0,223.0,76.0,128.0,0.0,24.0,72.0,10247.0,
2021-09-03,Friday,September,2021,35,1075.6,405,312.8,97,193.7,16,0,0,0,0,0,0,0,0,0,0,0,0,0,0,0,0,0.0,161.0,245.0,81.0,128.0,0.0,14.0,70.0,10201.0,
2021-09-04,Saturday,September,2021,35,1423.4,560,381.8,114,355.0,25,0,0,0,0,0,0,0,0,0,0,0,0,0,0,0,0,0.0,166.0,248.0,85.0,124.0,0.0,12.0,69.0,10170.0,
2021-09-05,Sunday,September,2021,35,1212.8,465,381.6,107,144.0,11,0,0,0,0,0,0,0,0,0,0,0,0,0,0,0,0,0.0,173.0,251.0,96.0,120.0,2.0,14.0,68.0,10193.0,
2021-09-06,Monday,September,2021,36,1003.2,348,195.2,65,390.9,28,0,0,0,0,0,0,0,0,0,0,0,0,0,0,0,0,0.0,173.0,251.0,90.0,120.0,2.0,14.0,67.0,10227.0,
2021-09-07,Tuesday,September,2021,36,918.0,336,238.2,80,259.0,15,0,0,0,0,0,0,0,0,0,0,0,0,0,0,0,0,0.0,169.0,244.0,95.0,90.0,6.0,13.0,69.0,10230.0,
2021-09-08,Wednesday,September,2021,36,808.2,299,215.8,72,195.3,15,0,0,0,0,0,0,0,0,0,0,0,0,0,0,0,0,0.0,179.0,257.0,98.0,124.0,3.0,17.0,67.0,10172.0,
2021-09-09,Thursday,September,2021,36,926.4,328,248.8,83,253.4,18,0,0,0,0,0,0,0,0,0,0,0,0,0,0,0,0,0.0,195.0,269.0,119.0,77.0,4.0,20.0,67.0,10134.0,
2021-09-10,Friday,September,2021,36,900.0,340,243.2,75,339.3,27,0,0,0,0,0,0,0,0,0,0,0,0,0,0,0,0,22.0,193.0,240.0,137.0,69.0,6.0,19.0,70.0,10155.0,
2021-09-11,Saturday,September,2021,36,1359.0,562,366.6,117,395.0,27,0,0,0,0,0,0,0,0,0,0,0,0,0,0,0,0,133.0,180.0,224.0,135.0,34.0,6.0,16.0,81.0,10183.0,
2021-09-12,Sunday,September,2021,36,1372.0,585,402.6,124,237.0,17,0,0,0,0,0,0,0,0,0,0,0,0,0,0,0,0,0.0,165.0,223.0,104.0,117.0,3.0,11.0,77.0,10187.0,
2021-09-13,Monday,September,2021,37,878.4,328,189.0,66,371.0,23,0,0,0,0,0,0,0,0,0,0,0,0,0,0,0,0,0.0,182.0,248.0,120.0,95.0,6.0,10.0,75.0,10171.0,
2021-09-14,Tuesday,September,2021,37,656.0,267,181.6,63,348.0,26,0,0,0,0,0,0,0,0,0,0,0,0,0,0,0,0,14.0,199.0,267.0,127.0,84.0,6.0,12.0,75.0,10149.0,
2021-09-15,Wednesday,September,2021,37,698.6,312,169.0,57,284.5,18,0,0,0,0,0,0,0,0,0,0,0,0,0,0,0,0,47.0,188.0,212.0,163.0,0.0,7.0,17.0,84.0,10138.0,
2021-09-16,Thursday,September,2021,37,854.6,320,250.8,84,263.0,17,0,0,0,0,0,0,0,0,0,0,0,0,0,0,0,0,38.0,159.0,179.0,115.0,11.0,7.0,26.0,84.0,10159.0,
2021-09-17,Friday,September,2021,37,1196.8,477,331.9,107,521.0,24,0,0,0,0,0,0,0,0,0,0,0,0,0,0,0,0,0.0,143.0,191.0,93.0,36.0,6.0,9.0,77.0,10171.0,
2021-09-18,Saturday,September,2021,37,1839.2,702,460.2,140,706.7,47,0,0,0,0,0,0,0,0,0,0,0,0,0,0,0,0,0.0,139.0,213.0,70.0,115.0,2.0,12.0,76.0,10163.0,
2021-09-19,Sunday,September,2021,37,1430.0,548,482.6,155,195.5,16,0,0,0,0,0,0,0,0,0,0,0,0,0,0,0,0,0.0,142.0,197.0,76.0,93.0,4.0,22.0,76.0,10140.0,
2021-09-20,Monday,September,2021,38,814.8,325,213.2,74,237.5,16,0,0,0,0,0,0,0,0,0,0,0,0,0,0,0,0,0.0,138.0,173.0,111.0,9.0,6.0,17.0,80.0,10186.0,
2021-09-21,Tuesday,September,2021,38,905.0,385,238.8,82,201.0,16,0,0,0,0,0,0,0,0,0,0,0,0,0,0,0,0,0.0,126.0,159.0,72.0,45.0,6.0,21.0,70.0,10269.0,
2021-09-22,Wednesday,September,2021,38,1021.0,383,270.2,94,345.0,25,0,0,0,0,0,0,0,0,0,0,0,0,0,0,0,0,0.0,111.0,177.0,47.0,106.0,5.0,12.0,76.0,10289.0,
2021-09-23,Thursday,September,2021,38,1059.4,391,302.2,105,278.5,21,0,0,0,0,0,0,0,0,0,0,0,0,0,0,0,0,0.0,137.0,229.0,48.0,115.0,2.0,18.0,69.0,10218.0,
2021-09-24,Friday,September,2021,38,1181.2,449,321.6,103,230.0,18,0,0,0,0,0,0,0,0,0,0,0,0,0,0,0,0,0.0,149.0,226.0,85.0,115.0,1.0,18.0,72.0,10190.0,
2021-09-25,Saturday,September,2021,38,1665.2,661,499.8,152,366.5,29,0,0,0,0,0,0,0,0,0,0,0,0,0,0,0,0,0.0,162.0,261.0,68.0,98.0,4.0,11.0,72.0,10176.0,
2021-09-26,Sunday,September,2021,38,1022.4,416,442.5,128,324.5,20,0,0,0,0,0,0,0,0,0,0,0,0,0,0,0,0,2.0,173.0,219.0,127.0,30.0,6.0,16.0,80.0,10176.0,
2021-09-27,Monday,September,2021,39,885.6,344,251.4,89,215.5,15,0,0,0,0,0,0,0,0,0,0,0,0,0,0,0,0,9.0,171.0,219.0,122.0,69.0,6.0,13.0,76.0,10185.0,
2021-09-28,Tuesday,September,2021,39,1009.8,388,264.0,88,307.5,20,0,0,0,0,0,0,0,0,0,0,0,0,0,0,0,0,1.0,135.0,169.0,92.0,63.0,7.0,23.0,75.0,10229.0,
2021-09-29,Wednesday,September,2021,39,966.8,341,188.0,65,349.9,27,0,0,0,0,0,0,0,0,0,0,0,0,0,0,0,0,12.0,130.0,197.0,82.0,53.0,5.0,30.0,76.0,10209.0,
2021-09-30,Thursday,September,2021,39,1102.0,439,256.4,90,413.0,28,0,0,0,0,0,0,0,0,0,0,0,0,0,0,0,0,0.0,97.0,154.0,43.0,108.0,4.0,14.0,70.0,10287.0,
2021-10-01,Friday,October,2021,39,1201.0,456,390.2,120,789.8,48,0,0,0,0,0,0,0,0,0,0,0,0,0,0,0,0,0.0,121.0,214.0,31.0,104.0,6.0,13.0,71.0,10217.0,0.0
2021-10-02,Saturday,October,2021,39,1741.6,634,571.7,173,614.0,36,0,0,0,0,0,0,0,0,0,0,0,0,0,0,0,0,0.0,159.0,227.0,95.0,81.0,7.0,18.0,69.0,10141.0,0.0
2021-10-03,Sunday,October,2021,39,1133.8,489,328.0,103,145.0,11,0,0,0,0,0,0,0,0,0,0,0,0,0,0,0,0,12.0,164.0,224.0,115.0,3.0,8.0,14.0,73.0,10077.0,0.0
2021-10-04,Monday,October,2021,40,755.4,297,232.8,79,219.0,14,0,0,0,0,0,0,0,0,0,0,0,0,0,0,0,0,113.0,122.0,134.0,107.0,0.0,8.0,16.0,87.0,10183.0,0.0
2021-10-05,Tuesday,October,2021,40,821.4,333,160.4,57,263.5,21,0,0,0,0,0,0,0,0,0,0,0,0,0,0,0,0,5.0,127.0,168.0,102.0,24.0,7.0,19.0,82.0,10124.0,0.0
2021-10-06,Wednesday,October,2021,40,848.8,334,244.4,83,408.5,27,0,0,0,0,0,0,0,0,0,0,0,0,0,0,0,0,6.0,106.0,148.0,75.0,41.0,6.0,31.0,75.0,10195.0,0.0
2021-10-07,Thursday,October,2021,40,884.2,333,246.0,80,207.9,16,0,0,0,0,0,0,0,0,0,0,0,0,0,0,0,0,0.0,104.0,138.0,82.0,4.0,7.0,16.0,82.0,10269.0,0.0
2021-10-08,Friday,October,2021,40,1072.2,400,376.2,115,408.5,29,0,0,0,0,0,0,0,0,0,0,0,0,0,0,0,0,0.0,103.0,143.0,69.0,28.0,4.0,26.0,82.0,10278.0,0.0
2021-10-09,Saturday,October,2021,40,1709.8,646,544.6,166,459.0,33,0,0,0,0,0,0,0,0,0,0,0,0,0,0,0,0,0.0,100.0,159.0,44.0,106.0,1.0,25.0,74.0,10268.0,0.0
2021-10-10,Sunday,October,2021,40,1586.2,674,591.0,184,513.5,21,0,0,0,0,0,0,0,0,0,0,0,0,0,0,0,0,0.0,72.0,138.0,19.0,106.0,1.0,14.0,74.0,10272.0,0.0
2021-10-11,Monday,October,2021,41,922.4,374,298.6,98,164.0,12,0,0,0,0,0,0,0,0,0,0,0,0,0,0,0,0,10.0,71.0,138.0,-5.0,75.0,5.0,16.0,82.0,10268.0,0.0
2021-10-12,Tuesday,October,2021,41,553.0,197,169.2,60,242.5,18,0,0,0,0,0,0,0,0,0,0,0,0,0,0,0,0,36.0,89.0,115.0,64.0,4.0,7.0,25.0,85.0,10218.0,0.0
2021-10-13,Wednesday,October,2021,41,887.2,337,254.6,88,133.5,10,0,0,0,0,0,0,0,0,0,0,0,0,0,0,0,0,0.0,74.0,107.0,30.0,36.0,6.0,26.0,81.0,10246.0,0.0
2021-10-14,Thursday,October,2021,41,1126.0,467,303.0,106,304.5,22,0,0,0,0,0,0,0,0,0,0,0,0,0,0,0,0,0.0,74.0,147.0,15.0,87.0,4.0,12.0,79.0,10274.0,0.0
2021-10-15,Friday,October,2021,41,1212.3,450,495.8,148,504.45,35,0,0,0,0,0,0,0,0,0,0,0,0,0,0,0,0,0.0,75.0,150.0,6.0,69.0,5.0,13.0,80.0,10207.0,0.0
2021-10-16,Saturday,October,2021,41,3386.2,1427,1184.4,363,782.5,62,0,0,0,0,0,0,0,0,0,0,0,0,0,0,0,0,0.0,83.0,142.0,31.0,42.0,4.0,12.0,86.0,10215.0,0.0
2021-10-18,Monday,October,2021,42,1114.8,444,231.4,78,410.3,28,0,0,0,0,0,0,0,0,0,0,0,0,0,0,0,0,1.0,82.0,141.0,43.0,47.0,7.0,12.0,86.0,10253.0,0.0
2021-10-19,Tuesday,October,2021,42,750.6,303,203.2,68,333.5,24,0,0,0,0,0,0,0,0,0,0,0,0,0,0,0,0,7.0,101.0,159.0,32.0,4.0,6.0,12.0,85.0,10245.0,0.0
2021-10-20,Wednesday,October,2021,42,1045.8,418,296.4,104,236.0,15,0,0,0,0,0,0,0,0,0,0,0,0,0,0,0,0,65.0,144.0,214.0,57.0,76.0,5.0,23.0,69.0,10148.0,0.0
2021-10-21,Thursday,October,2021,42,1031.6,461,312.6,110,390.0,27,0,0,0,0,0,0,0,0,0,0,0,0,0,0,0,0,21.0,124.0,154.0,67.0,68.0,6.0,58.0,68.0,10083.0,0.0
2021-10-22,Friday,October,2021,42,1330.8,479,481.8,145,473.0,31,0,0,0,0,0,0,0,0,0,0,0,0,0,0,0,0,0.0,73.0,111.0,23.0,97.0,4.0,34.0,71.0,10206.0,0.0
2021-10-23,Saturday,October,2021,42,1799.6,730,555.6,168,590.2,47,0,0,0,0,0,0,0,0,0,0,0,0,0,0,0,0,0.0,71.0,124.0,1.0,59.0,4.0,17.0,73.0,10283.0,0.0
2021-10-24,Sunday,October,2021,42,1499.8,656,554.4,175,206.4,13,0,0,0,0,0,0,0,0,0,0,0,0,0,0,0,0,0.0,55.0,142.0,-17.0,100.0,0.0,12.0,77.0,10273.0,0.0
2021-10-25,Monday,October,2021,43,868.4,315,247.4,84,169.0,15,0,0,0,0,0,0,0,0,0,0,0,0,0,0,0,0,7.0,65.0,159.0,-8.0,65.0,4.0,10.0,79.0,10228.0,0.0
2021-10-26,Tuesday,October,2021,43,839.6,356,209.4,72,281.6,20,0,0,0,0,0,0,0,0,0,0,0,0,0,0,0,0,0.0,87.0,154.0,45.0,28.0,6.0,11.0,85.0,10243.0,0.0
2021-10-27,Wednesday,October,2021,43,990.6,404,278.0,96,335.0,25,0,0,0,0,0,0,0,0,0,0,0,0,0,0,0,0,0.0,70.0,148.0,8.0,86.0,5.0,10.0,86.0,10270.0,0.0
2021-10-28,Thursday,October,2021,43,905.0,425,268.6,92,253.7,20,0,0,0,0,0,0,0,0,0,0,0,0,0,0,0,0,0.0,63.0,147.0,9.0,76.0,3.0,10.0,88.0,10218.0,0.0
2021-10-29,Friday,October,2021,43,1358.4,525,376.4,116,557.5,40,0,0,0,0,0,0,0,0,0,0,0,0,0,0,0,0,0.0,66.0,150.0,5.0,85.0,5.0,10.0,85.0,10151.0,0.0
2021-10-30,Saturday,October,2021,43,1352.4,548,491.4,146,566.4,43,0,0,0,0,0,0,0,0,0,0,0,0,0,0,0,0,7.0,61.0,117.0,-6.0,19.0,5.0,9.0,89.0,10105.0,0.0
2021-10-31,Sunday,October,2021,43,1239.6,509,531.3,152,247.5,20,0,0,0,0,0,0,0,0,0,0,0,0,0,0,0,0,82.0,115.0,211.0,42.0,80.0,5.0,11.0,78.0,10087.0,0.0
2021-11-01,Monday,November,2021,44,912.4,347,370.4,121,487.7,33,0,0,0,0,0,0,0,0,0,0,0,0,0,0,0,0,43.0,89.0,132.0,34.0,1.0,7.0,16.0,88.0,10052.0,0.0
2021-11-02,Tuesday,November,2021,44,715.6,277,217.2,74,302.5,23,0,0,0,0,0,0,0,0,0,0,0,0,0,0,0,0,19.0,66.0,101.0,21.0,28.0,6.0,19.0,86.0,10039.0,0.0
2021-11-03,Wednesday,November,2021,44,684.0,259,172.0,60,268.0,20,0,0,0,0,0,0,0,0,0,0,0,0,0,0,0,0,5.0,62.0,94.0,23.0,0.0,8.0,13.0,88.0,10017.0,0.0
2021-11-04,Thursday,November,2021,44,567.8,225,216.8,73,215.5,16,0,0,0,0,0,0,0,0,0,0,0,0,0,0,0,0,19.0,56.0,72.0,44.0,2.0,7.0,29.0,83.0,10068.0,0.0
2021-11-05,Friday,November,2021,44,836.6,316,389.4,96,397.0,27,0,0,0,0,0,0,0,0,0,0,0,0,0,0,0,0,0.0,60.0,93.0,29.0,7.0,7.0,15.0,84.0,10220.0,0.0
2021-11-06,Saturday,November,2021,44,1473.2,547,486.6,142,608.5,45,0,0,0,0,0,0,0,0,0,0,0,0,0,0,0,0,0.0,24.0,54.0,2.0,5.0,7.0,11.0,97.0,10310.0,0.0
2021-11-07,Sunday,November,2021,44,1085.2,479,468.6,134,202.5,14,0,0,0,0,0,0,0,0,0,0,0,0,0,0,0,0,0.0,53.0,107.0,2.0,24.0,7.0,26.0,84.0,10233.0,0.0
2021-11-08,Monday,November,2021,45,838.2,358,280.4,97,329.5,20,0,0,0,0,0,0,0,0,0,0,0,0,0,0,0,0,0.0,48.0,91.0,-5.0,82.0,3.0,15.0,82.0,10239.0,0.0
2021-11-09,Tuesday,November,2021,45,1510.6,597,420.8,140,338.7,26,0,0,0,0,0,0,0,0,0,0,0,0,0,0,0,0,0.0,30.0,94.0,-20.0,90.0,4.0,20.0,80.0,10276.0,0.0
2021-11-11,Thursday,November,2021,45,765.0,316,206.6,68,281.0,20,0,0,0,0,0,0,0,0,0,0,0,0,0,0,0,0,1.0,21.0,90.0,-25.0,81.0,2.0,11.0,89.0,10254.0,0.0
2021-11-12,Friday,November,2021,45,1250.8,510,484.8,127,400.05,30,0,0,0,0,0,0,0,0,0,0,0,0,0,0,0,0,2.0,11.0,63.0,-10.0,20.0,7.0,11.0,97.0,10219.0,0.0
2021-11-13,Saturday,November,2021,45,1127.6,488,487.2,146,541.0,40,0,0,0,0,0,0,0,0,0,0,0,0,0,0,0,0,6.0,44.0,88.0,1.0,2.0,8.0,12.0,93.0,10173.0,0.0
2021-11-14,Sunday,November,2021,45,1071.0,452,476.2,139,220.5,17,0,0,0,0,0,0,0,0,0,0,0,0,0,0,0,0,0.0,76.0,95.0,51.0,1.0,8.0,27.0,89.0,10187.0,0.0
2021-11-15,Monday,November,2021,46,636.8,253,195.6,65,222.0,18,0,0,0,0,0,0,0,0,0,0,0,0,0,0,0,0,0.0,61.0,75.0,51.0,0.0,8.0,30.0,86.0,10226.0,0.0
2021-11-16,Tuesday,November,2021,46,582.8,230,128.0,46,170.5,14,0,0,0,0,0,0,0,0,0,0,0,0,0,0,0,0,0.0,49.0,55.0,45.0,0.0,8.0,14.0,85.0,10226.0,0.0
2021-11-17,Wednesday,November,2021,46,566.2,236,157.6,54,369.0,23,0,0,0,0,0,0,0,0,0,0,0,0,0,0,0,0,4.0,48.0,55.0,42.0,0.0,8.0,21.0,85.0,10239.0,0.0
2021-11-18,Thursday,November,2021,46,594.4,234,153.0,51,116.5,9,0,0,0,0,0,0,0,0,0,0,0,0,0,0,0,0,0.0,54.0,84.0,6.0,3.0,7.0,12.0,88.0,10312.0,0.0
2021-11-19,Friday,November,2021,46,1050.2,419,418.8,110,448.2,33,0,0,0,0,0,0,0,0,0,0,0,0,0,0,0,0,0.0,33.0,74.0,-11.0,66.0,5.0,12.0,90.0,10333.0,0.0
2021-11-20,Saturday,November,2021,46,1385.2,594,520.6,155,630.2,45,0,0,0,0,0,0,0,0,0,0,0,0,0,0,0,0,0.0,49.0,70.0,20.0,5.0,8.0,13.0,91.0,10277.0,0.0
2021-11-21,Sunday,November,2021,46,1029.8,439,384.0,114,232.0,17,0,0,0,0,0,0,0,0,0,0,0,0,0,0,0,0,6.0,22.0,31.0,6.0,0.0,8.0,11.0,95.0,10153.0,0.0
2021-11-22,Monday,November,2021,47,455.6,166,178.4,60,308.0,24,0,0,0,0,0,0,0,0,0,0,0,0,0,0,0,0,15.0,41.0,57.0,3.0,0.0,8.0,31.0,88.0,10198.0,0.0
2021-11-23,Tuesday,November,2021,47,728.2,291,183.2,64,710.5,28,0,0,0,0,0,0,0,0,0,0,0,0,0,0,0,0,0.0,5.0,52.0,-42.0,79.0,1.0,23.0,77.0,10291.0,0.0
2021-11-24,Wednesday,November,2021,47,641.8,249,172.0,59,163.7,11,0,0,0,0,0,0,0,0,0,0,0,0,0,0,0,0,0.0,-13.0,28.0,-65.0,76.0,3.0,20.0,84.0,10241.0,0.0
2021-11-25,Thursday,November,2021,47,664.4,260,153.4,55,231.0,19,0,0,0,0,0,0,0,0,0,0,0,0,0,0,0,0,0.0,5.0,18.0,-2.0,0.0,8.0,15.0,85.0,10127.0,0.0
2021-11-26,Friday,November,2021,47,686.0,264,325.5,76,375.7,27,0,0,0,0,0,0,0,0,0,0,0,0,0,0,0,0,0.0,12.0,29.0,-2.0,1.0,8.0,19.0,83.0,10039.0,0.0
2021-11-27,Saturday,November,2021,47,1272.8,564,463.2,139,800.0,56,0,0,0,0,0,0,0,0,0,0,0,0,0,0,0,0,5.0,18.0,59.0,-27.0,18.0,6.0,23.0,81.0,9927.0,0.0
2021-11-28,Sunday,November,2021,47,1026.4,456,379.4,114,140.0,12,0,0,0,0,0,0,0,0,0,0,0,0,0,0,0,0,32.0,7.0,27.0,-14.0,0.0,7.0,10.0,87.0,9978.0,0.0
2021-11-29,Monday,November,2021,48,554.6,204,185.0,61,353.5,28,0,0,0,0,0,0,0,0,0,0,0,0,0,0,0,0,6.0,8.0,22.0,0.0,17.0,7.0,45.0,84.0,10075.0,0.0
2021-11-30,Tuesday,November,2021,48,521.0,198,201.8,71,363.5,23,0,0,0,0,0,0,0,0,0,0,0,0,0,0,0,0,39.0,18.0,41.0,2.0,0.0,8.0,60.0,83.0,10151.0,0.0
2021-12-01,Wednesday,December,2021,48,551.0,215,168.0,57,431.7,30,0,0,0,0,0,0,0,0,0,0,0,0,0,0,0,0,17.0,66.0,92.0,39.0,14.0,7.0,46.0,78.0,10049.0,0.0
2021-12-02,Thursday,December,2021,48,620.6,245,210.6,69,581.2,37,0,0,0,0,0,0,0,0,0,0,0,0,0,0,0,0,37.0,26.0,49.0,1.0,6.0,7.0,37.0,88.0,10030.0,0.0
2021-12-03,Friday,December,2021,48,883.4,378,270.7,81,486.5,39,0,0,0,0,0,0,0,0,0,0,0,0,0,0,0,0,27.0,9.0,28.0,-13.0,57.0,6.0,29.0,75.0,10143.0,0.0
2021-12-04,Saturday,December,2021,48,1115.0,552,239.0,73,1182.0,71,0,0,0,0,0,0,0,0,0,0,0,0,0,0,0,0,34.0,51.0,93.0,9.0,0.0,8.0,31.0,86.0,10011.0,0.0
2021-12-05,Sunday,December,2021,48,1254.4,664,417.8,121,405.5,23,0,0,0,0,0,0,0,0,0,0,0,0,0,0,0,0,1.0,29.0,58.0,10.0,52.0,6.0,21.0,82.0,10057.0,0.0
2021-12-06,Monday,December,2021,49,582.4,261,146.0,51,485.0,33,0,0,0,0,0,0,0,0,0,0,0,0,0,0,0,0,2.0,16.0,50.0,-17.0,11.0,7.0,13.0,86.0,10140.0,0.0
2021-12-07,Tuesday,December,2021,49,576.8,243,119.0,44,345.5,26,0,0,0,0,0,0,0,0,0,0,0,0,0,0,0,0,55.0,18.0,58.0,-17.0,48.0,6.0,24.0,79.0,10125.0,0.0
2021-12-08,Wednesday,December,2021,49,519.2,199,127.6,43,434.2,30,0,0,0,0,0,0,0,0,0,0,0,0,0,0,0,0,38.0,23.0,42.0,1.0,0.0,8.0,13.0,90.0,10026.0,0.0
2021-12-09,Thursday,December,2021,49,631.8,261,128.8,45,468.0,35,0,0,0,0,0,0,0,0,0,0,0,0,0,0,0,0,1.0,28.0,48.0,8.0,12.0,7.0,29.0,83.0,10070.0,0.0
2021-12-10,Friday,December,2021,49,659.0,236,293.7,82,565.0,39,0,0,0,0,0,0,0,0,0,0,0,0,0,0,0,0,15.0,8.0,28.0,-33.0,1.0,7.0,23.0,84.0,9994.0,0.0
2021-12-11,Saturday,December,2021,49,1237.4,530,347.8,108,1345.5,98,0,0,0,0,0,0,0,0,0,0,0,0,0,0,0,0,0.0,21.0,34.0,5.0,1.0,8.0,32.0,85.0,10142.0,0.0
2021-12-12,Sunday,December,2021,49,1030.1,459,362.2,107,516.9,28,0,0,0,0,0,0,0,0,0,0,0,0,0,0,0,0,2.0,31.0,53.0,-20.0,12.0,7.0,17.0,77.0,10282.0,0.0
2021-12-13,Monday,December,2021,50,1980.6,900,493.2,163,2318.45,160,0,0,0,0,0,0,0,0,0,0,0,0,0,0,0,0,0.0,54.0,74.0,40.0,0.0,8.0,12.0,93.0,10295.0,0.0
2021-12-16,Thursday,December,2021,50,744.4,302,165.8,54,1014.95,78,0,0,0,0,0,0,0,0,0,0,0,0,0,0,0,0,0.0,30.0,52.0,-3.0,0.0,6.0,13.0,92.0,10377.0,0.0
2021-12-17,Friday,December,2021,50,1024.0,431,282.4,86,966.5,73,0,0,0,0,0,0,0,0,0,0,0,0,0,0,0,0,0.0,43.0,70.0,13.0,72.0,6.0,19.0,85.0,10389.0,0.0
2021-12-18,Saturday,December,2021,50,1364.54,602,414.2,122,1536.36,112,0,0,0,0,0,0,0,0,0,0,0,0,0,0,0,0,0.0,15.0,28.0,6.0,0.0,8.0,19.0,87.0,10385.0,0.0
2021-12-19,Sunday,December,2021,50,1016.6,415,299.8,92,580.7,40,0,0,0,0,0,0,0,0,0,0,0,0,0,0,0,0,1.0,6.0,20.0,-6.0,0.0,8.0,17.0,94.0,10326.0,0.0
2021-12-20,Monday,December,2021,51,776.0,315,220.4,76,1256.0,93,0,0,0,0,0,0,0,0,0,0,0,0,0,0,0,0,0.0,13.0,45.0,-38.0,16.0,5.0,12.0,89.0,10269.0,0.0
2021-12-21,Tuesday,December,2021,51,913.8,419,220.0,72,1881.75,133,0,0,0,0,0,0,0,0,0,0,0,0,0,0,0,0,0.0,-28.0,18.0,-72.0,78.0,0.0,13.0,84.0,10261.0,0.0
2021-12-22,Wednesday,December,2021,51,1788.2,720,445.5,178,4008.8,287,0,0,0,0,0,0,0,0,0,0,0,0,0,0,0,0,0.0,-45.0,-2.0,-84.0,76.0,2.0,10.0,84.0,10271.0,0.0
2021-12-24,Friday,December,2021,51,520.2,224,144.2,52,551.6,39,0,0,0,0,0,0,0,0,0,0,0,0,0,0,0,0,55.0,81.0,91.0,66.0,0.0,8.0,27.0,80.0,10085.0,0.0
2021-12-27,Monday,December,2021,52,1229.32,532,304.88,106,670.3,41,0,0,0,0,0,0,0,0,0,0,0,0,0,0,0,0,29.0,64.0,87.0,20.0,35.0,7.0,14.0,89.0,10044.0,0.0
2021-12-28,Tuesday,December,2021,52,994.2,398,270.8,87,262.0,17,0,0,0,0,0,0,0,0,0,0,0,0,0,0,0,0,72.0,78.0,114.0,38.0,5.0,7.0,37.0,83.0,10013.0,0.0
2021-12-29,Wednesday,December,2021,52,1047.4,452,333.8,108,456.85,33,0,0,0,0,0,0,0,0,0,0,0,0,0,0,0,0,52.0,85.0,118.0,72.0,1.0,8.0,32.0,86.0,10091.0,0.0
2021-12-30,Thursday,December,2021,52,1192.0,530,360.2,115,417.5,28,0,0,0,0,0,0,0,0,0,0,0,0,0,0,0,0,6.0,127.0,153.0,91.0,26.0,7.0,29.0,85.0,10194.0,0.0
2021-12-31,Friday,December,2021,52,1555.4,673,556.0,154,454.5,29,0,0,0,0,0,0,0,0,0,0,0,0,0,0,0,0,0.0,92.0,146.0,43.0,69.0,3.0,19.0,83.0,10239.0,0.0
2022-01-02,Sunday,January,2022,52,1528.8,705,430.8,134,255.5,18,0,0,0,0,0,0,0,0,0,0,0,0,0,0,0,0,0.0,65.0,139.0,-3.0,29.0,6.0,18.0,78.0,10216.0,0.0
2022-01-03,Monday,January,2022,1,1142.4,487,316.0,105,590.7,41,0,0,0,0,0,0,0,0,0,0,0,0,0,0,0,0,10.0,104.0,117.0,91.0,0.0,8.0,48.0,67.0,10168.0,0.0
2022-01-04,Tuesday,January,2022,1,624.0,252,193.6,61,279.5,20,0,0,0,0,0,0,0,0,0,0,0,0,0,0,0,0,140.0,84.0,125.0,32.0,0.0,8.0,43.0,85.0,10019.0,0.0
2022-01-05,Wednesday,January,2022,1,978.0,454,218.6,73,596.6,45,0,0,0,0,0,0,0,0,0,0,0,0,0,0,0,0,4.0,24.0,51.0,9.0,48.0,7.0,50.0,74.0,10085.0,0.0
2022-01-06,Thursday,January,2022,1,987.6,440,369.0,118,181.8,11,0,0,0,0,0,0,0,0,0,0,0,0,0,0,0,0,0.0,10.0,47.0,-36.0,19.0,4.0,24.0,85.0,10195.0,0.0
2022-01-07,Friday,January,2022,1,985.6,408,343.6,108,1004.5,51,0,0,0,0,0,0,0,0,0,0,0,0,0,0,0,0,15.0,-4.0,20.0,-47.0,3.0,6.0,23.0,84.0,10201.0,0.0
2022-01-08,Saturday,January,2022,1,2227.0,998,712.8,218,558.0,38,0,0,0,0,0,0,0,0,0,0,0,0,0,0,0,0,26.0,19.0,39.0,3.0,11.0,7.0,37.0,76.0,10129.0,0.0
2022-01-10,Monday,January,2022,2,618.4,258,151.2,52,207.6,15,0,0,0,0,0,0,0,0,0,0,0,0,0,0,0,0,0.0,16.0,34.0,0.0,0.0,7.0,11.0,90.0,10194.0,0.0
2022-01-11,Tuesday,January,2022,2,461.4,241,123.2,40,259.5,18,0,0,0,0,0,0,0,0,0,0,0,0,0,0,0,0,0.0,15.0,46.0,-25.0,14.0,6.0,19.0,82.0,10327.0,0.0
2022-01-12,Wednesday,January,2022,2,817.2,335,217.8,73,357.0,24,0,0,0,0,0,0,0,0,0,0,0,0,0,0,0,0,0.0,-22.0,12.0,-62.0,81.0,2.0,10.0,83.0,10394.0,0.0
2022-01-13,Thursday,January,2022,2,775.0,332,210.0,74,443.5,30,0,0,0,0,0,0,0,0,0,0,0,0,0,0,0,0,0.0,-14.0,35.0,-50.0,78.0,5.0,9.0,83.0,10424.0,0.0
2022-01-14,Friday,January,2022,2,993.2,446,302.0,96,209.0,14,0,0,0,0,0,0,0,0,0,0,0,0,0,0,0,0,0.0,0.0,72.0,-43.0,82.0,1.0,10.0,83.0,10373.0,0.0
2022-01-15,Saturday,January,2022,2,1508.0,709,448.8,144,524.5,39,0,0,0,0,0,0,0,0,0,0,0,0,0,0,0,0,0.0,-14.0,45.0,-57.0,81.0,1.0,11.0,89.0,10307.0,0.0
2022-01-16,Sunday,January,2022,2,1128.8,600,436.6,133,297.8,22,0,0,0,0,0,0,0,0,0,0,0,0,0,0,0,0,1.0,-7.0,27.0,-50.0,19.0,7.0,17.0,87.0,10286.0,0.0
2022-01-17,Monday,January,2022,3,548.6,231,143.4,50,307.5,20,0,0,0,0,0,0,0,0,0,0,0,0,0,0,0,0,7.0,32.0,53.0,13.0,6.0,8.0,29.0,81.0,10346.0,0.0
2022-01-18,Tuesday,January,2022,3,599.6,295,129.6,44,315.5,22,0,0,0,0,0,0,0,0,0,0,0,0,0,0,0,0,0.0,32.0,56.0,0.0,16.0,7.0,21.0,85.0,10376.0,0.0
2022-01-19,Wednesday,January,2022,3,769.0,350,172.4,59,269.0,19,0,0,0,0,0,0,0,0,0,0,0,0,0,0,0,0,3.0,17.0,65.0,-40.0,64.0,4.0,24.0,78.0,10294.0,0.0
2022-01-20,Thursday,January,2022,3,547.8,206,152.2,51,278.5,18,0,0,0,0,0,0,0,0,0,0,0,0,0,0,0,0,6.0,17.0,41.0,-5.0,4.0,7.0,48.0,81.0,10269.0,0.0
2022-01-21,Friday,January,2022,3,718.0,282,246.6,82,333.9,22,0,0,0,0,0,0,0,0,0,0,0,0,0,0,0,0,0.0,7.0,19.0,-5.0,2.0,7.0,40.0,77.0,10335.0,0.0
2022-01-22,Saturday,January,2022,3,1210.2,491,391.8,124,564.5,40,0,0,0,0,0,0,0,0,0,0,0,0,0,0,0,0,5.0,21.0,37.0,7.0,0.0,8.0,30.0,87.0,10345.0,0.0
2022-01-23,Sunday,January,2022,3,1007.6,430,281.0,89,243.0,18,0,0,0,0,0,0,0,0,0,0,0,0,0,0,0,0,0.0,25.0,48.0,-5.0,2.0,8.0,15.0,84.0,10356.0,0.0
2022-01-24,Monday,January,2022,4,745.8,343,188.6,67,313.0,21,0,0,0,0,0,0,0,0,0,0,0,0,0,0,0,0,0.0,9.0,62.0,-36.0,70.0,1.0,13.0,82.0,10346.0,0.0
2022-01-25,Tuesday,January,2022,4,763.6,366,193.2,67,254.0,18,0,0,0,0,0,0,0,0,0,0,0,0,0,0,0,0,0.0,-9.0,44.0,-47.0,85.0,2.0,11.0,90.0,10341.0,0.0
2022-01-26,Wednesday,January,2022,4,597.8,258,147.6,53,258.4,19,0,0,0,0,0,0,0,0,0,0,0,0,0,0,0,0,0.0,-17.0,-7.0,-28.0,0.0,8.0,16.0,95.0,10338.0,0.0
2022-01-27,Thursday,January,2022,4,615.0,264,201.6,70,359.4,24,0,0,0,0,0,0,0,0,0,0,0,0,0,0,0,0,7.0,4.0,41.0,-29.0,5.0,8.0,25.0,84.0,10304.0,0.0
2022-01-28,Friday,January,2022,4,890.0,373,278.6,88,267.5,21,0,0,0,0,0,0,0,0,0,0,0,0,0,0,0,0,0.0,28.0,59.0,-6.0,17.0,6.0,44.0,76.0,10339.0,0.0
2022-01-29,Saturday,January,2022,4,1227.6,498,390.4,123,542.5,30,0,0,0,0,0,0,0,0,0,0,0,0,0,0,0,0,10.0,38.0,63.0,3.0,9.0,8.0,42.0,77.0,10316.0,0.0
2022-01-30,Sunday,January,2022,4,1544.0,670,354.8,111,241.0,17,0,0,0,0,0,0,0,0,0,0,0,0,0,0,0,0,0.0,42.0,76.0,-29.0,43.0,5.0,52.0,75.0,10285.0,0.0
2022-01-31,Monday,January,2022,5,575.2,224,160.6,55,358.2,23,0,0,0,0,0,0,0,0,0,0,0,0,0,0,0,0,17.0,25.0,53.0,-15.0,8.0,8.0,68.0,82.0,10158.0,0.0
2022-02-01,Tuesday,February,2022,5,540.9,228,147.2,50,334.2,28,0,0,0,0,0,0,0,0,0,0,0,0,0,0,0,0,5.0,26.0,49.0,12.0,0.0,8.0,63.0,80.0,10197.0,0.0
2022-02-02,Wednesday,February,2022,5,542.4,248,140.2,49,281.5,22,0,0,0,0,0,0,0,0,0,0,0,0,0,0,0,0,39.0,59.0,87.0,24.0,2.0,7.0,51.0,81.0,10190.0,0.0
2022-02-03,Thursday,February,2022,5,673.0,285,169.4,57,272.0,19,0,0,0,0,0,0,0,0,0,0,0,0,0,0,0,0,0.0,62.0,93.0,25.0,11.0,7.0,15.0,87.0,10206.0,0.0
2022-02-04,Friday,February,2022,5,868.8,382,215.6,66,444.0,32,0,0,0,0,0,0,0,0,0,0,0,0,0,0,0,0,6.0,56.0,73.0,29.0,16.0,7.0,34.0,79.0,10162.0,0.0
2022-02-05,Saturday,February,2022,5,1896.2,984,475.0,153,716.0,50,0,0,0,0,0,0,0,0,0,0,0,0,0,0,0,0,0.0,35.0,74.0,7.0,82.0,3.0,40.0,68.0,10237.0,0.0
2022-02-06,Sunday,February,2022,5,968.0,436,405.6,129,463.2,31,0,0,0,0,0,0,0,0,0,0,0,0,0,0,0,0,142.0,48.0,72.0,15.0,0.0,7.0,70.0,73.0,10166.0,0.0
2022-02-07,Monday,February,2022,6,561.0,253,169.0,61,345.0,23,0,0,0,0,0,0,0,0,0,0,0,0,0,0,0,0,0.0,20.0,49.0,-17.0,19.0,5.0,58.0,77.0,10213.0,0.0
2022-02-08,Tuesday,February,2022,6,1002.2,434,287.6,97,363.4,25,0,0,0,0,0,0,0,0,0,0,0,0,0,0,0,0,0.0,53.0,104.0,-4.0,30.0,6.0,33.0,70.0,10331.0,0.0
2022-02-09,Wednesday,February,2022,6,1207.2,506,304.6,100,442.3,32,0,0,0,0,0,0,0,0,0,0,0,0,0,0,0,0,0.0,71.0,141.0,10.0,95.0,3.0,15.0,69.0,10297.0,0.0
2022-02-10,Thursday,February,2022,6,1023.6,429,310.2,101,281.0,18,0,0,0,0,0,0,0,0,0,0,0,0,0,0,0,0,4.0,52.0,124.0,-16.0,57.0,5.0,29.0,72.0,10244.0,0.0
2022-02-11,Friday,February,2022,6,941.6,405,344.6,102,447.9,29,0,0,0,0,0,0,0,0,0,0,0,0,0,0,0,0,1.0,30.0,59.0,-30.0,34.0,5.0,43.0,76.0,10288.0,0.0
2022-02-12,Saturday,February,2022,6,1874.2,796,584.6,180,863.0,64,0,0,0,0,0,0,0,0,0,0,0,0,0,0,0,0,0.0,2.0,64.0,-56.0,89.0,4.0,16.0,78.0,10315.0,0.0
2022-02-13,Sunday,February,2022,6,2512.8,1192,666.0,214,812.6,53,0,0,0,0,0,0,0,0,0,0,0,0,0,0,0,0,0.0,31.0,117.0,-45.0,96.0,1.0,19.0,66.0,10208.0,0.0
2022-02-15,Tuesday,February,2022,7,763.6,322,205.8,65,554.5,30,0,0,0,0,0,0,0,0,0,0,0,0,0,0,0,0,6.0,55.0,82.0,30.0,11.0,7.0,29.0,75.0,10143.0,0.0
2022-02-16,Wednesday,February,2022,7,690.2,293,199.2,61,582.0,38,0,0,0,0,0,0,0,0,0,0,0,0,0,0,0,0,24.0,78.0,116.0,35.0,1.0,8.0,52.0,74.0,10102.0,0.0
2022-02-17,Thursday,February,2022,7,955.6,364,281.6,88,347.8,19,0,0,0,0,0,0,0,0,0,0,0,0,0,0,0,0,1.0,105.0,128.0,71.0,73.0,5.0,102.0,63.0,10081.0,0.0
2022-02-18,Friday,February,2022,7,1111.8,482,372.8,116,652.5,46,0,0,0,0,0,0,0,0,0,0,0,0,0,0,0,0,10.0,101.0,161.0,55.0,24.0,7.0,59.0,64.0,10095.0,0.0
2022-02-19,Saturday,February,2022,7,1936.2,880,544.2,167,814.4,48,0,0,0,0,0,0,0,0,0,0,0,0,0,0,0,0,0.0,58.0,88.0,32.0,90.0,5.0,56.0,51.0,10176.0,0.0
2022-02-20,Sunday,February,2022,7,1165.65,525,504.5,158,365.25,26,0,0,0,0,0,0,0,0,0,0,0,0,0,0,0,0,27.0,73.0,99.0,42.0,2.0,7.0,72.0,66.0,10171.0,0.0
2022-02-21,Monday,February,2022,8,666.0,233,167.0,53,639.0,27,0,0,0,0,0,0,0,0,0,0,0,0,0,0,0,0,5.0,60.0,101.0,26.0,41.0,6.0,89.0,68.0,10081.0,0.0
2022-02-22,Tuesday,February,2022,8,739.8,295,199.4,64,202.0,15,0,0,0,0,0,0,0,0,0,0,0,0,0,0,0,0,18.0,58.0,88.0,20.0,18.0,6.0,58.0,71.0,10211.0,0.0
2022-02-23,Wednesday,February,2022,8,1234.2,520,304.0,105,443.7,28,0,0,0,0,0,0,0,0,0,0,0,0,0,0,0,0,0.0,63.0,117.0,9.0,96.0,3.0,24.0,74.0,10261.0,0.0
2022-02-24,Thursday,February,2022,8,821.5,374,212.8,66,281.7,19,0,0,0,0,0,0,0,0,0,0,0,0,0,0,0,0,10.0,65.0,135.0,2.0,46.0,7.0,36.0,71.0,10179.0,0.0
2022-02-25,Friday,February,2022,8,1034.8,371,359.7,111,252.5,17,0,0,0,0,0,0,0,0,0,0,0,0,0,0,0,0,0.0,26.0,74.0,-9.0,62.0,5.0,46.0,73.0,10254.0,0.0
2022-02-26,Saturday,February,2022,8,1659.4,767,515.5,158,637.5,42,0,0,0,0,0,0,0,0,0,0,0,0,0,0,0,0,0.0,25.0,59.0,-7.0,33.0,6.0,29.0,69.0,10336.0,0.0
2022-02-27,Sunday,February,2022,8,1642.6,762,656.2,196,369.25,27,0,0,0,0,0,0,0,0,0,0,0,0,0,0,0,0,0.0,22.0,73.0,-25.0,105.0,0.0,34.0,63.0,10322.0,0.0
2022-02-28,Monday,February,2022,9,1200.4,525,333.8,112,333.0,23,0,0,0,0,0,0,0,0,0,0,0,0,0,0,0,0,0.0,18.0,89.0,-58.0,106.0,0.0,22.0,56.0,10320.0,0.0
2022-03-01,Tuesday,March,2022,9,1065.4,414,278.6,87,239.5,16,0,0,0,0,0,0,0,0,0,0,0,0,0,0,0,0,0.0,4.0,71.0,-54.0,97.0,3.0,17.0,55.0,10302.0,0.0
2022-03-02,Wednesday,March,2022,9,800.4,326,231.4,77,363.0,27,0,0,0,0,0,0,0,0,0,0,0,0,0,0,0,0,0.0,8.0,72.0,-55.0,14.0,6.0,12.0,63.0,10248.0,0.0
2022-03-03,Thursday,March,2022,9,1543.4,724,402.2,128,322.0,25,0,0,0,0,0,0,0,0,0,0,0,0,0,0,0,0,0.0,24.0,100.0,-53.0,105.0,1.0,19.0,59.0,10192.0,0.0
2022-03-04,Friday,March,2022,9,1246.6,587,431.4,135,596.3,38,0,0,0,0,0,0,0,0,0,0,0,0,0,0,0,0,0.0,15.0,81.0,-63.0,108.0,0.0,19.0,50.0,10199.0,
2022-03-05,Saturday,March,2022,9,1783.8,859,562.6,175,591.5,37,0,0,0,0,0,0,0,0,0,0,0,0,0,0,0,0,0.0,5.0,64.0,-47.0,104.0,1.0,28.0,56.0,10212.0,
2022-03-06,Sunday,March,2022,9,1379.2,635,442.4,147,351.7,25,0,0,0,0,0,0,0,0,0,0,0,0,0,0,0,0,0.0,6.0,53.0,-55.0,56.0,4.0,32.0,56.0,10223.0,
2022-03-07,Monday,March,2022,10,599.9,272,160.8,54,203.5,15,0,0,0,0,0,0,0,0,0,0,0,0,0,0,0,0,0.0,-2.0,43.0,-37.0,100.0,2.0,38.0,54.0,10243.0,
2022-03-08,Tuesday,March,2022,10,941.8,436,238.6,78,223.0,16,0,0,0,0,0,0,0,0,0,0,0,0,0,0,0,0,0.0,14.0,86.0,-51.0,110.0,0.0,27.0,46.0,10233.0,0.0
2022-03-09,Wednesday,March,2022,10,921.4,414,278.4,90,260.7,22,0,0,0,0,0,0,0,0,0,0,0,0,0,0,0,0,0.0,24.0,117.0,-66.0,111.0,0.0,14.0,48.0,10249.0,0.0
2022-03-10,Thursday,March,2022,10,953.0,473,204.0,65,204.5,13,0,0,0,0,0,0,0,0,0,0,0,0,0,0,0,0,0.0,45.0,141.0,-49.0,112.0,0.0,26.0,47.0,10255.0,0.0
2022-03-11,Friday,March,2022,10,1262.0,604,326.6,101,461.5,29,0,0,0,0,0,0,0,0,0,0,0,0,0,0,0,0,0.0,46.0,136.0,-30.0,100.0,3.0,28.0,49.0,10201.0,0.0
2022-03-12,Saturday,March,2022,10,1745.4,803,595.2,180,700.0,43,0,0,0,0,0,0,0,0,0,0,0,0,0,0,0,0,0.0,61.0,139.0,-4.0,102.0,7.0,20.0,49.0,10198.0,0.0
2022-03-13,Sunday,March,2022,10,1471.4,635,533.4,166,115.5,9,0,0,0,0,0,0,0,0,0,0,0,0,0,0,0,0,22.0,64.0,161.0,-27.0,110.0,2.0,17.0,50.0,10169.0,0.0
2022-03-14,Monday,March,2022,11,886.2,380,251.6,78,285.4,20,0,0,0,0,0,0,0,0,0,0,0,0,0,0,0,0,0.0,88.0,147.0,42.0,87.0,6.0,30.0,61.0,10256.0,0.0
2022-03-15,Tuesday,March,2022,11,721.4,283,218.6,68,139.5,12,0,0,0,0,0,0,0,0,0,0,0,0,0,0,0,0,20.0,68.0,104.0,31.0,0.0,8.0,12.0,82.0,10262.0,0.0
2022-03-16,Wednesday,March,2022,11,785.2,338,193.0,59,338.5,21,0,0,0,0,0,0,0,0,0,0,0,0,0,0,0,0,0.0,81.0,117.0,54.0,5.0,7.0,26.0,84.0,10247.0,0.0
2022-03-17,Thursday,March,2022,11,589.6,282,180.0,57,213.5,16,0,0,0,0,0,0,0,0,0,0,0,0,0,0,0,0,21.0,74.0,104.0,42.0,0.0,8.0,20.0,81.0,10264.0,0.0
2022-03-18,Friday,March,2022,11,908.2,383,259.5,75,408.0,26,0,0,0,0,0,0,0,0,0,0,0,0,0,0,0,0,0.0,78.0,115.0,45.0,30.0,7.0,54.0,76.0,10364.0,0.0
2022-03-19,Saturday,March,2022,11,1720.6,831,584.2,170,686.0,43,0,0,0,0,0,0,0,0,0,0,0,0,0,0,0,0,0.0,55.0,115.0,15.0,86.0,2.0,53.0,64.0,10363.0,0.0
2022-03-20,Sunday,March,2022,11,1561.2,758,407.1,119,352.0,22,0,0,0,0,0,0,0,0,0,0,0,0,0,0,0,0,0.0,81.0,161.0,13.0,100.0,4.0,22.0,50.0,10293.0,0.0
2022-03-21,Monday,March,2022,12,783.5,375,203.4,65,527.9,37,0,0,0,0,0,0,0,0,0,0,0,0,0,0,0,0,0.0,75.0,158.0,-8.0,99.0,4.0,16.0,50.0,10321.0,0.0
2022-03-22,Tuesday,March,2022,12,929.6,368,195.6,63,260.6,18,0,0,0,0,0,0,0,0,0,0,0,0,0,0,0,0,0.0,73.0,168.0,-21.0,116.0,0.0,16.0,52.0,10318.0,0.0
2022-03-23,Wednesday,March,2022,12,793.6,354,209.4,65,312.0,22,0,0,0,0,0,0,0,0,0,0,0,0,0,0,0,0,0.0,85.0,179.0,-17.0,117.0,0.0,18.0,48.0,10305.0,0.0
2022-03-24,Thursday,March,2022,12,942.2,387,230.8,69,319.0,22,0,0,0,0,0,0,0,0,0,0,0,0,0,0,0,0,0.0,90.0,184.0,-9.0,117.0,0.0,16.0,46.0,10282.0,0.0
2022-03-25,Friday,March,2022,12,1032.8,453,355.0,99,507.0,36,0,0,0,0,0,0,0,0,0,0,0,0,0,0,0,0,0.0,95.0,187.0,-4.0,115.0,0.0,19.0,47.0,10272.0,0.0
2022-03-26,Saturday,March,2022,12,1951.65,821,524.85,155,607.4,43,0,0,0,0,0,0,0,0,0,0,0,0,0,0,0,0,0.0,106.0,185.0,5.0,117.0,0.0,26.0,42.0,10282.0,0.0
2022-03-27,Sunday,March,2022,12,1514.83,665,354.97,104,148.5,11,0,0,0,0,0,0,0,0,0,0,0,0,0,0,0,0,0.0,101.0,200.0,-5.0,119.0,0.0,17.0,47.0,10285.0,0.0
2022-03-28,Monday,March,2022,13,862.0,357,286.6,90,252.5,19,0,0,0,0,0,0,0,0,0,0,0,0,0,0,0,0,0.0,108.0,207.0,6.0,108.0,2.0,19.0,49.0,10230.0,0.0
2022-03-29,Tuesday,March,2022,13,798.4,333,230.8,68,425.7,28,0,0,0,0,0,0,0,0,0,0,0,0,0,0,0,0,9.0,110.0,178.0,38.0,22.0,8.0,19.0,51.0,10115.0,0.0
2022-03-30,Wednesday,March,2022,13,781.4,310,188.4,60,320.5,21,0,0,0,0,0,0,0,0,0,0,0,0,0,0,0,0,19.0,86.0,113.0,61.0,1.0,8.0,22.0,79.0,10023.0,0.0
2022-03-31,Thursday,March,2022,13,719.1,264,174.6,53,414.75,25,0,0,0,0,0,0,0,0,0,0,0,0,0,0,0,0,136.0,61.0,96.0,40.0,0.0,8.0,32.0,86.0,9967.0,0.0
2022-04-01,Friday,April,2022,13,561.2,185,209.4,60,333.0,26,0,0,0,0,0,0,0,0,0,0,0,0,0,0,0,0,57.0,15.0,40.0,-6.0,0.0,8.0,40.0,90.0,10003.0,0.0
2022-04-02,Saturday,April,2022,13,849.5,325,360.6,107,516.0,32,0,0,0,0,0,0,0,0,0,0,0,0,0,0,0,0,23.0,-6.0,-1.0,-10.0,0.0,8.0,46.0,90.0,10104.0,0.0
2022-04-03,Sunday,April,2022,13,1011.0,418,413.3,119,378.7,31,0,0,0,0,0,0,0,0,0,0,0,0,0,0,0,0,0.0,1.0,26.0,-40.0,10.0,6.0,22.0,78.0,10210.0,0.0
2022-04-04,Monday,April,2022,14,863.2,343,238.4,69,291.5,22,0,0,0,0,0,0,0,0,0,0,0,0,0,0,0,0,1.0,23.0,73.0,-48.0,91.0,4.0,35.0,65.0,10190.0,0.0
2022-04-05,Tuesday,April,2022,14,647.0,270,198.2,60,247.0,18,0,0,0,0,0,0,0,0,0,0,0,0,0,0,0,0,1.0,73.0,105.0,44.0,7.0,8.0,51.0,70.0,10119.0,0.0
2022-04-06,Wednesday,April,2022,14,758.4,313,218.6,75,367.5,20,0,0,0,0,0,0,0,0,0,0,0,0,0,0,0,0,13.0,113.0,167.0,87.0,48.0,7.0,40.0,68.0,10072.0,0.0
2022-04-07,Thursday,April,2022,14,672.7,248,258.8,78,327.0,25,0,0,0,0,0,0,0,0,0,0,0,0,0,0,0,0,31.0,106.0,144.0,85.0,12.0,7.0,70.0,71.0,9983.0,0.0
2022-04-08,Friday,April,2022,14,556.9,202,208.6,64,438.2,36,0,0,0,0,0,0,0,0,0,0,0,0,0,0,0,0,331.0,66.0,120.0,1.0,5.0,8.0,42.0,80.0,10002.0,0.0
2022-04-09,Saturday,April,2022,14,1334.6,538,541.4,162,833.5,55,0,0,0,0,0,0,0,0,0,0,0,0,0,0,0,0,0.0,38.0,86.0,3.0,65.0,5.0,50.0,73.0,10107.0,0.0
2022-04-10,Sunday,April,2022,14,1263.5,509,377.0,113,102.0,8,0,0,0,0,0,0,0,0,0,0,0,0,0,0,0,0,3.0,38.0,84.0,-5.0,37.0,6.0,22.0,74.0,10218.0,0.0
2022-04-11,Monday,April,2022,15,1030.3,413,319.8,95,618.4,43,0,0,0,0,0,0,0,0,0,0,0,0,0,0,0,0,0.0,76.0,158.0,-11.0,117.0,6.0,20.0,63.0,10185.0,0.0
2022-04-12,Tuesday,April,2022,15,952.6,354,260.8,77,262.5,21,0,0,0,0,0,0,0,0,0,0,0,0,0,0,0,0,0.0,120.0,214.0,18.0,80.0,7.0,17.0,60.0,10136.0,0.0
2022-04-13,Wednesday,April,2022,15,913.5,346,271.6,77,388.5,31,0,0,0,0,0,0,0,0,0,0,0,0,0,0,0,0,0.0,152.0,233.0,58.0,116.0,6.0,22.0,58.0,10145.0,0.0
2022-04-14,Thursday,April,2022,15,972.6,368,296.8,91,750.2,50,0,0,0,0,0,0,0,0,0,0,0,0,0,0,0,0,0.0,145.0,205.0,68.0,97.0,5.0,26.0,67.0,10186.0,0.0
2022-04-15,Friday,April,2022,15,1129.0,434,473.2,136,421.0,29,0,0,0,0,0,0,0,0,0,0,0,0,0,0,0,0,0.0,140.0,192.0,82.0,119.0,6.0,28.0,61.0,10234.0,0.0
2022-04-16,Saturday,April,2022,15,1529.1,597,517.8,156,865.3,59,0,0,0,0,0,0,0,0,0,0,0,0,0,0,0,0,0.0,88.0,138.0,30.0,58.0,4.0,40.0,60.0,10283.0,0.0
2022-04-17,Sunday,April,2022,15,859.8,329,284.0,90,366.5,23,0,0,0,0,0,0,0,0,0,0,0,0,0,0,0,0,0.0,81.0,150.0,11.0,133.0,1.0,35.0,48.0,10269.0,0.0
2022-04-18,Monday,April,2022,16,1207.1,468,338.0,107,302.5,22,0,0,0,0,0,0,0,0,0,0,0,0,0,0,0,0,0.0,90.0,160.0,-2.0,133.0,2.0,19.0,50.0,10186.0,0.0
2022-04-19,Tuesday,April,2022,16,987.9,385,231.2,73,529.4,37,0,0,0,0,0,0,0,0,0,0,0,0,0,0,0,0,0.0,100.0,169.0,13.0,125.0,3.0,25.0,51.0,10130.0,0.0
2022-04-20,Wednesday,April,2022,16,1232.8,461,310.0,94,374.5,23,0,0,0,0,0,0,0,0,0,0,0,0,0,0,0,0,0.0,87.0,146.0,23.0,135.0,2.0,35.0,50.0,10134.0,0.0
2022-04-21,Thursday,April,2022,16,1165.6,446,264.6,85,418.0,32,0,0,0,0,0,0,0,0,0,0,0,0,0,0,0,0,0.0,97.0,170.0,33.0,85.0,3.0,34.0,59.0,10094.0,0.0
2022-04-22,Friday,April,2022,16,1384.1,532,346.5,105,401.7,24,0,0,0,0,0,0,0,0,0,0,0,0,0,0,0,0,0.0,113.0,182.0,45.0,121.0,3.0,34.0,63.0,10027.0,0.0
2022-04-23,Saturday,April,2022,16,1559.9,607,489.0,143,673.2,42,0,0,0,0,0,0,0,0,0,0,0,0,0,0,0,0,120.0,103.0,144.0,50.0,4.0,5.0,42.0,73.0,10022.0,0.0
2022-04-24,Sunday,April,2022,16,760.8,302,268.9,77,247.5,19,0,0,0,0,0,0,0,0,0,0,0,0,0,0,0,0,172.0,86.0,102.0,67.0,0.0,8.0,29.0,88.0,10006.0,0.0
2022-04-25,Monday,April,2022,17,837.9,292,244.86,77,283.9,22,0,0,0,0,0,0,0,0,0,0,0,0,0,0,0,0,101.0,100.0,139.0,56.0,42.0,7.0,20.0,81.0,10094.0,0.0
2022-04-26,Tuesday,April,2022,17,761.0,292,218.2,66,156.2,10,0,0,0,0,0,0,0,0,0,0,0,0,0,0,0,0,89.0,93.0,126.0,67.0,35.0,7.0,24.0,80.0,10148.0,0.0
2022-04-27,Wednesday,April,2022,17,769.24,317,224.86,64,243.0,19,0,0,0,0,0,0,0,0,0,0,0,0,0,0,0,0,0.0,98.0,145.0,54.0,55.0,5.0,23.0,75.0,10226.0,0.0
2022-04-28,Thursday,April,2022,17,1178.8,436,353.6,101,456.5,30,0,0,0,0,0,0,0,0,0,0,0,0,0,0,0,0,0.0,116.0,181.0,28.0,138.0,1.0,22.0,61.0,10265.0,0.0
2022-04-29,Friday,April,2022,17,1088.3,437,366.2,105,412.5,23,0,0,0,0,0,0,0,0,0,0,0,0,0,0,0,0,1.0,121.0,185.0,39.0,86.0,6.0,21.0,58.0,10257.0,0.0
2022-04-30,Saturday,April,2022,17,1313.1,496,437.0,123,1082.0,50,0,0,0,0,0,0,0,0,0,0,0,0,0,0,0,0,9.0,100.0,125.0,83.0,26.0,8.0,35.0,80.0,10225.0,0.0
2022-05-01,Sunday,May,2022,17,1356.6,550,382.9,110,174.5,14,0,0,0,0,0,0,0,0,0,0,0,0,0,0,0,0,0.0,109.0,157.0,60.0,52.0,6.0,17.0,73.0,10210.0,
2022-05-02,Monday,May,2022,18,917.5,346,283.7,82,234.0,17,0,0,0,0,0,0,0,0,0,0,0,0,0,0,0,0,0.0,125.0,186.0,50.0,113.0,4.0,18.0,68.0,10166.0,
2022-05-03,Tuesday,May,2022,18,751.4,332,221.5,68,326.8,22,0,0,0,0,0,0,0,0,0,0,0,0,0,0,0,0,233.0,122.0,206.0,58.0,102.0,4.0,18.0,75.0,10146.0,
2022-05-04,Wednesday,May,2022,18,852.0,312,322.1,92,358.0,26,0,0,0,0,0,0,0,0,0,0,0,0,0,0,0,0,0.0,129.0,186.0,78.0,41.0,6.0,17.0,75.0,10163.0,
2022-05-05,Thursday,May,2022,18,887.16,337,302.3,92,319.94,21,0,0,0,0,0,0,0,0,0,0,0,0,0,0,0,0,6.0,121.0,156.0,86.0,25.0,7.0,21.0,82.0,10200.0,
2022-05-06,Friday,May,2022,18,1134.1,395,336.2,100,320.0,22,0,0,0,0,0,0,0,0,0,0,0,0,0,0,0,0,0.0,129.0,170.0,75.0,19.0,7.0,24.0,72.0,10224.0,
2022-05-07,Saturday,May,2022,18,1934.6,750,548.2,159,833.5,54,0,0,0,0,0,0,0,0,0,0,0,0,0,0,0,0,0.0,133.0,202.0,48.0,123.0,4.0,18.0,66.0,10222.0,
2022-05-08,Sunday,May,2022,18,1463.1,543,453.8,136,291.5,22,0,0,0,0,0,0,0,0,0,0,0,0,0,0,0,0,0.0,137.0,197.0,63.0,79.0,6.0,23.0,71.0,10225.0,
2022-05-09,Monday,May,2022,19,833.0,327,181.6,56,278.2,17,0,0,0,0,0,0,0,0,0,0,0,0,0,0,0,0,0.0,162.0,225.0,82.0,132.0,2.0,18.0,66.0,10235.0,
2022-05-10,Tuesday,May,2022,19,898.7,347,268.4,79,310.75,22,0,0,0,0,0,0,0,0,0,0,0,0,0,0,0,0,0.0,180.0,249.0,89.0,104.0,6.0,15.0,62.0,10204.0,
2022-05-11,Wednesday,May,2022,19,834.9,300,213.0,63,441.0,35,0,0,0,0,0,0,0,0,0,0,0,0,0,0,0,0,0.0,210.0,275.0,125.0,133.0,3.0,33.0,48.0,10153.0,
2022-05-12,Thursday,May,2022,19,921.8,355,280.2,87,270.2,19,0,0,0,0,0,0,0,0,0,0,0,0,0,0,0,0,104.0,188.0,247.0,129.0,69.0,6.0,29.0,63.0,10173.0,
2022-05-13,Friday,May,2022,19,1106.55,377,328.25,100,438.3,30,0,0,0,0,0,0,0,0,0,0,0,0,0,0,0,0,0.0,167.0,214.0,97.0,58.0,5.0,26.0,68.0,10200.0,
2022-05-14,Saturday,May,2022,19,1432.9,485,436.6,125,383.0,30,0,0,0,0,0,0,0,0,0,0,0,0,0,0,0,0,0.0,158.0,226.0,68.0,145.0,4.0,15.0,60.0,10210.0,
2022-05-15,Sunday,May,2022,19,1072.9,399,353.3,106,161.5,13,0,0,0,0,0,0,0,0,0,0,0,0,0,0,0,0,0.0,178.0,252.0,84.0,142.0,5.0,19.0,57.0,10177.0,
2022-05-16,Monday,May,2022,20,734.5,283,225.9,69,311.0,24,0,0,0,0,0,0,0,0,0,0,0,0,0,0,0,0,5.0,175.0,239.0,125.0,50.0,6.0,28.0,68.0,10180.0,
2022-05-17,Tuesday,May,2022,20,896.8,330,218.8,66,226.0,15,0,0,0,0,0,0,0,0,0,0,0,0,0,0,0,0,0.0,181.0,245.0,104.0,144.0,5.0,14.0,64.0,10210.0,
2022-05-18,Wednesday,May,2022,20,775.0,273,188.5,56,547.1,31,0,0,0,0,0,0,0,0,0,0,0,0,0,0,0,0,0.0,200.0,265.0,107.0,145.0,3.0,25.0,59.0,10214.0,
2022-05-19,Thursday,May,2022,20,862.4,305,267.6,81,190.0,16,0,0,0,0,0,0,0,0,0,0,0,0,0,0,0,0,0.0,218.0,303.0,113.0,122.0,6.0,23.0,57.0,10198.0,
2022-05-20,Friday,May,2022,20,969.6,332,269.83,82,402.52,31,0,0,0,0,0,0,0,0,0,0,0,0,0,0,0,0,0.0,232.0,316.0,149.0,109.0,5.0,32.0,58.0,10183.0,
2022-05-21,Saturday,May,2022,20,1526.8,546,471.0,136,740.9,54,0,0,0,0,0,0,0,0,0,0,0,0,0,0,0,0,0.0,172.0,225.0,98.0,134.0,4.0,37.0,57.0,10212.0,
2022-05-22,Sunday,May,2022,20,1295.8,479,390.8,119,240.5,19,0,0,0,0,0,0,0,0,0,0,0,0,0,0,0,0,88.0,169.0,250.0,79.0,112.0,5.0,14.0,61.0,10153.0,
2022-05-23,Monday,May,2022,21,781.8,260,234.9,69,373.0,26,0,0,0,0,0,0,0,0,0,0,0,0,0,0,0,0,55.0,170.0,227.0,119.0,26.0,8.0,21.0,76.0,10063.0,
2022-05-24,Tuesday,May,2022,21,1073.2,396,297.5,88,378.0,24,0,0,0,0,0,0,0,0,0,0,0,0,0,0,0,0,13.0,162.0,199.0,114.0,39.0,5.0,30.0,66.0,10076.0,
2022-05-25,Wednesday,May,2022,21,1077.7,391,288.5,86,531.0,41,0,0,0,0,0,0,0,0,0,0,0,0,0,0,0,0,0.0,158.0,210.0,106.0,84.0,4.0,19.0,58.0,10162.0,
2022-05-26,Thursday,May,2022,21,1395.95,503,442.8,127,670.65,37,0,0,0,0,0,0,0,0,0,0,0,0,0,0,0,0,0.0,151.0,196.0,90.0,72.0,4.0,32.0,64.0,10229.0,
2022-05-27,Friday,May,2022,21,1506.3,524,445.2,135,592.5,37,0,0,0,0,0,0,0,0,0,0,0,0,0,0,0,0,21.0,148.0,196.0,99.0,46.0,6.0,44.0,69.0,10219.0,
2022-05-28,Saturday,May,2022,21,1794.78,718,537.42,161,728.8,51,0,0,0,0,0,0,0,0,0,0,0,0,0,0,0,0,1.0,129.0,174.0,92.0,120.0,7.0,32.0,58.0,10198.0,
2022-05-29,Sunday,May,2022,21,1650.08,676,572.12,187,365.4,29,0,0,0,0,0,0,0,0,0,0,0,0,0,0,0,0,4.0,102.0,133.0,44.0,62.0,6.0,24.0,70.0,10133.0,
2022-05-30,Monday,May,2022,22,878.94,359,320.16,100,208.8,18,0,0,0,0,0,0,0,0,0,0,0,0,0,0,0,0,0.0,114.0,178.0,28.0,145.0,2.0,16.0,58.0,10119.0,
2022-05-31,Tuesday,May,2022,22,942.98,350,270.22,78,315.0,22,0,0,0,0,0,0,0,0,0,0,0,0,0,0,0,0,6.0,148.0,216.0,55.0,82.0,4.0,20.0,57.0,10121.0,
2022-06-01,Wednesday,June,2022,22,819.4,293,227.0,69,266.9,21,0,0,0,0,0,0,0,0,0,0,0,0,0,0,0,0,0.0,170.0,230.0,91.0,113.0,1.0,29.0,55.0,10144.0,
2022-06-02,Thursday,June,2022,22,1006.7,351,355.6,107,471.6,31,0,0,0,0,0,0,0,0,0,0,0,0,0,0,0,0,0.0,173.0,226.0,121.0,106.0,,22.0,53.0,10182.0,
2022-06-03,Friday,June,2022,22,1027.4,362,286.6,86,779.2,42,0,0,0,0,0,0,0,0,0,0,0,0,0,0,0,0,0.0,195.0,266.0,116.0,66.0,,13.0,68.0,10155.0,
2022-06-04,Saturday,June,2022,22,1358.65,491,478.25,141,541.5,42,0,0,0,0,0,0,0,0,0,0,0,0,0,0,0,0,135.0,187.0,240.0,130.0,80.0,,17.0,80.0,10171.0,
2022-06-05,Sunday,June,2022,22,1203.1,424,432.3,138,147.5,13,0,0,0,0,0,0,0,0,0,0,0,0,0,0,0,0,110.0,180.0,219.0,136.0,30.0,,30.0,83.0,10155.0,
2022-06-06,Monday,June,2022,23,1607.7,568,443.4,136,274.0,19,0,0,0,0,0,0,0,0,0,0,0,0,0,0,0,0,0.0,181.0,234.0,123.0,70.0,,28.0,68.0,10171.0,
2022-06-07,Tuesday,June,2022,23,1005.3,369,356.9,104,151.5,12,0,0,0,0,0,0,0,0,0,0,0,0,0,0,0,0,59.0,168.0,223.0,136.0,37.0,,16.0,73.0,10157.0,
2022-06-08,Wednesday,June,2022,23,870.8,348,260.0,81,430.4,30,0,0,0,0,0,0,0,0,0,0,0,0,0,0,0,0,28.0,162.0,227.0,115.0,59.0,,20.0,72.0,10112.0,
2022-06-09,Thursday,June,2022,23,947.2,346,326.1,99,494.9,33,0,0,0,0,0,0,0,0,0,0,0,0,0,0,0,0,0.0,153.0,201.0,100.0,69.0,,43.0,68.0,10146.0,
2022-06-10,Friday,June,2022,23,1106.2,450,334.17,99,393.43,28,0,0,0,0,0,0,0,0,0,0,0,0,0,0,0,0,0.0,167.0,231.0,82.0,148.0,,12.0,64.0,10229.0,
2022-06-11,Saturday,June,2022,23,1158.7,406,346.6,102,500.0,33,0,0,0,0,0,0,0,0,0,0,0,0,0,0,0,0,0.0,193.0,267.0,97.0,147.0,,14.0,60.0,10225.0,
2022-06-12,Sunday,June,2022,23,1090.7,409,323.0,95,163.5,10,0,0,0,0,0,0,0,0,0,0,0,0,0,0,0,0,92.0,213.0,283.0,120.0,131.0,,18.0,62.0,10202.0,
2022-06-13,Monday,June,2022,24,796.0,288,255.6,77,197.5,13,0,0,0,0,0,0,0,0,0,0,0,0,0,0,0,0,0.0,182.0,223.0,132.0,132.0,,34.0,59.0,10201.0,
2022-06-14,Tuesday,June,2022,24,994.8,357,260.0,82,234.2,15,0,0,0,0,0,0,0,0,0,0,0,0,0,0,0,0,0.0,179.0,245.0,95.0,144.0,,16.0,59.0,10205.0,
2022-06-15,Wednesday,June,2022,24,847.7,287,214.2,64,557.5,40,0,0,0,0,0,0,0,0,0,0,0,0,0,0,0,0,0.0,214.0,296.0,106.0,154.0,,14.0,51.0,10161.0,
2022-06-16,Thursday,June,2022,24,1110.25,387,376.45,109,347.0,25,0,0,0,0,0,0,0,0,0,0,0,0,0,0,0,0,0.0,216.0,276.0,133.0,130.0,,32.0,51.0,10175.0,
2022-06-17,Friday,June,2022,24,1142.6,409,335.4,97,591.5,39,0,0,0,0,0,0,0,0,0,0,0,0,0,0,0,0,0.0,209.0,277.0,124.0,151.0,,13.0,49.0,10230.0,
2022-06-18,Saturday,June,2022,24,1163.18,390,349.82,100,463.0,34,0,0,0,0,0,0,0,0,0,0,0,0,0,0,0,0,0.0,240.0,329.0,138.0,142.0,,14.0,53.0,10187.0,
2022-06-19,Sunday,June,2022,24,779.0,255,286.6,90,82.5,6,0,0,0,0,0,0,0,0,0,0,0,0,0,0,0,0,34.0,275.0,353.0,175.0,143.0,,28.0,44.0,10084.0,
2022-06-20,Monday,June,2022,25,758.9,281,240.8,71,542.5,36,0,0,0,0,0,0,0,0,0,0,0,0,0,0,0,0,3.0,210.0,275.0,144.0,61.0,,33.0,68.0,10108.0,
2022-06-21,Tuesday,June,2022,25,805.1,278,221.6,67,200.5,16,0,0,0,0,0,0,0,0,0,0,0,0,0,0,0,0,0.0,200.0,269.0,127.0,109.0,,23.0,61.0,10129.0,
2022-06-22,Wednesday,June,2022,25,811.4,275,292.4,88,362.7,23,0,0,0,0,0,0,0,0,0,0,0,0,0,0,0,0,0.0,201.0,226.0,172.0,2.0,,14.0,82.0,10107.0,
2022-06-23,Thursday,June,2022,25,916.9,332,290.2,87,278.0,18,0,0,0,0,0,0,0,0,0,0,0,0,0,0,0,0,48.0,227.0,295.0,151.0,138.0,,20.0,67.0,10108.0,
2022-06-24,Friday,June,2022,25,1031.1,385,409.8,127,490.3,30,0,0,0,0,0,0,0,0,0,0,0,0,0,0,0,0,111.0,185.0,254.0,145.0,65.0,,23.0,80.0,10098.0,
2022-06-25,Saturday,June,2022,25,1750.6,642,503.2,154,451.5,35,0,0,0,0,0,0,0,0,0,0,0,0,0,0,0,0,0.0,199.0,259.0,131.0,145.0,,16.0,66.0,10131.0,
2022-06-26,Sunday,June,2022,25,1451.4,479,444.5,137,307.0,23,0,0,0,0,0,0,0,0,0,0,0,0,0,0,0,0,100.0,223.0,278.0,162.0,126.0,,24.0,62.0,10130.0,
2022-06-27,Monday,June,2022,26,1038.4,368,306.8,91,285.0,23,0,0,0,0,0,0,0,0,0,0,0,0,0,0,0,0,64.0,183.0,210.0,158.0,18.0,,29.0,83.0,10158.0,
2022-06-28,Tuesday,June,2022,26,1006.65,349,368.05,109,382.0,29,0,0,0,0,0,0,0,0,0,0,0,0,0,0,0,0,0.0,189.0,232.0,142.0,40.0,,24.0,74.0,10194.0,
2022-06-29,Wednesday,June,2022,26,954.3,356,338.6,104,267.0,23,0,0,0,0,0,0,0,0,0,0,0,0,0,0,0,0,0.0,208.0,270.0,139.0,92.0,,13.0,71.0,10134.0,
2022-06-30,Thursday,June,2022,26,951.7,312,331.32,98,320.4,26,0,0,0,0,0,0,0,0,0,0,0,0,0,0,0,0,314.0,213.0,297.0,142.0,105.0,,17.0,73.0,10109.0,
2022-07-01,Friday,July,2022,26,1046.9,467,307.6,93,309.9,22,0,0,0,0,0,0,0,0,0,0,0,0,0,0,0,0,47.0,147.0,195.0,122.0,38.0,,20.0,81.0,10196.0,
2022-07-02,Saturday,July,2022,26,1584.3,616,434.6,131,600.0,48,0,0,0,0,0,0,0,0,0,0,0,0,0,0,0,0,0.0,186.0,250.0,107.0,157.0,,21.0,66.0,10215.0,
2022-07-03,Sunday,July,2022,26,1146.0,400,342.0,106,162.05,13,0,0,0,0,0,0,0,0,0,0,0,0,0,0,0,0,0.0,223.0,299.0,132.0,154.0,,19.0,56.0,10175.0,
2022-07-04,Monday,July,2022,27,941.1,323,295.8,89,257.3,22,0,0,0,0,0,0,0,0,0,0,0,0,0,0,0,0,0.0,211.0,254.0,160.0,67.0,,23.0,56.0,10181.0,
2022-07-05,Tuesday,July,2022,27,1097.0,383,346.0,104,331.5,22,0,0,0,0,0,0,0,0,0,0,0,0,0,0,0,0,0.0,204.0,263.0,130.0,147.0,,21.0,52.0,10196.0,
2022-07-06,Wednesday,July,2022,27,1108.2,396,347.5,104,430.5,29,0,0,0,0,0,0,0,0,0,0,0,0,0,0,0,0,0.0,184.0,230.0,127.0,125.0,,33.0,54.0,10223.0,
2022-07-07,Thursday,July,2022,27,1154.88,433,370.22,109,293.0,27,0,0,0,0,0,0,0,0,0,0,0,0,0,0,0,0,2.0,169.0,211.0,123.0,27.0,,43.0,63.0,10227.0,
2022-07-08,Friday,July,2022,27,1231.4,429,477.6,143,447.5,32,0,0,0,0,0,0,0,0,0,0,0,0,0,0,0,0,0.0,168.0,218.0,123.0,138.0,,30.0,54.0,10283.0,
2022-07-09,Saturday,July,2022,27,1719.7,683,520.6,159,562.0,41,0,0,0,0,0,0,0,0,0,0,0,0,0,0,0,0,0.0,183.0,251.0,95.0,105.0,,20.0,60.0,10260.0,
2022-07-10,Sunday,July,2022,27,1444.9,507,517.1,166,259.4,18,0,0,0,0,0,0,0,0,0,0,0,0,0,0,0,0,0.0,168.0,202.0,121.0,94.0,,37.0,61.0,10233.0,
2022-07-11,Monday,July,2022,28,919.1,344,306.2,89,359.0,24,0,0,0,0,0,0,0,0,0,0,0,0,0,0,0,0,0.0,179.0,236.0,128.0,66.0,,16.0,65.0,10227.0,
2022-07-12,Tuesday,July,2022,28,910.1,338,307.8,89,339.0,22,0,0,0,0,0,0,0,0,0,0,0,0,0,0,0,0,0.0,194.0,259.0,120.0,144.0,,16.0,61.0,10236.0,
2022-07-13,Wednesday,July,2022,28,853.2,314,263.2,82,318.4,22,0,0,0,0,0,0,0,0,0,0,0,0,0,0,0,0,0.0,218.0,301.0,123.0,84.0,,13.0,52.0,10219.0,
2022-07-14,Thursday,July,2022,28,981.6,358,286.9,91,371.7,23,0,0,0,0,0,0,0,0,0,0,0,0,0,0,0,0,0.0,242.0,336.0,146.0,112.0,,35.0,48.0,10164.0,
2022-07-15,Friday,July,2022,28,943.47,346,300.23,86,369.0,25,0,0,0,0,0,0,0,0,0,0,0,0,0,0,0,0,0.0,200.0,255.0,135.0,147.0,,28.0,46.0,10192.0,
2022-07-16,Saturday,July,2022,28,1736.8,687,461.4,131,723.8,47,0,0,0,0,0,0,0,0,0,0,0,0,0,0,0,0,0.0,193.0,255.0,105.0,151.0,,24.0,47.0,10215.0,
2022-07-17,Sunday,July,2022,28,1542.8,558,452.6,133,304.2,22,0,0,0,0,0,0,0,0,0,0,0,0,0,0,0,0,0.0,209.0,280.0,111.0,151.0,,17.0,45.0,10241.0,
2022-07-18,Monday,July,2022,29,701.2,239,208.6,64,471.1,30,0,0,0,0,0,0,0,0,0,0,0,0,0,0,0,0,0.0,230.0,317.0,124.0,150.0,,12.0,43.0,10224.0,
2022-07-19,Tuesday,July,2022,29,754.9,263,221.7,67,149.5,11,0,0,0,0,0,0,0,0,0,0,0,0,0,0,0,0,0.0,255.0,348.0,141.0,150.0,,24.0,40.0,10178.0,
2022-07-20,Wednesday,July,2022,29,829.92,292,293.08,86,324.0,23,0,0,0,0,0,0,0,0,0,0,0,0,0,0,0,0,104.0,246.0,351.0,160.0,96.0,,25.0,57.0,10154.0,
2022-07-21,Thursday,July,2022,29,1071.7,339,314.8,95,516.3,34,0,0,0,0,0,0,0,0,0,0,0,0,0,0,0,0,0.0,224.0,277.0,174.0,101.0,,20.0,63.0,10195.0,
2022-07-22,Friday,July,2022,29,1022.7,343,343.3,98,585.5,43,0,0,0,0,0,0,0,0,0,0,0,0,0,0,0,0,0.0,238.0,313.0,152.0,138.0,,17.0,58.0,10171.0,
2022-07-23,Saturday,July,2022,29,1618.3,566,517.7,146,666.3,52,0,0,0,0,0,0,0,0,0,0,0,0,0,0,0,0,0.0,240.0,285.0,192.0,72.0,,25.0,55.0,10165.0,
2022-07-24,Sunday,July,2022,29,1320.8,419,432.6,125,378.5,32,0,0,0,0,0,0,0,0,0,0,0,0,0,0,0,0,0.0,241.0,310.0,162.0,142.0,,12.0,58.0,10174.0,
2022-07-25,Monday,July,2022,30,2112.3,723,649.4,197,819.4,63,0,0,0,0,0,0,0,0,0,0,0,0,0,0,0,0,2.0,262.0,357.0,168.0,117.0,,33.0,51.0,10108.0,
2022-07-27,Wednesday,July,2022,30,1276.2,466,387.8,112,461.9,30,0,0,0,0,0,0,0,0,0,0,0,0,0,0,0,0,0.0,202.0,247.0,147.0,66.0,,28.0,54.0,10155.0,
2022-07-28,Thursday,July,2022,30,1092.0,394,397.9,119,507.0,37,0,0,0,0,0,0,0,0,0,0,0,0,0,0,0,0,20.0,219.0,289.0,150.0,122.0,,30.0,54.0,10137.0,
2022-07-29,Friday,July,2022,30,1392.2,501,460.9,131,371.0,28,0,0,0,0,0,0,0,0,0,0,0,0,0,0,0,0,60.0,201.0,268.0,162.0,61.0,,15.0,75.0,10146.0,
2022-07-30,Saturday,July,2022,30,1751.9,629,535.0,157,642.5,44,0,0,0,0,0,0,0,0,0,0,0,0,0,0,0,0,0.0,214.0,275.0,143.0,99.0,,32.0,53.0,10170.0,
2022-07-31,Sunday,July,2022,30,1485.2,519,462.8,139,353.5,23,0,0,0,0,0,0,0,0,0,0,0,0,0,0,0,0,0.0,224.0,303.0,133.0,70.0,,20.0,54.0,10171.0,
2022-08-01,Monday,August,2022,31,1142.5,506,337.7,100,247.3,17,0,0,0,0,0,0,0,0,0,0,0,0,0,0,0,0,132.0,216.0,272.0,164.0,66.0,,29.0,63.0,10164.0,
2022-08-02,Tuesday,August,2022,31,1118.2,390,389.2,115,287.5,23,0,0,0,0,0,0,0,0,0,0,0,0,0,0,0,0,0.0,217.0,277.0,151.0,126.0,,12.0,68.0,10175.0,
2022-08-03,Wednesday,August,2022,31,911.1,314,262.0,82,264.5,21,0,0,0,0,0,0,0,0,0,0,0,0,0,0,0,0,0.0,243.0,317.0,155.0,145.0,,12.0,59.0,10151.0,
2022-08-04,Thursday,August,2022,31,809.8,345,208.8,59,407.5,29,0,0,0,0,0,0,0,0,0,0,0,0,0,0,0,0,0.0,268.0,354.0,172.0,138.0,,13.0,51.0,10125.0,
2022-08-05,Friday,August,2022,31,1111.6,387,385.9,112,557.0,35,0,0,0,0,0,0,0,0,0,0,0,0,0,0,0,0,4.0,249.0,317.0,191.0,111.0,,39.0,55.0,10142.0,
2022-08-06,Saturday,August,2022,31,1706.7,655,581.0,166,739.0,51,0,0,0,0,0,0,0,0,0,0,0,0,0,0,0,0,0.0,197.0,240.0,147.0,82.0,,31.0,52.0,10225.0,
2022-08-07,Sunday,August,2022,31,1315.5,468,432.6,132,300.5,22,0,0,0,0,0,0,0,0,0,0,0,0,0,0,0,0,0.0,201.0,265.0,121.0,143.0,,27.0,45.0,10206.0,
2022-08-08,Monday,August,2022,32,1015.8,360,346.7,101,294.4,23,0,0,0,0,0,0,0,0,0,0,0,0,0,0,0,0,0.0,208.0,286.0,115.0,142.0,,19.0,46.0,10207.0,
2022-08-09,Tuesday,August,2022,32,1138.0,375,351.7,102,420.8,30,0,0,0,0,0,0,0,0,0,0,0,0,0,0,0,0,0.0,216.0,293.0,120.0,142.0,,27.0,45.0,10223.0,
2022-08-10,Wednesday,August,2022,32,1078.5,414,372.5,112,313.4,22,0,0,0,0,0,0,0,0,0,0,0,0,0,0,0,0,0.0,217.0,285.0,148.0,142.0,,32.0,43.0,10219.0,
2022-08-11,Thursday,August,2022,32,1994.7,685,565.5,167,593.65,48,0,0,0,0,0,0,0,0,0,0,0,0,0,0,0,0,0.0,218.0,291.0,123.0,138.0,,25.0,42.0,10193.0,
2022-08-13,Saturday,August,2022,32,1694.57,573,556.83,159,557.5,40,0,0,0,0,0,0,0,0,0,0,0,0,0,0,0,0,0.0,210.0,284.0,116.0,132.0,,21.0,47.0,10148.0,
2022-08-14,Sunday,August,2022,32,1298.6,422,382.2,113,275.0,20,0,0,0,0,0,0,0,0,0,0,0,0,0,0,0,0,0.0,229.0,311.0,124.0,119.0,,19.0,43.0,10088.0,
2022-08-15,Monday,August,2022,33,1059.8,348,292.7,85,305.5,22,0,0,0,0,0,0,0,0,0,0,0,0,0,0,0,0,,213.0,275.0,160.0,74.0,,26.0,58.0,10064.0,
2022-08-16,Tuesday,August,2022,33,958.5,308,315.2,91,304.2,25,0,0,0,0,0,0,0,0,0,0,0,0,0,0,0,0,0.0,213.0,285.0,134.0,98.0,,15.0,60.0,10095.0,
2022-08-17,Wednesday,August,2022,33,1129.2,416,335.4,101,460.0,30,0,0,0,0,0,0,0,0,0,0,0,0,0,0,0,0,8.0,220.0,282.0,151.0,56.0,,16.0,57.0,10106.0,
2022-08-18,Thursday,August,2022,33,987.7,341,337.4,98,340.9,29,0,0,0,0,0,0,0,0,0,0,0,0,0,0,0,0,1.0,211.0,264.0,169.0,56.0,,27.0,70.0,10115.0,
2022-08-19,Friday,August,2022,33,1013.3,340,347.0,105,489.45,36,0,0,0,0,0,0,0,0,0,0,0,0,0,0,0,0,28.0,192.0,212.0,179.0,2.0,,25.0,82.0,10126.0,
2022-08-20,Saturday,August,2022,33,1583.3,536,588.8,175,555.0,44,0,0,0,0,0,0,0,0,0,0,0,0,0,0,0,0,81.0,194.0,229.0,137.0,44.0,,22.0,74.0,10162.0,
2022-08-21,Sunday,August,2022,33,1429.6,514,525.0,150,219.0,17,0,0,0,0,0,0,0,0,0,0,0,0,0,0,0,0,0.0,189.0,262.0,111.0,128.0,,12.0,61.0,10162.0,
2022-08-22,Monday,August,2022,34,927.8,330,241.9,70,499.55,22,0,0,0,0,0,0,0,0,0,0,0,0,0,0,0,0,0.0,193.0,273.0,106.0,122.0,,15.0,61.0,10143.0,
2022-08-23,Tuesday,August,2022,34,929.9,346,283.6,82,285.4,21,0,0,0,0,0,0,0,0,0,0,0,0,0,0,0,0,0.0,206.0,283.0,118.0,132.0,,12.0,56.0,10161.0,
2022-08-24,Wednesday,August,2022,34,1001.5,372,306.4,89,306.0,18,0,0,0,0,0,0,0,0,0,0,0,0,0,0,0,0,0.0,210.0,295.0,127.0,130.0,,21.0,60.0,10176.0,
2022-08-25,Thursday,August,2022,34,867.6,287,299.2,88,348.4,24,0,0,0,0,0,0,0,0,0,0,0,0,0,0,0,0,0.0,222.0,294.0,143.0,126.0,,17.0,63.0,10149.0,
2022-08-26,Friday,August,2022,34,821.5,267,316.8,94,332.8,26,0,0,0,0,0,0,0,0,0,0,0,0,0,0,0,0,196.0,203.0,300.0,148.0,69.0,,21.0,74.0,10124.0,
2022-08-27,Saturday,August,2022,34,1308.4,433,454.6,142,313.5,19,0,0,0,0,0,0,0,0,0,0,0,0,0,0,0,0,18.0,186.0,205.0,160.0,2.0,,17.0,89.0,10140.0,
2022-08-28,Sunday,August,2022,34,1569.1,545,543.8,159,264.0,20,0,0,0,0,0,0,0,0,0,0,0,0,0,0,0,0,0.0,198.0,246.0,155.0,58.0,,18.0,77.0,10159.0,
2022-08-29,Monday,August,2022,35,1074.9,391,334.8,103,340.6,26,0,0,0,0,0,0,0,0,0,0,0,0,0,0,0,0,0.0,203.0,268.0,129.0,126.0,,15.0,67.0,10180.0,
2022-08-30,Tuesday,August,2022,35,1010.6,377,260.4,77,326.0,22,0,0,0,0,0,0,0,0,0,0,0,0,0,0,0,0,117.0,212.0,278.0,140.0,102.0,,20.0,62.0,10174.0,
2022-08-31,Wednesday,August,2022,35,935.4,313,293.9,85,402.2,24,0,0,0,0,0,0,0,0,0,0,0,0,0,0,0,0,37.0,169.0,212.0,126.0,16.0,,18.0,84.0,10185.0,
2022-09-01,Thursday,September,2022,35,1038.9,359,352.3,105,410.5,31,0,0,0,0,0,0,0,0,0,0,0,0,0,0,0,0,0.0,165.0,223.0,113.0,60.0,,23.0,78.0,10183.0,
2022-09-02,Friday,September,2022,35,1128.0,373,359.6,106,382.0,27,0,0,0,0,0,0,0,0,0,0,0,0,0,0,0,0,0.0,171.0,232.0,108.0,117.0,,26.0,63.0,10152.0,
2022-09-03,Saturday,September,2022,35,1515.6,531,498.4,148,418.0,28,0,0,0,0,0,0,0,0,0,0,0,0,0,0,0,0,28.0,171.0,219.0,137.0,37.0,,12.0,78.0,10129.0,
2022-09-04,Sunday,September,2022,35,1473.1,507,534.8,156,237.3,16,0,0,0,0,0,0,0,0,0,0,0,0,0,0,0,0,0.0,187.0,255.0,113.0,117.0,,11.0,74.0,10185.0,
2022-09-05,Monday,September,2022,36,917.7,330,326.2,97,334.5,27,0,0,0,0,0,0,0,0,0,0,0,0,0,0,0,0,3.0,198.0,281.0,117.0,104.0,,11.0,69.0,10198.0,
2022-09-06,Tuesday,September,2022,36,1129.3,378,285.8,89,244.2,22,0,0,0,0,0,0,0,0,0,0,0,0,0,0,0,0,0.0,207.0,271.0,145.0,81.0,,15.0,72.0,10167.0,
2022-09-07,Wednesday,September,2022,36,1074.6,382,322.3,97,246.5,17,0,0,0,0,0,0,0,0,0,0,0,0,0,0,0,0,35.0,217.0,273.0,167.0,82.0,,21.0,67.0,10134.0,
2022-09-08,Thursday,September,2022,36,1038.3,382,314.0,97,473.2,32,0,0,0,0,0,0,0,0,0,0,0,0,0,0,0,0,4.0,177.0,224.0,118.0,54.0,,28.0,74.0,10114.0,
2022-09-09,Friday,September,2022,36,901.17,320,343.26,100,219.17,20,0,0,0,0,0,0,0,0,0,0,0,0,0,0,0,0,49.0,163.0,221.0,112.0,58.0,,27.0,69.0,10137.0,
2022-09-10,Saturday,September,2022,36,1729.1,650,532.2,155,569.65,38,0,0,0,0,0,0,0,0,0,0,0,0,0,0,0,0,4.0,154.0,201.0,132.0,25.0,,35.0,78.0,10154.0,
2022-09-11,Sunday,September,2022,36,1225.3,429,486.6,146,423.0,28,0,0,0,0,0,0,0,0,0,0,0,0,0,0,0,0,0.0,160.0,206.0,106.0,38.0,,22.0,78.0,10182.0,
2022-09-12,Monday,September,2022,37,1032.7,366,355.0,108,309.0,24,0,0,0,0,0,0,0,0,0,0,0,0,0,0,0,0,0.0,161.0,241.0,82.0,122.0,,10.0,72.0,10163.0,
2022-09-13,Tuesday,September,2022,37,1049.0,378,312.5,88,376.2,22,0,0,0,0,0,0,0,0,0,0,0,0,0,0,0,0,124.0,189.0,284.0,102.0,82.0,,12.0,65.0,10112.0,
2022-09-14,Wednesday,September,2022,37,803.6,285,276.2,78,259.7,18,0,0,0,0,0,0,0,0,0,0,0,0,0,0,0,0,14.0,196.0,258.0,169.0,41.0,,30.0,82.0,10054.0,
2022-09-15,Thursday,September,2022,37,981.9,329,301.6,88,417.33,30,0,0,0,0,0,0,0,0,0,0,0,0,0,0,0,0,91.0,159.0,186.0,108.0,21.0,,31.0,85.0,10073.0,
2022-09-16,Friday,September,2022,37,964.4,377,324.9,95,523.1,35,0,0,0,0,0,0,0,0,0,0,0,0,0,0,0,0,35.0,124.0,159.0,90.0,17.0,,25.0,80.0,10112.0,
2022-09-17,Saturday,September,2022,37,1766.8,732,504.2,143,470.4,34,0,0,0,0,0,0,0,0,0,0,0,0,0,0,0,0,36.0,100.0,141.0,75.0,36.0,,49.0,80.0,10146.0,
2022-09-18,Sunday,September,2022,37,1648.9,626,561.8,168,177.0,9,0,0,0,0,0,0,0,0,0,0,0,0,0,0,0,0,12.0,108.0,142.0,80.0,16.0,,45.0,75.0,10170.0,
2022-09-19,Monday,September,2022,38,853.5,321,282.8,83,381.4,24,0,0,0,0,0,0,0,0,0,0,0,0,0,0,0,0,55.0,96.0,138.0,58.0,9.0,,35.0,84.0,10200.0,
2022-09-20,Tuesday,September,2022,38,898.86,373,259.2,75,380.94,22,0,0,0,0,0,0,0,0,0,0,0,0,0,0,0,0,0.0,100.0,150.0,43.0,40.0,,21.0,75.0,10231.0,
2022-09-21,Wednesday,September,2022,38,1176.4,425,314.5,88,355.4,26,0,0,0,0,0,0,0,0,0,0,0,0,0,0,0,0,0.0,89.0,162.0,28.0,105.0,,20.0,76.0,10254.0,
2022-09-22,Thursday,September,2022,38,1378.0,509,358.8,104,287.9,22,0,0,0,0,0,0,0,0,0,0,0,0,0,0,0,0,0.0,94.0,170.0,17.0,119.0,,19.0,72.0,10231.0,
2022-09-23,Friday,September,2022,38,1171.8,401,358.0,102,471.8,32,0,0,0,0,0,0,0,0,0,0,0,0,0,0,0,0,0.0,111.0,186.0,29.0,88.0,,12.0,75.0,10181.0,
2022-09-24,Saturday,September,2022,38,1277.7,488,436.2,121,659.0,45,0,0,0,0,0,0,0,0,0,0,0,0,0,0,0,0,44.0,121.0,154.0,84.0,2.0,,8.0,91.0,10133.0,
2022-09-25,Sunday,September,2022,38,1411.2,564,437.22,124,310.28,22,0,0,0,0,0,0,0,0,0,0,0,0,0,0,0,0,39.0,121.0,151.0,100.0,4.0,,21.0,88.0,10123.0,
2022-09-26,Monday,September,2022,39,882.0,338,325.0,89,175.4,16,0,0,0,0,0,0,0,0,0,0,0,0,0,0,0,0,33.0,113.0,159.0,67.0,36.0,,28.0,78.0,10082.0,
2022-09-27,Tuesday,September,2022,39,817.1,327,265.4,74,300.5,20,0,0,0,0,0,0,0,0,0,0,0,0,0,0,0,0,59.0,94.0,125.0,68.0,27.0,,43.0,81.0,10012.0,
2022-09-28,Wednesday,September,2022,39,847.2,373,259.4,74,442.5,33,0,0,0,0,0,0,0,0,0,0,0,0,0,0,0,0,10.0,93.0,120.0,56.0,4.0,,26.0,83.0,9995.0,
2022-09-29,Thursday,September,2022,39,954.0,378,291.7,85,270.0,15,0,0,0,0,0,0,0,0,0,0,0,0,0,0,0,0,0.0,90.0,135.0,44.0,11.0,,10.0,81.0,10030.0,
2022-09-30,Friday,September,2022,39,1192.2,433,348.8,100,378.2,26,0,0,0,0,0,0,0,0,0,0,0,0,0,0,0,0,0.0,95.0,158.0,54.0,78.0,,11.0,81.0,10108.0,
2022-10-01,Saturday,October,2022,39,1559.7,596,504.0,143,470.5,36,0,0,0,0,0,0,0,0,0,0,0,0,0,0,0,0,,108.0,147.0,53.0,4.0,,28.0,83.0,10137.0,0.0
2022-10-02,Sunday,October,2022,39,1213.1,434,496.6,144,335.5,21,0,0,0,0,0,0,0,0,0,0,0,0,0,0,0,0,,126.0,181.0,103.0,2.0,,20.0,92.0,10200.0,0.0
2022-10-03,Monday,October,2022,40,1524.6,735,496.0,145,204.7,15,0,0,0,0,0,0,0,0,0,0,0,0,0,0,0,0,,104.0,154.0,52.0,42.0,,16.0,85.0,10265.0,0.0
2022-10-04,Tuesday,October,2022,40,917.6,306,255.4,73,311.2,22,0,0,0,0,0,0,0,0,0,0,0,0,0,0,0,0,,98.0,180.0,33.0,80.0,,10.0,87.0,10238.0,0.0
2022-10-05,Wednesday,October,2022,40,970.5,359,295.6,85,442.5,34,0,0,0,0,0,0,0,0,0,0,0,0,0,0,0,0,,145.0,238.0,49.0,110.0,,19.0,72.0,10216.0,0.0
2022-10-06,Thursday,October,2022,40,881.9,351,255.0,74,571.35,37,0,0,0,0,0,0,0,0,0,0,0,0,0,0,0,0,,141.0,179.0,92.0,24.0,,16.0,75.0,10285.0,0.0
2022-10-07,Friday,October,2022,40,1245.6,432,419.0,122,389.5,26,0,0,0,0,0,0,0,0,0,0,0,0,0,0,0,0,,141.0,180.0,112.0,98.0,,13.0,83.0,10248.0,0.0
2022-10-08,Saturday,October,2022,40,1888.2,721,609.8,173,544.5,38,0,0,0,0,0,0,0,0,0,0,0,0,0,0,0,0,,129.0,171.0,59.0,64.0,,24.0,78.0,10214.0,0.0
2022-10-09,Sunday,October,2022,40,1482.9,542,558.2,156,241.4,17,0,0,0,0,0,0,0,0,0,0,0,0,0,0,0,0,,102.0,158.0,38.0,103.0,,25.0,82.0,10229.0,0.0
2022-10-10,Monday,October,2022,41,1029.7,378,377.8,107,282.7,20,0,0,0,0,0,0,0,0,0,0,0,0,0,0,0,0,,141.0,213.0,86.0,39.0,,13.0,83.0,10180.0,0.0
2022-10-11,Tuesday,October,2022,41,870.7,302,267.6,76,339.7,21,0,0,0,0,0,0,0,0,0,0,0,0,0,0,0,0,,131.0,155.0,101.0,4.0,,19.0,90.0,10233.0,0.0
2022-10-12,Wednesday,October,2022,41,1005.4,433,327.6,93,309.75,19,0,0,0,0,0,0,0,0,0,0,0,0,0,0,0,0,,124.0,162.0,86.0,22.0,,10.0,89.0,10233.0,0.0
2022-10-13,Thursday,October,2022,41,981.8,384,281.6,79,267.5,16,0,0,0,0,0,0,0,0,0,0,0,0,0,0,0,0,,131.0,169.0,93.0,12.0,,14.0,87.0,10206.0,0.0
2022-10-14,Friday,October,2022,41,1140.8,448,374.12,104,258.78,20,0,0,0,0,0,0,0,0,0,0,0,0,0,0,0,0,,138.0,170.0,111.0,0.0,,15.0,89.0,10158.0,0.0
2022-10-15,Saturday,October,2022,41,1590.0,663,524.2,142,939.9,57,0,0,0,0,0,0,0,0,0,0,0,0,0,0,0,0,,159.0,186.0,138.0,12.0,,31.0,84.0,10109.0,0.0
2022-10-16,Sunday,October,2022,41,1625.7,621,529.4,142,266.5,23,0,0,0,0,0,0,0,0,0,0,0,0,0,0,0,0,,165.0,234.0,115.0,49.0,,10.0,81.0,10168.0,0.0
2022-10-17,Monday,October,2022,42,1114.5,476,326.8,92,307.7,20,0,0,0,0,0,0,0,0,0,0,0,0,0,0,0,0,,157.0,248.0,85.0,100.0,,14.0,80.0,10236.0,0.0
2022-10-18,Tuesday,October,2022,42,1026.0,342,283.6,79,309.4,20,0,0,0,0,0,0,0,0,0,0,0,0,0,0,0,0,,155.0,220.0,104.0,34.0,,17.0,84.0,10263.0,0.0
2022-10-19,Wednesday,October,2022,42,999.1,378,292.0,75,221.0,21,0,0,0,0,0,0,0,0,0,0,0,0,0,0,0,0,,130.0,162.0,90.0,0.0,,13.0,93.0,10245.0,0.0
2022-10-20,Thursday,October,2022,42,993.3,389,362.0,101,403.0,26,0,0,0,0,0,0,0,0,0,0,0,0,0,0,0,0,,124.0,164.0,70.0,20.0,,11.0,92.0,10175.0,0.0
2022-10-21,Friday,October,2022,42,1006.9,379,334.7,89,538.9,35,0,0,0,0,0,0,0,0,0,0,0,0,0,0,0,0,,144.0,174.0,110.0,2.0,,18.0,90.0,10128.0,0.0
2022-10-22,Saturday,October,2022,42,2310.6,833,618.2,175,689.2,51,0,0,0,0,0,0,0,0,0,0,0,0,0,0,0,0,,144.0,204.0,90.0,72.0,,18.0,80.0,10163.0,0.0
2022-10-23,Sunday,October,2022,42,1966.1,745,554.4,157,193.3,17,0,0,0,0,0,0,0,0,0,0,0,0,0,0,0,0,,146.0,205.0,71.0,50.0,,14.0,81.0,10147.0,0.0
2022-10-24,Monday,October,2022,43,822.8,325,273.6,78,338.0,21,0,0,0,0,0,0,0,0,0,0,0,0,0,0,0,0,,148.0,182.0,83.0,11.0,,22.0,80.0,10139.0,0.0
2022-10-25,Tuesday,October,2022,43,1191.8,429,347.1,100,560.0,35,0,0,0,0,0,0,0,0,0,0,0,0,0,0,0,0,,127.0,185.0,79.0,94.0,,16.0,83.0,10190.0,0.0
2022-10-26,Wednesday,October,2022,43,1052.5,387,288.6,79,260.5,19,0,0,0,0,0,0,0,0,0,0,0,0,0,0,0,0,,143.0,208.0,93.0,36.0,,17.0,82.0,10194.0,0.0
2022-10-27,Thursday,October,2022,43,1154.0,441,399.3,119,422.5,30,0,0,0,0,0,0,0,0,0,0,0,0,0,0,0,0,,133.0,217.0,57.0,90.0,,9.0,84.0,10251.0,0.0
2022-10-28,Friday,October,2022,43,1192.3,460,389.8,106,584.0,42,0,0,0,0,0,0,0,0,0,0,0,0,0,0,0,0,,145.0,227.0,94.0,19.0,,9.0,86.0,10240.0,0.0
2022-10-29,Saturday,October,2022,43,1902.8,731,677.4,186,808.55,47,0,0,0,0,0,0,0,0,0,0,0,0,0,0,0,0,,152.0,227.0,93.0,73.0,,9.0,84.0,10229.0,0.0
2022-10-30,Sunday,October,2022,43,1745.3,622,639.9,176,340.2,26,0,0,0,0,0,0,0,0,0,0,0,0,0,0,0,0,,140.0,219.0,83.0,78.0,,8.0,86.0,10206.0,0.0
2022-10-31,Monday,October,2022,44,1429.8,558,501.6,144,664.9,45,0,0,0,0,0,0,0,0,0,0,0,0,0,0,0,0,,109.0,174.0,61.0,37.0,,7.0,91.0,10199.0,0.0
2022-11-01,Tuesday,November,2022,44,1643.3,591,580.6,163,282.2,17,0,0,0,0,0,0,0,0,0,0,0,0,0,0,0,0,,,,,,,,,,
2022-11-02,Wednesday,November,2022,44,1053.8,373,330.6,92,380.1,27,0,0,0,0,0,0,0,0,0,0,0,0,0,0,0,0,,,,,,,,,,
2022-11-03,Thursday,November,2022,44,1086.6,446,319.6,95,365.5,24,0,0,0,0,0,0,0,0,0,0,0,0,0,0,0,0,,,,,,,,,,
2022-11-04,Friday,November,2022,44,1162.8,412,357.6,100,387.5,23,0,0,0,0,0,0,0,0,0,0,0,0,0,0,0,0,,,,,,,,,,
2022-11-05,Saturday,November,2022,44,1740.8,621,593.3,163,930.5,58,0,0,0,0,0,0,0,0,0,0,0,0,0,0,0,0,,,,,,,,,,
2022-11-06,Sunday,November,2022,44,1424.7,559,482.0,132,217.06,19,0,0,0,0,0,0,0,0,0,0,0,0,0,0,0,0,,,,,,,,,,
2022-11-07,Monday,November,2022,45,1035.1,342,272.2,78,255.0,19,0,0,0,0,0,0,0,0,0,0,0,0,0,0,0,0,,,,,,,,,,
2022-11-08,Tuesday,November,2022,45,894.3,336,284.0,81,286.6,21,0,0,0,0,0,0,0,0,0,0,0,0,0,0,0,0,,,,,,,,,,
2022-11-09,Wednesday,November,2022,45,796.7,264,202.4,58,274.5,19,0,0,0,0,0,0,0,0,0,0,0,0,0,0,0,0,,,,,,,,,,
2022-11-10,Thursday,November,2022,45,914.1,342,270.5,80,465.0,25,0,0,0,0,0,0,0,0,0,0,0,0,0,0,0,0,,,,,,,,,,
2022-11-11,Friday,November,2022,45,1141.0,362,412.6,119,450.6,30,0,0,0,0,0,0,0,0,0,0,0,0,0,0,0,0,,,,,,,,,,
2022-11-12,Saturday,November,2022,45,1906.2,663,683.2,193,1107.8,79,0,0,0,0,0,0,0,0,0,0,0,0,0,0,0,0,,,,,,,,,,
2022-11-13,Sunday,November,2022,45,1768.6,627,589.5,171,307.06,23,0,0,0,0,0,0,0,0,0,0,0,0,0,0,0,0,,,,,,,,,,
2022-11-14,Monday,November,2022,46,764.4,248,284.6,80,330.9,21,0,0,0,0,0,0,0,0,0,0,0,0,0,0,0,0,,,,,,,,,,
2022-11-15,Tuesday,November,2022,46,796.5,287,284.2,83,255.2,16,0,0,0,0,0,0,0,0,0,0,0,0,0,0,0,0,,,,,,,,,,
2022-11-16,Wednesday,November,2022,46,905.9,337,280.0,80,317.4,19,0,0,0,0,0,0,0,0,0,0,0,0,0,0,0,0,,,,,,,,,,
2022-11-17,Thursday,November,2022,46,902.5,351,282.5,86,378.18,36,0,0,0,0,0,0,0,0,0,0,0,0,0,0,0,0,,,,,,,,,,
2022-11-18,Friday,November,2022,46,911.2,371,347.7,100,863.5,40,0,0,0,0,0,0,0,0,0,0,0,0,0,0,0,0,,,,,,,,,,
2022-11-19,Saturday,November,2022,46,1794.4,582,585.2,161,664.9,45,0,0,0,0,0,0,0,0,0,0,0,0,0,0,0,0,,,,,,,,,,
2022-11-20,Sunday,November,2022,46,1340.7,517,557.9,160,285.5,23,0,0,0,0,0,0,0,0,0,0,0,0,0,0,0,0,,,,,,,,,,
2022-11-21,Monday,November,2022,47,787.9,329,289.2,79,293.4,18,0,0,0,0,0,0,0,0,0,0,0,0,0,0,0,0,,,,,,,,,,
2022-11-22,Tuesday,November,2022,47,783.2,332,262.4,78,497.45,31,0,0,0,0,0,0,0,0,0,0,0,0,0,0,0,0,,,,,,,,,,
2022-11-23,Wednesday,November,2022,47,953.1,830,369.4,109,416.3,29,0,0,0,0,0,0,0,0,0,0,0,0,0,0,0,0,,,,,,,,,,
2022-11-24,Thursday,November,2022,47,965.9,324,261.0,78,470.3,32,0,0,0,0,0,0,0,0,0,0,0,0,0,0,0,0,,,,,,,,,,
2022-11-25,Friday,November,2022,47,914.5,306,407.7,115,399.6,27,0,0,0,0,0,0,0,0,0,0,0,0,0,0,0,0,,,,,,,,,,
2022-11-26,Saturday,November,2022,47,1826.4,691,548.0,164,762.4,45,0,0,0,0,0,0,0,0,0,0,0,0,0,0,0,0,,,,,,,,,,
2022-11-27,Sunday,November,2022,47,1193.3,431,457.6,134,211.7,15,0,0,0,0,0,0,0,0,0,0,0,0,0,0,0,0,,,,,,,,,,
2022-11-28,Monday,November,2022,48,796.2,281,163.9,49,347.0,29,0,0,0,0,0,0,0,0,0,0,0,0,0,0,0,0,,,,,,,,,,
2022-11-29,Tuesday,November,2022,48,661.5,221,189.4,55,433.5,30,0,0,0,0,0,0,0,0,0,0,0,0,0,0,0,0,,,,,,,,,,
2022-11-30,Wednesday,November,2022,48,896.4,321,238.6,68,574.9,33,0,0,0,0,0,0,0,0,0,0,0,0,0,0,0,0,,,,,,,,,,
2022-12-01,Thursday,December,2022,48,775.5,276,186.4,56,497.2,33,0,0,0,0,0,0,0,0,0,0,0,0,0,0,0,0,,,,,,,,,,
2022-12-02,Friday,December,2022,48,847.1,322,271.2,78,412.2,29,0,0,0,0,0,0,0,0,0,0,0,0,0,0,0,0,,,,,,,,,,
2022-12-03,Saturday,December,2022,48,1580.3,547,472.0,134,1386.0,89,0,0,0,0,0,0,0,0,0,0,0,0,0,0,0,0,,,,,,,,,,
2022-12-04,Sunday,December,2022,48,1312.5,439,322.2,91,424.5,28,0,0,0,0,0,0,0,0,0,0,0,0,0,0,0,0,,,,,,,,,,
2022-12-05,Monday,December,2022,49,695.3,232,194.1,55,415.1,33,0,0,0,0,0,0,0,0,0,0,0,0,0,0,0,0,,,,,,,,,,
2022-12-06,Tuesday,December,2022,49,594.3,210,202.6,59,341.0,25,0,0,0,0,0,0,0,0,0,0,0,0,0,0,0,0,,,,,,,,,,
2022-12-07,Wednesday,December,2022,49,755.0,276,233.2,65,399.2,31,0,0,0,0,0,0,0,0,0,0,0,0,0,0,0,0,,,,,,,,,,
2022-12-08,Thursday,December,2022,49,972.9,395,300.3,87,597.5,39,0,0,0,0,0,0,0,0,0,0,0,0,0,0,0,0,,,,,,,,,,
2022-12-09,Friday,December,2022,49,989.5,337,348.4,101,424.5,25,0,0,0,0,0,0,0,0,0,0,0,0,0,0,0,0,,,,,,,,,,
2022-12-10,Saturday,December,2022,49,1675.7,576,429.4,120,1254.0,86,0,0,0,0,0,0,0,0,0,0,0,0,0,0,0,0,,,,,,,,,,
2022-12-11,Sunday,December,2022,49,1570.7,556,427.2,122,512.0,34,0,0,0,0,0,0,0,0,0,0,0,0,0,0,0,0,,,,,,,,,,
2022-12-12,Monday,December,2022,50,914.3,382,255.4,73,473.25,35,0,0,0,0,0,0,0,0,0,0,0,0,0,0,0,0,,,,,,,,,,
2022-12-13,Tuesday,December,2022,50,713.0,245,183.4,53,445.2,32,0,0,0,0,0,0,0,0,0,0,0,0,0,0,0,0,,,,,,,,,,
2022-12-14,Wednesday,December,2022,50,666.1,253,183.8,52,669.1,39,0,0,0,0,0,0,0,0,0,0,0,0,0,0,0,0,,,,,,,,,,
2022-12-15,Thursday,December,2022,50,655.0,220,231.9,70,981.5,63,0,0,0,0,0,0,0,0,0,0,0,0,0,0,0,0,,,,,,,,,,
2022-12-16,Friday,December,2022,50,1003.4,314,369.9,105,891.0,64,0,0,0,0,0,0,0,0,0,0,0,0,0,0,0,0,,,,,,,,,,
